input,output
Summary ka first page Aur mujhe mere idol ka speech nahi mil raha to uska koi talk chalega ?,it has that and dont copy everything speech
Haa baba He doesn't have any speech Wait I'll send you,change your idol maybe
https://youtu.be/DUS0RNYjn8U,yaa i think thats fine
okk then ill do that Thansks,You have assign 4?
Naa Kartikey has He's not picking up phone,yaa well if he doesnt send will have to write during college lets finish everything else
Haaa,you done with 06?
I haven't even started Anything,what were you doing?
Cp I'll complete tomorrow morning,cp?
Programming,practice/
Haa,*?
Haa,i see
Or wait I'll do it and send you the answers See,355-a 356-d 357-a 358-b 359-c 360-d According to me The shadow part is complete metaphor to the world we see mere shadow to the reality we can't see Woah that's poetic
Yaaaaa Temporal means worldly that isn't spritual,So c?
Ya maybe,Just write the whole thing. We can tick what's right tomorrow
Haaa bhaii interviev aise thodi likhte hai,Skr said to write what you liked The guy was just saying yes and hmm mm Wasn't even asking anything
are the format,??
It should be like this,Ghalat he vo We have attentiveness And not criticism
acha thikk hai but the format,Yaa i forgot....
now what,Idk f sir said it's wrong will have to write again
haa,"Good evening everyone, I stand before you today to speak about one of the most common emotions experienced by humans, fear. Fear can hold us back from achieving our goals, making decisions, and living life to its fullest potential. But, it doesn't have to be this way. With the right mindset and tools, we can overcome our fears and live a life free of limitations. The first step towards overcoming fear is to identify the root cause of it. By understanding what triggers our fears, we can begin to work towards addressing them. Once we have identified our fears, we can then start to take small steps to overcome them. One powerful technique to overcome fear is to face it head-on. We must not allow our fears to control us. Instead, we need to confront them directly, even if it is uncomfortable. By pushing ourselves out of our comfort zones, we can slowly but surely diminish our fears. Another effective technique is to shift our focus from our fears to our desired outcome. Visualizing success can help to boost our confidence and inspire us to keep pushing forward. We need to replace our negative self-talk with positive affirmations and remind ourselves of our strengths and capabilities. It is important to understand that overcoming fear is not a one-time event. We must constantly work on ourselves and continue to push ourselves out of our comfort zones. It is through this continuous effort that we can slowly but surely conquer our fears. Additionally, seeking support from others can help us overcome our fears. Surrounding ourselves with positive and supportive people who believe in us can make all the difference. Talking about our fears with someone we trust can help us gain a fresh perspective and feel less alone in our struggles. In conclusion, fear is a natural emotion, but it should not limit our potential. By identifying our fears, facing them head-on, visualizing success, continuously working on ourselves, and seeking support from others, we can overcome our fears and live a life full of happiness and fulfillment. Remember, the only thing holding us back from our dreams is fear itself. Thank you."
Where did it all go wronge im sitting with you tomorrow for cp,😂😂
"#include<stdio.h> int main() { int i,j,a[20][20],m,temp; printf(""enter the order of the matrix:""); scanf(""%d"",&m); for(i=0;i<=(m-1);i++) { for(j=0;j<=(m-1);j++) { printf(""enter a value:""); scanf(""%d"",&a[i][j]); } } printf(""the original matrix""); for(i=0;i<=(m-1);i++) { for(j=0;j<=(m-1);j++) { printf(""%d\t"",a[i][j]); } printf(""\n""); } for(i=0;i<=(m-1);i++) { for(j=0;j<=(m-1);j++) { temp=a[i][j]; a[i][j]=a[j][i]; a[j][i]=temp; } } printf(""\nTranspose of the original matrix is\n""); for(i=0;1<=(m-1);i++) { for(j=0;j<=(m-1);j++) { printf(""%d\t"",a[i][j]); } printf(""\n""); } } copy paste and try",i know the error
where is it,this is what you wrote: wait for(i=0;i<=(m-1);i++) { for(j=0;j<=i;j++) { temp=a[i][j]; a[i][j]=a[j][i]; a[j][i]=temp; } } you have to only execute this in lower triangle not the whole matrix or you are just replacing i with j and then j with i
haa i got the transpose,nice
But,why so many extra values
thats what how did it came https://discord.gg/vqBYv54h,idk om send me the link
Join It's for notes and doubts Kartikey is also there,I see Tho it will mostly be about useless things Why discord of all things?
Naa we made a specific study group See how many options they have,if you wanna do CP practice from start i am doing it rn
You go on ahead I'm outside,nahi ahh raha kya?
Haha i got up now,😅 sir was talking about you
What What did he say ?,upar per karke soya hoga jandu
😭😭😭 Aur kuch ?,naa thats all
Okk good https://muquestionpapers.com/,Haven't got chemistry paper Will send all the links except it now
Okk,Maths Physics EG CP
Bass na,PCE EC baki he
Ha wo mai bhejta hu rukk,5min me vo bhi bhejtahu 👍👍
Class is from 1.30 to 6.30 na,Ho barubar Thanks No it's from 2 to 7
"Okk #include <stdio.h> #include <string.h> #define maxsize 100 //maximum string size will remain constant void main() { char str[maxsize]; int j,len,vowel,consonent; printf(""enter a string:""); gets(str); vowel=0; consonent=0; len=strlen(str); for(j=0;j<len;j++) { if((str[j]>='a'&& str[j]>='z')||(str[j]>='A'&&str[j]>='Z')) { switch(str[j]) { case 'a': case 'e': case 'i': case 'o': case 'u': case 'A': case 'E': case 'I': case 'O': case 'U': vowel++; break; default: consonent++; } } } printf(""Total number of vowels are =%d \n"",vowel); printf(""Total number of consonents are =%d \n"",consonent); } #include <stdio.h> int main() { int i, j, n; printf(""Enter the limit: ""); scanf(""%d"", &n); printf(""The prime numbers are: ""); for(i=2; i<=n; i++) { int is_prime = 1; for(j=2; j<i; j++) { if(i % j == 0) { is_prime = 0; break; } } if(is_prime == 1) { printf(""%d "", i); } } return 0; } check this code once",What's int is_prime=1?
are we usually take 2  na,What do we take 2?
a variableto find thr prime number,Do you mean the number we divide with? You are getting right output so it's good
haaa,But like let's say i put limit as 3 According to your code the only numbers which are prime are 2 It won't consider 3
ha it wont,Wait it will consider it my bad
its supposed to be less or equal to right,Both are fine as you print i
i guess,devansh puch le kkuch to assignments se
Aa gaya mujhe Wohi kar raha yu Hu,no hard sum?
Second wala maybe Ask na,tu puch le muje pata nahi
Ye wala ask,not that hard let it be
Ha,https://youtu.be/VL3W1DcE_00 joint nahi karne wala kya?
Ha Kiya,video chalu kar devansh
Kyu ? Mai khaa raha hu Bhook lagi hai,chalega
Karna kya hai ?,kuch nahi. subko bulana he
Okk,bihat late  hogaya
Bohot,starrail ka story kesa he?
Story acha hai But star rail mai power change karne koi specific tower ke paas nahi jana padhta Kidher bhi change kar sakta hai fia character menu,would you recommende it ?
Yaaa It's good,and i see *i see will give it a try then
Yepp,Hopefully it's not the same as genshin
It has a train you know Does genshin have a train ?,🫨 A train?
Yea a train 😂😂😂 Abhi aaya 😭😭😭😭,ha
Naseeb kharab,Kyu kya hua?
class hua,??
Class,Haa joint Kiya he mene devansh screen share kar..
"Tu karna #include <stdio.h> #include <math.h> int main() { int number, originalNumber, remainder, result = 0, n = 0; printf(""Enter an integer: ""); scanf(""%d"", &number); originalNumber = number; // count the number of digits while (originalNumber != 0) { originalNumber /= 10; ++n; } originalNumber = number; // compute the result while (originalNumber != 0) { remainder = originalNumber % 10; result += pow(remainder, n); originalNumber /= 10; } if (result == number) printf(""%d is an Armstrong number."", number); else printf(""%d is not an Armstrong number."", number); return 0; }",function use karnepar kitna easy hu jata he ye first time marks thekte time mene 48 count kiya😅😂
Likha kitna tha ? Maine to adhe ghante Mai 25 ka likha fir kantala aaya,Are 48 marks ka lika laga muzu
Okk,Woah But the total was actually 41
Okk,Not 48.
Maine 5 codes likhe Theory likhta to 40 takk chala jata,But that guy with 56 was really fast ngl
Are usne sirf attempt karke chod Diya rahega Itna kaise likh sakta hai,Ha agar tu sub code likhata to it's around 35 Maybe I mean codes we know
Haa,After that it's theory
Ha I skipped the theory,Haa theory was pretty easy some of them Like in Q1 And then in last question to write flowchar and algorithms Wait so we have bronya and himeko so we are also gonna get mei and keina?
We don't have mei and keina yet Kiana,Maybe we will get them later I hope my first 5syar is bronya
Mine was gerard Then gerard Gepard sorry Then seele,How is he? Ngl the random interactions are refreshing.
Haa Especially the trashcan,What trashcan?
You haven't reached the underworld yet na You'll see,their is a underworld?
Where are you currently?,I completed the simulated world second beta test
Ohh so you haven't landed on the planet yet,their is a planet? 😅😅
Ahhh so you don't know anything,how come you spoiled two things in 3 sentences? 😂😂
We are on a space ship how will the whole game revolve around one space ship I wonder Now don't tell me you don't know that we are on a space ship,it can revolve arond a single spaceship. their are alot of games likke that
"Ya but this isn't a small game It's an ""open world"" game",naa i know we aare on a spaceship of the 83th genius
Ya herta,yaa i liked her character for battles. pretty handy
Ya she is Cryo damage Aoe,tho the mc's ultimate is realy cool yaa
He just swings an overpowered baseball bat Which has lights on it,still cool
If you think that's cool the. You haven't seen seeles ultimate,I have seen hers It's alot of slashes with her images right?
It's just too cool,Their is no character archive?
I didn't see any Didn't we have class at 5.30,yaabut no password yet
Yaa,i hope we get one or else how can we check chaarcters we dont have
Haaa,maybe joint at 5.45? will do revision till then
Haa I hope we don't get one,hahhaha why?
I don't want to study today,😅 not feeling well?
Naaa I'm good Lazy,even if we are two lectures behind?
He will cover it up,yaa thats why they said tooday 2 cp lectures
He can do one later,better do it now. its better to have holiday on monday and wednesday
Ha i guess,and also on saturday
That is today,i mean for next weekk
Thsi week,😅😅
Hey should we ask sir about our project?,sure lets ask what can be wrong tomorrow
Haaa,tho sir just leave as soon as lecture is done and start as soon as they come
Haa Let's see,Dan Heng just pulls out a domain expansion like it's normal
You are playing rn ? 😭😂😂 Chote kapdo mai Karan Johar 😭😭😭,No ofcnot
😂😂😂,paka turun turun turun huga
😂😂😂😂,paka
Tune bola wohi maine bola sir ko,pata he
😂,spoiler?
Naa It's from the novel I'm reading,to? cool picture?
Ha,ohh cool
You want a spoiler ?,Naa i am good After a long time a story is looking little bit interactive and interesting For a game
Yaa okk There are like 20 maps,i see
ha 😂😂 Aaj sirf eg hai na,Devansh vo bhaiya ko ake bar puch le Project ke bareme
Pucha Maine Kal hi wo hole ki msg karenge,thikk he
Abhi class tha na ?,ha lekkin no password
Ha,Still no password
No lecture i guess,Maybe..sir was in pretty bad shape yesterday...
Haa i know,We have character archives But it's on the express
Ohok He said terrifying.... TWICE,The MC sure is a weird person Maybe can't put into words
Yaa,What's your level? The AR in this game?
22,Woah that's alot higher than mine
Yours ?,13 currently
My 4 characters are lvl 40 And light ones of those 30 Well that's good,Mine are 20 20 18 18. The MC then March 14 the spaceship owner and Dan hang was his name?
Welt ? And it's March 7th,No the spaceship genius
Herta,First map
It's a she,Yaa herta Yaa i said spaceship owner...😅 Oh 😂😂
You said his !,?? I said spaceship owner?
! His name ?,"Yaa it was for the fourth person ""Dan hang was his name?"""
Ohkk,Yaa
I replaced herta with serval,Why? She better? Or type advantage?
Yaa Type advantage Serval is electro We already have a crypto march Cryo,I see Tho i liked her follow up
And seele quantum and mc Physical Yaa the donut,Yaa just break and free dmg
Yaa,What is her follow.up?
She doesn't have a follow up,Hmm so she is only for break huh
Ha,Well i will wait till i pull my 5* as i don't wanna waste my investment in herta for now
Ya then seele and mc does the main damage Yaa wait for now,Wait why? Isn't seele featured 5*? Still mc same?
I got 3 5*s in 2 days of starting playing,😅 That's quite the luck
Ya i know,I am currently not interested in pulling so i have only pulled asta as per tutorial
Seeles follow up is amazing like you get an extra turn if you kill the enemy But mc does less damage then her but more than other two,Oh yaa i saw that in trial. Ngl it is gonna be really fun killer after we build her and keep spawn killing mobs
Yaa,Btw i unlocked add friends
Like i can have 4 seele turns in a row And that will count as 1 turn,Funny Clear the wave in 1turn
Yaa that's what I do,Imagine whales doing that Currently just because of that she would be the strongest
I have seen videos of millions of damage Yaa,How long the game has been out?
I might've unlocked i didn't check,Ofc u have unlocked it. You are ahead of me
10 12 days My Max damage is 1000 something,And million dmg? The game dmg spike is gonna increase drastically.
Yaa i guess,Might go higher than genshin
Ofc seele,Ofc
Might not ofc they are all whales,I might become MC main 😂😂 I liked that ult too much
Waste money in the beginning then stale later Male or female ?,Naa in genshin too it is idt possible doing million when game started. No one was there Female one. Is male one different?
Yaa male is different At that time no one knew genshin But everyone knows star rail because of genshin,It does same but female one looks way cooler
Then should give is a free 5 star in genshin for playing star rail The animation of male and female is different,Idt it matters. At the start their was no way PPL would have farmed artifact so efficiently to do million dmg in 12days 😂😂 yaa really
Well i sure saw yanqing doing a million,Yaa did you saw diluc doing million during early genshin? Or kequing? They upgraded the artifact system with 2pc and 4pc so their is gonna be dmg spike more than genshin Same as honkai and genshin.
Yaa,Tho i hope they change rng alittoe to be player friendly Or else it's just ptsd
It's 2pc 4pc and then again 2pc PTSD ?,Just a exaggeration of how painfullrng is for artifact in genshin
Yaaa Especially crimson witch Tomorrow we have college till 3 only,Yaa no cp Will do some EG now See yah tomorrow
Yaa see ya,UID:808544021
What's your name ? It's not showing up,HaKiya Which region? Don't tell me you don't play on adia 60 means not Asia Asia from 80 😂😂
Oh I'm on American,Why?
It suggested me American and i started the game I forgot to change I thought it was already on asia,It shows like that for genshin too 😂😂
But Then when I changed to Asia and started It started new game,Ofx *ofc
So i changed to Europe then same Then i did American Then my loaded game started,Yaa if you change server you restart
Yaa Well i guess we can't play together,There goes my one friend who is playing startrail 🤦‍♂️
Ya sorry The mc heals now,dont be not that we can coop anyways doesnt mc heals from start?
He doesn't i think He heals like 33 hp,Yaa he heals outside the battle How other characters buff
Na he heals inside the battle too now E3 i guess,Ohh well they are making the mc all purpose mc
Yaa but 33 that too only to himself,Not really usefull but not useless as well
"Yaa include<stdio.h> int gcdrecursive(int m,int n) { return gcdrecursive(n,m); return m; return gcdrecursive(n,m%n); } void main() { int a,b,igcd; printf(""enter the two numbers whose gcd is to be found:""); scanf(""%d %d"",&a,&b); printf(""GCD of a,b is %d"",gcdrecursive(a,b)); }",got 2 in 50 pulls no bronya but a healer and a aoe dmg dealer
What damn Sies a healer Bailu also revives You got good,Yaa tho not sure about himeko
himeko  is good too,"yaa i wanna try her follow up with herta""s"
Ohkk Today's eg test i guess,oh really? sir said maths tho
Maybe Ohhkk i didn't read that,that is conditional her buff needs to be up
haa but its good na,Kahe hamara nam le rahe hu devansh
hehe ehe,😂😂 Kya farm karna behtar hoga? Character xp or cone xp?
both are important but character is more im farming character xp,I see
haa Meko letter format bhejna Letter send karna,Format for claim letter
Haa,joint kkarne vala he kya ajj?
Haa Thoda late,alright whats that? no idea where is it?
Sheets ka question,no idea sorry
It's a half made pentagon,i see abhe ka ss bhej na
Ha,thans
Ha,Check if they are parallel or not and measurements If hey are right then sure
They are and right,Tho technically speaking you won't be seeing it like that
Everything is right Ya we can't Then how is it coming that way I checked every measurement 10 times over,Is it sheet question?
Ha,Let it be Still it doesn't look right tho
It doesn't I msged kartikey He hasn't replied yet,Well he must be alseep or didn't saw it yet
Ya maybe,Btw you remember how to draw the 3D iso semi circles right?
Ha,What's was i doing wrong on Wednesday?
The circle was edge to edge If it's on edge you take it all the way upto reference line,Then what about measurement which is given? Won't it deffer?
If it's on edge it won't differ,So just extend till reference line above and then do the same as to what I did?
Ha,And if it's not then take measurement and do the samem *?
Ha It should be same If it's not then it's wrong All sides of the rhombus should be equal,Oh and it should be dead straight up right?
And parallel to the reference box lines,And length been diameter
Ha Ha,What about circles at the back?
Take the rhombus back,What points do we plot there?
And the point from which we draw the semicircle The corners and the curve centres,Which ones? You mean draw longest diagonal for the ones at back too? So any 1 center and any 1 corner Or only the ones you showed?
The ones i showed with distance between them,Do we have to draw 1 question on one side? Or can divide and then draw 2?
I asked kartikey he said we can draw 2 But i did 1 on 1 page,Why are they big! *? Solids ka assignment bhej na
Ha Nah solids are big rest are smoll,what is remaining for you?
Sectional ortho,Sheet?
Ha,Everything else done?
And 5th assignment,Woah cool
Ha,I will have to complete everything in today and tomorrow
I'll complete everything today only,Thanks but I wanted questions 😅 Alright i will try to do the same
I didn't write the questions,You have pdf? Thanks Are you gonna go for IV?
That's a1 Cut in half,😅
Ya I filled the form,Alright Alright i will do it after lecture
Ha ok,If we have lecture before 5PM please call me...
Haa okk,Most probably i won't be coming tomorrow
Ohhkk Why though ?,Not feeling well Total band baji he
Ohhh Aaram kar,We don't have math tutorial?
We don't,🤯 I was gonna come for tutorial Now don't have to
Yaa Good na,Yaa it's nice
yaa +91 90827 63508 Amey,aj vuna paper tha so lets hope they pickk up
Ha,Yaa he confirmed Wednesday When is sem exam? where is assignment 3 and 5 questions?
Let me find 3rd,sheet kka ake puch na he kya?
Solid wala ? Puch,pata nahi muje bhej na tu
Mai bhejta hu tujhe tu bhej,kkkyu? bhej seta
Bhej,ase sum sir ne kkiya he
Jaise Maine aaj explain Kiya waise ?,tae alpha and then solve it
Kar dena,tune tonsa kiya vo pata nahi pur TV kka sum liya he sir ne
Are ye send kar,thik he
Mai kar raha hu Sirf sum send Karu ?,ha chalega
Kiya tune ? Ki karu ?,kkar mene nahi kiya he to vo oxilari tha huh
Haa Auxiliary,muje to laga tha solid gaya mere even after ssir taught it i got it wrong i thought'
Ye wala ?,haa galat bataya thana
Ohh,Devansh ate vat laptop leke ana please Mene sayad sare software download nahi kiye he
Haa chalega,Devansh Technical writing ka format kya he?
Format hai uska?,What's assignment 10? We have to do it tomorrow?
Introduction to myself Yep,What to include? Studio.h? *stdio?
Write a program to describe yourself,What should be included
Well sir didn't say anything He said just write,Hmm how long? Just write or recite as well?
1 page Write,Alright i will write a program then
I don't think he said something about recitation Ok,Understood
Yepp,I can write as i see fit but just include this points right?
Haa,Bhai kya logic lagaya he ye last sheet sum me 😂 Kisene socha huga ye sum
To kya Kitna dimag lagana padhta hai,Lekin solution easy tha
Haa I'll join late,Got it devansh joiny ar lecture my bad.. joint ar lecture
Bhai mai Imagica se abhi linkla Nikla,*ar
Kar,*kar 😅😂
I just left from Imagica Battery 15 percent,kal bhi nahi tha
Kaise karu Haa kal thakk gaya tha,yaa
Aaj gharpe pohochte pohochte 9.30 honge,sir gonna teach imp part of double integration
Wo kalna Msg aaya tha,nahi ajj al structure liya *kal
Are yaar,"thek varna dosare phone se joint ar aur sir ko bata bahar he,if you wanna joint koi nahi"
Sabke phone down hai Chod kal gali sun lunga aur kya,Thik he Thik se aa 👍 Kahape ghum mat hu Jana
Haaaa Sir kal ke lecture ka kya hole ? Bole,Important he aao Miss mat karo Maybe CP mostly Maths
Ha kal aaunga Eg nahi baithunga,Kyu?
13 sums complete karne hai classwork,Acha thik he
Haa Tera hua ?,Nahi hua Joint karne wala he kya?
Soya tha,acha
Haa,Sir ajjego ke bareme bata rahe the
Ajjego ?,Ajj *today
Ohhh Ego,Yaa ego
Ohkk First lecture is maths na,Yes So we have college or only exam?
Only exam But I'm coming at 9,Why?
Did you get autocad ka printouts ?,No i have not Is it compulsory to give tomorrow?
If i stay at home i won't do anything So I'll bring my laptop and practice autocad in college Haa,And how will you do anything at college? Gonna take laptop? Alright
Haa,no 2b?
Nope,With questions?
with questyion ?,Printout with questions?
maybe how are you going to get prints ?,Coloured
are do you habe a printer ?,You deleted this message No Gonna go to the local printoff place
then get prints for me,Coloured?
black white,Send me your changed autocad I mean the details Alright
i have changed alreADY ha,Got it got it
Ha We have to submit everything before 10 tomorrow,10AM? When did sir told us that? And like why didn't sir send the timetable on group?
He did send Idk pratha told me,On which group?
Main group Div b Did you get the prints ?,No will get them at 8 What was the date sir send the timetable? I didn't got it
It was long ago,I don't have it Send me the pdf please
I can't find it I saw it long ago,😅
And yesterday kartik sent me,I don't think sir have send that in group
12th May hiya send on unofficial,Got.it
Yep So you'll come early na,Yaa i will come early
Okk,Will they be able to take Xerox? I don't think they will have autocad
The stationary? 9372740657,joint ar lecture devansh
haa did you run the 19th code from the practical cp\,yaa copy paste
It's not running,i will chec later
Ok Do it and send me I have to take printout,o
All others are compiling properly this one is not i got it,nice did you send Amey message? if not i will send him we dont have to write or execute experiment number 21 for CP right?
i didnt i asked the guy from a division we dont have to,do manegopale sir teach them? ohh my bad what did he said? got it
he said that they got it done from a senior should we talk to manegopale sir tom?,😅 woah yaa sure
haa,i will message Amey
okk From where will we get female to male now ?,Try finding it at near electronics?
I asked Ajay he has them But he'll bring them at 3,Ajay?
A batch I know him,Ok
Haa,"https://raw.githubusercontent.com/espressif/arduino-esp32/gh-pages/package_esp32_index.json,"
Seminar hall mai hu,Are me nikal rahahu Multimeter se nahi hoga
Acha okk,Friday wala plan hi karna padega
Haa,joint kar raha he na lecture?
Haa,thik he which sum?
reverse wala iso from sectional,oh vo wala
At last bc Aa gaya 🥳🥳🥳,nice
It was a headache I really got a headache while doing this sum,😅😅
It's simple now though,Well ofc you have solved it once It seems kidda unsymmetrical at the left.
ya i know but thats how it looks in the question im doing it on autocad,Thanks QB solve kar raha he kya?
Maybe after sometime Second one,Nice
Pehele Wale mai kuch blue lines the main diagram mai wo hata diye second,👍👍 Thanks
just change the main diagram lines to by layer,yaa got it devansh whats the value of cos^-1 (1)
Pi,oh thans
It's either 0 or pi,so which one is it?
Principal value is pi,oh thanks joint kar devansh Soya he kya? Lecture he
Abhi ? Lecture?,Haa 10.10 ko joint karna tha Not yet started
Okk,Wait you are not running codes?
nope type karne time jayega,Woah that's quite alot of confidence
haa this time i am actually finding stuff and writing so it should be right,Here for 1 to 1000 use function instead of writing in main.
we have written in main,Just put function call and then define with void
but to check we go to function see is armstrong(i),Yaa just make it another function for it
function call,Mostly we only use print and scan to take values in main
why another when just one works fine,Everything else in function if said to write in function Yaa it does but they said function so can't put any logic in main can we now?
we can why  cant we,"#include <stdio.h> #include<math.h> int Armstrong(int a) { int n=0,result=0,b,c; b=a; while(b!=0) { b=b/10; n++; } b=a; while(b!=0) { c=b%10; result=result+pow(c,n); result=b/10; } if (result=a) return 1; else return 0; } void Armstronggenerate() { int a; printf(""The Armstrong numbers between 1 to 1000 are:\n""); for(a=1;a<=1000;a++) { if(Armstrong(a)) { printf(""%d\n"",a); } } } int main() { int a; printf(""Enter a number:""); scanf(""%d"",&a); if(Armstrong(a)) { printf(""The given number is an Armstrong number""); } else { printf(""The given number is not an Armstrong number""); } Armstronggenerate(a); return 0; }0 try running it thats true"
Your second function is a mess,Ik 😂 Will have to check it out later How big is chem QB?
Pretty big I don't know how to correct that now,"#include <stdio.h> #include <string.h> int main() { char a[50]; int n,i,j,character,vowel,consonent,digit; printf(""Enter the string:""); gets(a); n=strlen(a); for(i=0;i<n;i++) { if(a[i]>='a' && a[i]<='z' || a[i]>='A' && a[i]<='Z') { character++; switch (a[i]) { case 'a': case 'e': case 'i': case 'o': case 'u': case 'A': case 'E': case 'I': case 'O': case 'U': vowel++; break; default: consonent++; } } else digit++; } printf(""The string has '%d' characters,'%d' vowels,'%d' consonents,'%d' digits"",character,vowel,consonent,digit); return 0; } dont i will figure it out there you go if you  want else if(a[i]>=0 && a[i]<=9) digit++; else special_characters++;"
I have this one We just have to add this right,no we dont
Then,we dont need special characters
We don't ? It's just vowels consonants and digits ?,u only do else as i have showed here and characterss
Okk,"i simply added that for fun, the special character part"
Ohh nice,tera kitna hoa he uskkkka pdf bhej na pranit kko bhejna he thankks
Yepp,Can you send me the pdf for the last 2Autocad questions There are no lines in my pdf
Try these,can you sends mewtow again naa its fine dont
Should I ?,Naa got it My net was off Thanks PCE ka kuch hoga to bhej the na joint ar lecture
kyu,nahi karne wala joint?
naa star rail,😂😂 3 jan he
Waah,jai mee and JB *JKB
Stay stay Haa,ha sir bole section aur iso ayga. do any 1 in 1hr 3views
Kal ka na,ha
Okk,section kkiya to bhi ho jyaga PCE ka issue he net pur dekta hu if any reference mila to ya phir notes Chemistry ka assignment ke questions bhej na
1 2 hai ki bheju ?,Bhej na 2bhej And you have dop of experiments? Thanks
Naa,IT ko chinde qustions the
ha na iso to kitna easy hai,sir ne liya tha college me
liya tha ? nahi liya thA,aur sectionsl easy he
haa but unka paper 10 aur 5 marks ka hai ek q 10 ka ek 5 ka,haa
hume ek hi aayega na 15 ka,liya he muje yad he ye sum ha hard hoga  hamara
thoda alag hai karlenge,maybe th etriangle at top hoga haa i am confident if not iso i can do sectional atleast
okk mai dono kar lunga iso mai time thoda jyada lagega bass,haa sai he
haa,first sectional then  iso woah my typing speed and accuracy is increasing kidda dishearting looing at those question kaha QB e questions aur aha ye questions
dekh na,Me v Me bhahar aa gaya Ajj lecture hoga kya?
Kya pata,Hamara Aya he kya result? Or only other branches?
Mai Aaj join nahi kar raha Agar kuch result ka nikla to phone kar,Alright
I got welt ka bis lightcone Signature*,cool sir is gonna take CP paper
I was sleeping from 7.30 till now,Yaa you were awake from 2AM right That's a given
Haa I'm still tired,Sleep in evening then
Yaaaa I will be little late today,Chalega Woah sir changed CP from first to last
Haa i saw now send me a code to find transpose of a matrix,will tae few minutes wait capital 'k' bhej na
K,"#include <stdio.h> int main() { int a[10][10],i,j,n,trans[10][10],temp; printf(""Enter the order of matrix:""); scanf(""%d"",&n); for(i=0;i<n;i++) { for(j=0;j<n;j++) { printf(""Enter the element of matrix:""); scanf(""%d"",&a[i][j]); } } printf(""Entered matrix is:\n""); for(i=0;i<n;i++) { for(j=0;j<n;j++) { printf(""%d\t"",a[i][j]); } printf(""\n""); } for(i=0;i<n;i++) { for(j=0;j<n;j++) { trans[i][j]=a[j][i]; } } printf(""Transpose of given matrix is:\n""); for(i=0;i<n;i++) { for(j=0;j<n;j++) { printf(""%d\t"",trans[i][j]); } printf(""\n""); } } there you gooooo"
thankss,no problemoo joint ar devansh
meko tshirt pehenna padega,really?of all things thats the excuse? 😅😅😂
kiya join kya kar rahe hai ?,sir breakout room me he aa rahe he
okk,bulae uch pyata nahi hoa
wohi to,maphi itne baje tak ghal rahe the?
2.30 tak,to 1match aftter i left\
ha 10 over ka,acha
haa,abe kya karne wala he
star rail khel raha hu,sahe he
haa,chala kyu gaya? net issue?
Kuch error aaya Net ka,acha mera bhi vohi hota he
Disconnect ho Gaya wifi,restart kar laptop mera ho gaya tha
Haa Itto called kokomi sandy mamamia 💀,😅😅
😂💀,Really?
Yaa,Woah
But not infront of her though,New story quest?
Naa Yoimiya got a story quest It's the main event Of cards,Woah genshin have such good combat but Hoya verse is like Naa we will give players teapot and cards
Dekh na 😂😂😫💀 And we have to find a card snatcher Who is stealing card backs,Woah such original work
Yaa I know,Jor dar tayari chalu he Logon ki KT ke liye
Tune join Kiya tha lecture?,Nahi
Fir ?,??
Ye Kumbhojkar ka pdf download kar sakta hai kya ? Meko bhejna,kaha se downlpad karu? mere pas pdf nahi he
Jane de,dhik he devansh jinda he kya? hamara project ka code bhej na agar jinda hoga to
Abhi wo laptop mai hai Mai so Raha hu Kal subhe jaldi bhejta hu,na cahlega sobhe me maths karne wala ho send it as you wwant but before 9PM tomorrow
Haa I'll wake early,will try running simultion
Okk ojkk,Cos^2x ka formula?
1+cos2x/2 i think,Got it
Let it be I got it,Send me the solution I guess have to revise M1 Along with DI
M1 ????,Module 1
SAY THAT THEN ! M1 means maths 1 I thought you were giving kt ka paper,😅😂 Result is not out Ohh 😂😂 My bad
I just checked,It is?
It didn't come out And we have paper In 5 days !!,Pain
I know right,Did paper got postponed? KT wala?
Kt wala is on 14 Our is on 15 Then directly 19,Then what is the video on unofficial?
What video,Check unofficial group
Kt paper postponed 4th July We got some time 💀,Yaa
Just in case,Pretty confident about getting KT?
Naa,Yaa 😂😂
I'm confident I won't get one,Nice Just in case
But what if Yaa,Yaa Btw sir kya bol rahe the about solving paper? Only solve Past year papers now?
Haa i guess,I see
1 hour 1.30 2 2.30 and 3 In this sequence,Same paper?
Different,Or different paper? I see
And then check what you did wrong and all,Got it
Analysis the paper,Yaa Will do EGtpday So 10hrs
Wow I'm not doing eg till paper,👍
I'll do phy chem and cp one one day for 3 days Then maths 2 days,I see
yespp,What do you expect as response?
It's when it's a lie,It's when it's a lie
Ya Can you send me spectroscopy ka notes,Yaa will send you after lunch
Okk,Spectroscopy is a mess Sir taught it in a very jumble way
Ya I know that's why I didn't write Thanks,yoou going to joint?
I did chemistry all day,👍
Now I think if I see chemistry I'll burst,yaa i am doing physics cant brea lin *lin
Link,*link
Ha got it got it,yaa
Haa Happy studying,When you said 3days as chem phy cp you meant from today? i thought you meant it from yesterday
From today Yesterday I completed till 2nd module of maths,i see cool
"Yaa #include <stdio.h> #define MAX_SIZE 100 void displayArray(int arr[], int size) { for (int i = 0; i < size; i++) { printf(""%d "", arr[i]); } printf(""\n""); } int main() { int arr[MAX_SIZE]; int size, choice; printf(""Enter the number of elements in the array (maximum %d): "", MAX_SIZE); scanf(""%d"", &size); printf(""Enter the elements of the array: ""); for (int i = 0; i < size; i++) { scanf(""%d"", &arr[i]); } printf(""Enter the rotation choice (1 - Left, 2 - Right): ""); scanf(""%d"", &choice); printf(""Original array: ""); displayArray(arr, size); if (choice == 1) { int temp = arr[0]; for (int i = 0; i < size - 1; i++) { arr[i] = arr[i + 1]; } arr[size - 1] = temp; printf(""Array after left rotation: ""); } else if (choice == 2) { int temp = arr[size - 1]; for (int i = size - 1; i > 0; i--) { arr[i] = arr[i - 1]; } arr[0] = temp; printf(""Array after right rotation: ""); } else { printf(""Invalid choice!\n""); return 1; } displayArray(arr, size); return 0; } the program from the paper manegopale sir gave us to cyclically rotate an array",lecture is over
C lecture?,chalo nahi hua he aha se copy kiya?
khudse kiya array string ka mujhe aata hai prime number nahi aata,Sai he Why did you use MAX_SIZE and displayArray function?
Max size for the maximum size Kavita mam taught us,Yaa but why not put 100 in initialisation?
And when I was doing without another function program was taking more inputs like i put 5 in the start,I see
it was taking extra numbers in the array so i tried with function and it worked,I see
haa and did you see the mcq test,Yaa will give it later
its tomorrow,Oh alright
11 to 12,Got it Yaa it works good job
ok,You deleted this message ohh my bad wrong chat
what was it,output
ohkk,i was checing a code so had to copy inputs
okk,what did sir told to do?
Nothing,Okay
Wow Damn Lucky I'm doing museum event,now hopefully i get enough for afa
Haha I lost,its kafka
I have guarantee I just have to save,my eyboard cant print
Broken,thats great i am at 0 0 0 0 for all wishing thingies and i need double what you neeed
Do you know where I can get this recipe? Ya sad,no maybe a side quest i havent done side quests
I need this to go ahead,i mostly only do event
The damn artist is hungry Ya same,search it online?
Ya gonna do that,😅😂 silverwolf is good for seele.
Is she But 2 quantum chara on one team,you need a preservatoin unit for monoquantum
I can make one if I get silver wolf,naa you need monoteams for silver wolf
But I want Kafka,yaa xd
I'll dump everyone for Kafka,i might collect all steleron hunters yaa c2 SW gives weaness to enemy based on types of your allies so u mostly run mono teams with her
She's nihility thunder right,best been quamtum as there is no rng in which weaness she will give i thin yes hopefully they keep  her burst like in story
Ya that's cool Gun and sword Kafka goes brrrrrrrerr,hahah yaa really cool combo
Yaa I'll keep her welt Natasha and seele,woah maybe u will get baiyu that would be cool tram
Haaa I'm trying on the standard banner,gl
Yepp I'm playing on 999 ping rn,lol wrong server
Yea yea what about the lecture,Still waiting for that
haha india lost wtc,Woah now work harder
yaa,Maybe it is a late night lecture
ya i guess,Joint nahi kar raha lecture?
kar raha hu chalu hua ?,Yaa meeting is on but sir has not started yet
Okk I joined,Great everyone are present in D3 right?
Krisnavani is not there i think,i see
Ha whayt about the cp test,oh we had that too right? did you gave it? i just finished writing maths rn
Howuch marks did you write ? Yaa I gave it in the middlw,How was the test of cp
It was just simple arrays structure pointers,43...I could have done more but i didn't remembered the diagrams of DI That was a free certificate That's sad
Wow I just did 28 and left Send me the pic of the cover page of kumbhojkar na,Well you could have scored 32 with D and gamma
I didn't solve anything from the second page I could have gone till 40 I got bored,🤦‍♂️ Did sir analysis the morning paper ?
not yet,but sir said it will be at 2 right?
ya its way past two now,yaa thats why i was asing
lets ee see,i hope they do analyse the papers
maybe hell call us a bit before 7 then do the paper analysis then next paper,i hope so
ya Hum ek dusre ko padhate hai,chalega
Kyu dikag kharab kar Raha tha wo sun,are i thought it was how you have 2 with D sometimes it would be same
I saw that sum and was like Nope not gonna solve,😂😂
Kartikey probably could,its out of syllabus
Still I bet he could Send him the sum and try,yaa alright naa nvm dont wanna waste hiis time wrong timing to as *ask
Well alright We do have lecture right,Idk i hope so
Ya Which paper Konsa year,not yet decided
sir bulAYE MUJHE ? Solve this sum The integration is really nice,will do it after i complete my pepurva
Yep,Y^2 log(y) ka integration kya he?
Haha that's wrong There is no y² You have to apply uv rule or integration by parts then only you'll get right answer And there is not direct integration for log Here Loge^x will only remain x Loge is 1,what about xlog x? it would be lie that for xe^x right? 👍
My brain is in sleep mode now,Yaa will eat and then try it onces more before sleeping Same
I'm going to sleep 😴 Good night,Yaa good night 😴 Done with revision?
Did nothing today Just some beta gamma,good but atleast do basic formula
Ya will do tonight,what was that rule sir told on the first day? what to choose first?
What rule ? For 1st module ?,exponential integer  inverse trigo wala rile
Exponential,to do integration rule
Exponential,? af after that?
Liate Go from back to front,so expo trigo a? integerr l? log? algebric?
Expo tri Al integer log,AL?
Algebraic You take integration of e and diff of the one after that,always?
Ha,only onces?
No the chain goes on infinitely If that happens just use uv rule,ok
Ha Got it Can you send me galvanizing ka pic ?,In which chapter is it?
Corrosion It's with a big diagram From the jotebook Notebook The galvanizing process Like tinning Ha Haaaa Thanks,No problemo
What 😂😂 This didn't happen to me Wait I haven't played in many days,Idk i got hacked
Wow,And it was a moving picture
Moving picture ?,You deleted this message Gif
Ohhhh Did you attend the online physics lecture?,No will have to do the last part of relativity on my own
Same I just started relativity,Yaa i am doing sums and derivations
Ohh nice thansk Oye,??
What if silver wolf hacks svarog And Clara becomes alone She takes her,Well firstly she will be sad
Ya I know right Clara is cute,And maybe scarog have something against hackers?
Maybe Thier combo is like from fate series Berserker and the little girl,I haven't seen fate
Oh okk,I build her for my second team She seems fun
In th series she shouts berserker and he comes out She is ?,She is tank and does dmg More like he does dmg
Nicee,She is just standing Moral support is important
Yaa Ya she increases moral of everyone,Yaa
Yaa,From floor 11 you will need 2teams
Whaat I have done till 9 only,Yaa so start building your second team after you are done with your first Or split your two teams and take other non-build characters
Ya in this we need all 4 characters of the team to be build Unlike genshin where we could leave 1 inbuilt Unbuilt,Hahaha yaa or use 1build character
Yaaa,You can go without building them just you have to keep aggo on your tank and shield characters before aoe
Well,It needs planning and timing And managing your points well
Traveler has an agro skill,I did that with splitting my main team and using other characters for weakness break
And the fox lady also has natural agro,Tho you don't want your buffer to have aggro
Ohkk Figures,And keep your traveller at 1st or last slot with a non-healer or dps unit beside him/her As alot of mobs/bosses when attacking tank attacks character besides them too
Ha I know,Nice
Haa,if you have done anything of relativity please share it
I only did this kuch Much,o ok
We are done with physics paper right,I think yes why? You drunk?
Sir sent a message for physics lecture......,He changed it don't worry
Ya I saw,My bad
I don't want to do physics again any sooner It's fine,I didn't saw sir's message before you asked That's I thought you lost your mind doing too much physics
Okk,Maphi
Haaa re,You joint for lecture?
Nah nope,I see
Yaaa,Vinayak sir did said that he will keep Shivam sir's and Dube sir's revision lectures right? Maybe tomorrow?
Haa se said,Acha hoa EG ke pehele laga
Ha wohi,how do you read it?
There is a naming given above,yaa but if we fail or pass?
F written besides the subject marks,thats fail?
And unsuccessful means kt in at least 1 subject,which subject how will we now?
There is some number right 58 something,yaa
That is subject code,where? yaa
And above there is which subject code is which given above,what should i chec? to see if t or not? in which subject? so you check total mark to see T/ *kt
There is no total marks If you have f written besides your subject marks means kt,i thin i got kt in mechanics term work it is the only one with f besides my mars
How did you get kt in term work,or i havve no idea how to read it
Should I check?,yaa its 527
Okk,or maybe its BEE
It's bee,yaa
What does e mean,grade?
Here,yaa i realised it whats fel?
Fel ?,yaa its after the subject  code
Ha I saw,FEL101 and so on
It's first year engineering something,or TW?
Have to check,i thought it would be maths and mechanics' so started doing that
You got saved,😅 naa i could have done maths and mechanics as its sums BEE is total theory kartkey se sighana padega What's your pointer?
7.06 Haa karle,Woahhh Congrats
its okk,Well better than mine
youll do better than me in this sem,You are too humble
Am i,Yaa What did you studied for EG?
Nothing I just sat on the couch all day,Yaa i am on the same boat 😂😂 Atleast revisive some concepts I also did nothing that's why I was asking what to do
Nice I'll attend the lecture in the evening,Maybe it will be line and then iso/ortho revision Dube sir took curves/lines and solids
Ohkk I wanted this only,??
Lines curves solids,Oh wait There
Oh nice Thanks,No problemo joint ar raha he na?
Naa Wo boli ki usko nahi bhi chalega To apne class ke baad kare ?,sure its fine either ways
Ya same,which 5?
Dadar me se mostly sab hai,only from d3 d1 have 2 and d2 have 3
Sab hai Ha d1 d2 mai Kam hai,oh they havent put d2 and d1 in there names
Ya stupid people,lets meet at 2
Yepp,you gonna mae the lin or should i?
I don't know how to make one,Meeting ID: 4072810658
i also made one https://us05web.zoom.us/j/82019751013?pwd=UmhPZzJwK2NWemI5VHBrOXcxTHBlZz09,how you send link?
theres an icon in top left click there why leave,update ho raha he
okk im gonna show you a surprise I'll try,yepp
i cant figure out after this,"#include<stdio.h> void main() { int i,j,n,m=65,k=64; printf(""Enter a number:""); scanf(""%d"",&n); for(i=1;i<=n;i++) { k=k+i; m=k; for(j=1;j<=n-i;j++) { printf("" ""); } for(j=1;j<=i;j++) { printf(""%c"",m--); } printf(""\n""); } } you did almost right m-- should be printed great👍"
its still wrong though,yaa but your logic was right just a little miss in execution
yaa ill see to it thanks,no problem you completed 40 codes?
naah i did nothing till 10,oh o
i started theory at 10,*ok
planning on staying awake atleast till 4,you slept in evening?
naa,woah good luc *luck
we will discuss some papers tomorrow starting by 10,sure i have to do theory after that
you didnt do theory today ?,lets solve a paper
yaa,i did comleted theory but need to revise some more
okk,about structure and union
haaa well we'll complete everything by toorrow,everything in the sense?
programs and theory then monday only revision,i am awake around 1.30 to 2
ookk,ohh yaa true
"haa #include<stdio.h> struct student { int roll; char name[30]; int marks; }; int main() { int i,n; struct student s1[n]; printf(""enter the number of students:""); scanf(""%d"",&n);//10 for(i=0;i<=n-1;i++) { printf(""enter the students roll munber name and marks:""); scanf(""%d\n%s\n%d"",&s1[i].roll,&s1[i].name,&s1[i].marks); } for(i=0;i<n;i++) { printf(""\nstudent%d\nroll.no=%d\nname=%s\nmarks=%d\n"",i+1,s1[i].roll,s1[i].name,s1[i].marks); } } can you see whats wrong in this progranm",Try removing \n from scanf You don't put /n in scanf *\n
okk ill try that still not working lets discuss this on the meet,devansh how can you initialise a array with a[n]
int a[n] so now i have a C6 natasha,nice
yaaa when to start ?,we can start in 5minutes
30,in 30minutes? or 9.30?
930,9300?sure
Ha,"#include<stdio.h> struct student { char name[30]; int roll,marks; }; int main() { int i,n; struct student s1[100]; printf(""Enter the number of students:""); scanf(""%d"",&n);//10 for(i=0;i<=n-1;i++) { printf(""Enter the student's name,roll number and marks:\n""); scanf(""%s%d%d"",&s1[i].name,&s1[i].roll,&s1[i].marks); } for(i=0;i<n;i++) { printf(""\nstudent%d\nroll.no=%d\nname=%s\nmarks=%d\n"",i+1,s1[i].roll,s1[i].name,s1[i].marks); } return 0; } there you go"
whats different,you cant just use s1[n] thats wrong
then,during initialisation after that no return 0 for int main() and everything else right
okk,initialise with a number like e1[100]
acha okk iput n there,yaa
https://meet.google.com/hdc-tiwn-exp,you can put n too but.....
but?,"put the initialisation of s1 after scanf(""%d"",&n); that way n has value"
acha okk,"#include <stdio.h> int main() { int a[10][10],i,j,r,c,sum1,sum2; printf(""Enter the row and column of the matrix:""); scanf(""%d%d"",&r,&c); for(i=0;i<r;i++) { for(j=0;j<c;j++) { printf(""Enter the element [i][j]:"",i+1,j+1); scanf(""%d"",&a[i][j]); } } printf(""The matrix is:\n""); for(i=0;i<r;i++) { for(j=0;j<c;j++) { printf(""%d\t"",a[i][j]); } printf(""\n""); } for(i=0;i<r;i++) { for(j=0;j<c;j++) { if(i==j) { sum1=sum1+a[i][j]; } } } for(i=0;i<r;i++) { for(j=0;j<c;j++) { if(j==c-i-1) { sum2=sum2+a[i][j]; } } } printf(""The sum of diagonal from left  is %d\n"",sum1); printf(""The sum of diagonal from right  is %d"",sum2); return 0; } #include<stdio.h> int main() { int i=0,j=-1,flag=0; char str[10]; printf(""Enter a string:""); gets(str); while(str[j]!='\0') { j++; } j--; while(i<j) { if(str[i++]!=str[j--]) { flag=1; break; } } if(flag==0) { printf(""Palindrome""); } else { printf(""Not palindrome""); } return 0; }"
band kar diya shamko wapis karenge,Alright
Yepp im starting in 15 mins you joining or not ?,I just woke up Maybe in a while
okk,Are you sitting in the meet alone?
haa ill leave in 30 mins if no one is there i want to sleep,U didn't slept after I left?
i didnt,Janto sooja
i am done with my cp,Your brain must be at it's limit
ya it is,Woah so fast Then go to sleep
i just have to revise some topics tom then im done,Dont push too hard suddenly Yaa then sleep
haaaaaa,Chalega
haa send me left and right bitwise operator ka,"Will send #include<stdio.h> int main() { int i=0,j=-1,flag=0; char str[10]; printf(""Enter a string:""); gets(str); while(str[++j]!='\0') { } j--; while(i<j) { if(str[i++]!=str[j--]) { flag=1; break; } } if(flag==0) { printf(""Palindrome""); } else { printf(""Not palindrome""); } return 0; }"
"#include<stdio.h> int palindrome(char m[100]) { int i=0,j=-1,d=0; while(m[++j]!='\0') { } j--; while(i<j) { if(m[i++]!=m[j--]) { d=1; } if(d==1) return 1; else return 0; } } int main() { int n=0; char str[10]; printf(""Enter a string:""); gets(str); n=palindrome(str); if(n==0) { printf(""Palindrome""); } else { printf(""Not palindrome""); } }",no one is there in meeting only sir
Everyone will get full in cp it seems,true You deleted this message You deleted this message You deleted this message nvm i waas wrong...
It is different variables as well as data types,how was genshin on lPTOP? *laptop
It runs good,whats different?
The graphics is different Like medium in laptop is better than medium on phone,i see
Yaa,its 58GB?
Yaa,woah nvm
Yaa Haaaa Hahahahaah,CRT kazuha?
Yesss Attack is low 1600,Nice Try to go around 180
Yaa,1800 And which sets?
I'm using harbinger of dawn 2 piece vv 2 piece simenawa,You don't have any other?
Amenoma But crit DMG and rate will fall to 52 and 120,Would be better As you don't have any er Yaa that's 1:2 ratio
I'm trying to get the black sword from the store Next month it will be up,I don't think it's any better Use f2p ones or go for 5*
It's attack is 565 crt DMG is 36 something I don't have any 5 stars,Yaa then use f2p ones
Amenoma ?,It's better to same those for cons Yaa as you have low er
Sacrificial ?,Well then just go with fav
I don't have fav,Yaa then go Inazuma sword or sac
Then amenoma it is,Yaa joint nahi kar raha kya?
kiya join,dikha you know who are absent?
That's what I'm checking,got this
What I wanted this,instead of freedom srwon
It would be ok on kazuha,it wont be idt
Statstick,yaa thats for crt azuha
Haa for him only,everyone who is dps can use it as stats stic
Haa,but ayaka sword is best statstic *stat stick
Haaa i know,I wanted fs Tho nvm
Or jade cutter,Will save now for ayaka/raiden/zl That's universal sword
Haa,Everyone uses it
I'm saving for hydro archon Ha I know,Nicee
Yaa,i will wait for a good looking dps 😂
good looking 😂😂😂,yaa good looing
Wow I wanted arlecchino But rumours say she's going to die,who?
Harbinger,ohh
She's 7th or 9th,i will get cool harbingers
Yaa same Dottore will also die,woah everyone keeps dying
Yaa Marionette and damselette will be alive,cool harbingers and fun/broken dps
Ya same,hahaah
Arlecchino is cool,Devansh BEE ke shortcuts bhej na Sir ne diye the wo Wale
ye sirf dc ka hai ac ka sort karke bhejta hu,+77 😂
there are like 150 more,How come sir taught so much for BEE? Or was it same for sem2 subjects too?
it was,Woah Weren't there some shortcuts sir told you guys?
thats what im trying to find,Thanks
https://youtu.be/G3e-cpL7ofc im following this complete bee first,Yaa Kiya tune html? How is it?
I started I made a link It's easy,Nice Will give it a try afterwarda
Haa,What are you doing? When I didn't had time it was fun now that I have time i can't think of anything to do
Just lying on the couch Ya same,Hahahaha same
Well I'll start html again tomorrow and finish it,Wanna play genshin after dinner? Nice I will try html tomorrow alittle and then bee
Yaaa Let's,Okk Are you playing or gonna sleep?
Playing,Ohh well everyone is asleep now Maybe tomorrow afternoon
Yaa okk Let me know when you're playing,gonna play now
Ok I'm joining 😭😭😂 He dead,Waiting for this message Waiting for this message Waiting for this message
Waiting for this message,Waiting for this message
Waiting for this message,Waiting for this message
Waiting for this message Waiting for this message Waiting for this message Waiting for this message,Waiting for this message Waiting for this message Waiting for this message Waiting for this message Waiting for this message Waiting for this message Waiting for this message Waiting for this message Waiting for this message Waiting for this message Waiting for this message Waiting for this message Waiting for this message Waiting for this message Waiting for this message
Waiting for this message,Waiting for this message
Waiting for this message Waiting for this message Waiting for this message Waiting for this message Waiting for this message Waiting for this message,Waiting for this message
Waiting for this message,Waiting for this message
Waiting for this message,Waiting for this message
Waiting for this message,Waiting for this message
Waiting for this message,Waiting for this message Waiting for this message
Waiting for this message,Waiting for this message
Waiting for this message,Waiting for this message Waiting for this message
Waiting for this message,Waiting for this message
Waiting for this message,Waiting for this message
Waiting for this message,Waiting for this message
Waiting for this message,Waiting for this message
Waiting for this message,Waiting for this message
Waiting for this message,Waiting for this message
Waiting for this message,Waiting for this message
Waiting for this message,Waiting for this message Waiting for this message
Waiting for this message,Waiting for this message
Waiting for this message,Waiting for this message Waiting for this message
Waiting for this message,Waiting for this message
Waiting for this message Waiting for this message,Waiting for this message
Waiting for this message Waiting for this message,Waiting for this message
Waiting for this message,Waiting for this message
Waiting for this message,Waiting for this message
Waiting for this message Waiting for this message,Waiting for this message
Waiting for this message Waiting for this message Waiting for this message,Waiting for this message
Waiting for this message Waiting for this message,Waiting for this message
Waiting for this message Waiting for this message Waiting for this message Waiting for this message,Waiting for this message
Waiting for this message Waiting for this message Waiting for this message,Waiting for this message
Waiting for this message Waiting for this message,Waiting for this message
Waiting for this message Waiting for this message,Waiting for this message
Waiting for this message Waiting for this message,Waiting for this message
Waiting for this message Waiting for this message Waiting for this message,Waiting for this message
Waiting for this message Waiting for this message,Waiting for this message
Waiting for this message,Waiting for this message
Waiting for this message,Waiting for this message
Waiting for this message Waiting for this message,Waiting for this message
Waiting for this message,Waiting for this message
Waiting for this message,Waiting for this message Waiting for this message
Waiting for this message Waiting for this message Waiting for this message,Waiting for this message
Waiting for this message Waiting for this message,Waiting for this message
Waiting for this message,Waiting for this message Waiting for this message
Waiting for this message,Waiting for this message
Waiting for this message,Waiting for this message Waiting for this message
Waiting for this message,Waiting for this message Waiting for this message Waiting for this message
Waiting for this message,Waiting for this message Waiting for this message
Waiting for this message,Waiting for this message Waiting for this message
Waiting for this message Waiting for this message,Waiting for this message Waiting for this message
Wow I also have many I remember only some passwords,Ikr Atleast I know password of my main gmail Change the ones you don't remember
I only have 3 to 4 passwords Which circulate throughout all the gmails And all my accounts,Darn that's just like me
But I don't know which is which So I'll have to try every password,But idk why I thought it was a good idea to change password for my gaming account 😂😂 Same same
Haa😂😂,I tried like 30 different passwords I thought it would ne *be Still no luck
Wow damn,And can't use forgot password
You remember 30 ?,They are variants of the same
I just remember 4 5,The ones I thought I might have put But I think I have put really different one Or gmail is trolling
Ohkk,For now just hoping hoyo doesn't ask to verify my account
Ahhh That's the worst I don't know why I don't like the background It looks too cartoonist,Woah they are making it more and more like a child's game
That's what There are other backgrounds too New bo weapons Bp,Still it doesn't change that it looks childish
Ya i know,So changes that won't affect us hub *huh
Haa,Anything combat related?
New fontain craft ables Underwater combat,Oh is that good? I hope they add it in abyss too
I only saw the travellers gameplay underwater It's good What 😂 You think they will,Yaa who am I kidding Copium
Yaa But underwater combat will be only for selected characters i think,☹️
Sad,Can't believe they are making it like that What's the point then?
Ofcourse they will,They will make so that evryone can fight underwater?
Nope You think they will do that ? And there are waypoints underwater too And we have two different vision designs for fontain,Hmm that's so bad...
Yaa like there are two factions in fontain And there are two parts One is cyberpunk And one is modern,Woah now stop spoiling That's enough
Haaa haaa,Now it feels boring logging in everyday and doing the same thing Or else before I would have done it either ways
Ya same,Woah glass canon Won't the simulated universe weapon be better?
Simulated universe weapon ?,Yaa the one you get from exchanging....5* onces
What? I didn't know we have that,There is a tab to exchange certain cards you get from clearing those to exchange for weapons
WHAT We can get 5 star ?,Yaa 5* weapon
Light bones na Conea Cones I didn't know this,Yaa xD You get standard banner pulla too Tho take it after you have got evrything else Tho like only the hunt one is good You can even r5 it right away if you have enough cards
What I have completed world 5 And I lost to cocolia In world 6,Hahahah yaa it's hard Use a healer along with healing resonance It can clear like that And like you have seele so it's gonna be more easy than me And when bonya comes out defeat her first in second phase Don't even think about going along with bonya to 3rd phase Cocolia's DMG is really high in that phase and bonya just buff her even more
Ya true I'll try tomorrow I use Natasha and nihility path I once got like all the cards of hunt path and my seele was op Like I 1 shot Kafka first phase using seele,Yaahunt is better when you have enough dps But healing path is better with low dps Woah that's too op
Yaa I have good dps I think Welt with 1300 attack Serval with 1400 attack And seele 2000 attack,And choose the second resonance as the one where you get healing from action order
Haaa I tried that once,Yaa it's better for that fight
I got defeated in the second elite,Yaa bronya makes it hard Kill her first
Yaa I basically ignored her,And change serval for a shielder
And went after cocolia,I did the same first time but in third phase it just makes it super duper hard
Her those ice popsicles are annoying,Cuz cocolia does insane DMG
Yaa She's a buffer right,They don't do much if u heal alot
Well those took out 3 of my characters in one go,Yaa and most of time she gets her action first and then restore cocolia's shield before it should be
Haa,That just makes it useless to break shield
Yaa,Hahahah take a shielder
I'll try Natasha abundance tomorrow Seele welt Natasha and ?,Mc Fire one
Oh haaa Nice,Btw did I told you I stopped playing starrail
You did ? Why ?,Well it was fun and all but got little boring Maybe I will joint afterwards sometime
What about Kafka ?,😂😂
She's in the second half of next update,That's your first concert?
I'm at 67 pity Guaranteed,Priority Woah you have her then Just don't pull unnecessary
And I couldn't help but pull so I used like 7 8 wishes on the standard and light come banner Haaa,Maybe I will just play your account as it is better than mine
Yep Well your gameplay is better,Woah don't use your gems on standard
I did,Well that's fine ig
Because I couldn't control Now I'm saving,Just pull in genshin
Yaaa,Yaa if you get that just go weapon banner It's better than standard Always
I'm guaranteed in genshin too,But try controlling
But at 17 pity Yaa,Yaa guarented everywhere huh
Haa I got diluc at 10 after kazuha,I don't mind characters really can just play with any Yaa I remember you telling me You gonna use it on yelen right?
Ya that I can't I can play good with certain characters Yep Then arlecchino,Well you need to try different things with characters to understand what to do with them
But I saw somewhere that she is Pyro sword support Yaaa,Yaa I saw that too I wish she was dps
That's not good I want her as a dps,Hahah true
Well we can build her a dps,😂😂 Yaa
She is supposed to support lynney,Hmm I got yoiniya
What that's good,Yaa
Didn't you already have yoimiya,Not worth really
C1?,I have I meant to use can use her fire support for you *yoi Might skip her if she is just for lynney support
Ya she is for lynney support,If can be a universal fire support than sure
But I'll pull her I'll make her into a dps,Only lunney?
I'll invest in her,Yaa like dehya right? *lynney
I haven't leveled her up after 40 Ya,Hahaha Woah that's pretty sad
And diluc is sitting at 1,Making a harbenger only a support for a random character
Qiqi 70 Mona 70 Ya that's bad,That's pretty badd choice
But I guess they'll have two kits for her,Tho it's just leak
One support one dps,Will see about actual character
Yaa,Woah that would be really nice so like characters from honkai
Yaaaa,Who can work differently with different teams and equip
That would be nice,Tho you think they will do that?
Naaa,🤷‍♂️ See we know it
Well it's a harbinger we can't say,Well the last harbenger was not even that great. He was mid
And they make harbinger come with cool mechanics,Yaa that's true
Wanderer can fly With infused elements Childe can change weapons,Yaa he is better haizuo Riptides are his signature
If she doesn't some with a cool mechanic she's useless,They are cool
Yaaa,The issue with genshin combat is everything is imp Even NA is imp which in most games is not
Yaaa,So they can't just give someone really fast NA
I dont even level up some na,Hahaha well not NA are worth
Kazuha is fast,Like who uses NA on Bennet? True They do that to supports
Well if you have c6,As not alot of players do that
My kazuha is dps 😎,Still you will use different characters like razor over banner
Ha Pyro eula,Yaa I am triple crowning Kazu too
Mines not tripple crown He's 5 8 8,I am doing it xD Currently Mora broke
I'll double crown him How are you broke,I stopped farming artifacts now lvling all the characters
I have like 16 million,12k
Whoa,Reason...
That low,Yaa
Ohhh,Lvling characters and talents
I have like only 9 10 characters built Which I can use,Yaa I am building others for using in abyss Like the usefull ones
And most of them are dps I'm too lazy,XD build your supports
70 percent of my built characters are dps,They do insane DMG as well Well that's common I thought it was 99%
Xingqui Mona Sara Traveller Dendro Bennet Xiangling My supports,Yaa xq Bennet xl fishcl beiduo sucrose build them atleast Yaa those are enough They will carry most of your teams Dmc too if you don't have nahida
Kazuha Ayaka Raiden Yae miko Xiangling Ganyu Some of my supports do more damage than dpss,Yaa all Meta dps 😂😂
Average Waifu enjoyer,Meta=waifu
Ya true,Woah that's like evryone I want and only have kazuha
I forgot hu tao,Every single character I want which I don't have...
Haha My luck,Yaa salt
Hehe,I had a meme for hu Tao But don't have rn It was from a video
Oh ya venti too,Naa I have venti
Shyaaa,Yaa He is good
Dehya too,Need to 90/90 him too *tho Yaa I don't have her
Diluc,I am fine with kequing
I'm not gonna lvl them up,I mean you got more better characters there is no reason to
Yaa,You could have related but you got lucky
I got them both,Yaa
Kal college,Haa Ane wala he kya tu kal?
Haa aaunga Normal time pe,Ha same
Haa https://youtu.be/xk4_1vDrzzo java,Thanks
I don't think there is animation in the html tutorial,Interesting So it is all about just make website?
yaa but we can add animations to website uiverse.io,I see
check this out cool right,You made that website?
naa i found it arent the buttons cool,Those are some cool buttons
ya i know right but i think well need animation for that,We can make the design without animations
Ya we can But animation looks cool https://youtu.be/HcOc7P5BMi4 https://youtu.be/ESnrn1kAD4E,whats its about?
first is html and second is css ill complete html first then css,devansh send karna audio sir ne tag kiya he got it thanks devansh joint kar lecture hee
Dekha hi nhi Chalu hai ?,yaa
Khatam hua,It's for school
"You read it ? Due to heavy rain, Maharashtra govt issued the notice declaring holiday to schools and colleges in Mumbai, Thane, Raigad, Palghar, Ratnagiri and Sindhudurg district on July 20.",I see
There is orange alert in Mumbai,Well I was gonna not come either way Ohh Then I will check the weather before going to dadar tomorrow
Yaa but it stopped raining You're going ?,😂😂 Yaa Free holiday
Yaa,Take it and sleep
I'll come too then Ya same,Yaa try coming till 3PM
I'll go early only,Tho hope not alot of PPL show up Why?
Sir said latest 3 na We can go early also,Yaa I will leave at 1.30 So maybe around 2 or so
Ya same I'll leave a bit later Well if we have holiday I'll come Nothing came on the official group,Yaa Try waking up at your usual time and checking
Yaa I'll do that,If it's not there till then Then just sleep
Yaa,Why did you called?
Same reason,Btw let's ask ma'am and sir to share all the assignments Then complete it beforehand
Yaa Thatll be good,Will need books will just take it from labrary
Ya temporarily,Yep yep Then can focus on other things and maths3
Yep,Btw you gonna aim for 4month before app development thing or wait till sem5?
That sir will choose na Who performs well,Yaa tho you can aim for it atleast By performing well More like as best as you can
Ya well I'll try atleast,I see.
Haa But there are a lot competitors,Yaa But better compete with yourself it makes it easier
Yaa Online Bs,Hahaha yaa
Ds,?? Understable
Not gonna attend,Yaa I will go play for sometime Later
Yepp,They just said nahi melega
To fir ?,Monday ko pochane bola he
acha okk karna hai abhi ki tu jaake aa raha hai ? https://meet.google.com/dkz-xbuv-opt,Kar lete he Pir jata hu
okk,Reconnecting
http://127.0.0.1:5500/Expense-Tracker/index.html?,aya me
haa,aya me
ha,ha Send me the formula pdf
Ha,Devansh do you have link for pyq papers? The one you send me last sem
I'll have to find,You remember the name?
Mupapers something,Yaa I got it don't worry
Send it to me too,There was no CG and DLCA for pyq? It has the electronics ones for some reason
Wow Thanks Dlca too Thursday ka,Kartikey said ma'am will post pdf soon
are dlca not ds,No idea He didn't said anything about DLCA
okk,ameypacharkar076@gmail.com Let's talk to her tomorrow Or call her now and ask if we can talk tomorrow?
Yaa,So call or no call?
We'll call her tomorrow Not it's kinda late In the first break,Got it True
Yaa Bhai Wo ek student ka sir ne number Diya haina Wo already gdsc Wale group me hai Wo cesa aur cis ka batane aayi the na apne class me Unme se ek hai,Kal kya karne wala he?
Sounga lat tak Late,So college?
Chutti,Kyu? Online?
Project pe thoda kaam karenge Sirf maths attend karunga baki ka nahi,Acha Mene to ajj kuch nahi kiya ☹️ Kal cover up karna pathega
Maine thoda css Kiya Haa karna,Atleast kuch to Kiya
Are aage Jaake bohot confusing ho jata hai css,Mene to sirf honkai ka story kiya
Wow,Kyu?
Maine to khele hi nahi bohot time se dono games,I meant honkai impact 3rd
Flexbox ki wajahse Haaa re Maine genshin aur hsr,Acha will complete HTML tomorrow and then do DS
Haa,Haa mene genshin nahi ghela.... Maybe I will stop or maybe not don't know
Yaa same,Not really interesting
Yaa,Atleast honkai got story for now
Waiting for fontain Haa,Hahahaha I have to do event for zl
Yaa same for yelan,Maybe will just do story
I'll probably skip everything till arlecchino,And explore alittle and then give up I think you will have enough after yelen
I'll do story and events,Ahh the new region is also left hahahaha
Ya but I'm too lazy to farm for her now,Same same
Ya 😱,No entry to Fontaine Without new region i think
That desert wala na,Haa
I already completed that,Whaa
Yaa long ago,Woah I will need 9hours to do that
It's long ya,Don't have that much time in one day Woah then increase it more
Ya same,Exploring
Yaa I did it in the vacation we had,Woah I had to study xD Or maybe I will be late for Fontaine
Yaa I'll give you spoilers,Yaa I don't care at this point Nothing new to combat...
We probably already know everything Ya,Tho ig we got dendro
Yaa,But where to use it if I can clear abyss without it
Ya same I don't have any dendro character built,It doesn't change alot Just electro more usefull
Yaa,We are getting cloud retainer too?
Yep And guizhong too Madam ping too,why so many liyue characters? fontaine dont have alot of characters? ngl it s boring playing genshin now
there is are ton of fontaine characters too4 i know it is,even after logging in i quit xD maybe hsr was better atleast we use brain
yaa https://w3codepen.com/html-css-login-form-page/,"Yaa will do html complete today along with DS,CG and maths"
okk ill start this then,Alright
yaa,Nice
We can change the colour and font later too I'll bring my laptop tomorrow,"Dear VU1F2223132, vasantdada Patil Pratishthan has requested you to pay Rs. 122050.0 against Transaction ID E2307291A0XCNX to the following account: A/c No: 11122220230729425118 IFSC: YESB0CMSNOC Please pay using IMPS,NEFT, RTGS. This was send byeasybuzz Put current"
"Haaa Okk Greetings Tech Enthusiasts! ✨ 🎊 Exciting news awaits as we open applications for the GDSC - VPPCOE Core Team 2023-24 🎊 The Core Team plays a vital role in shaping our community's direction and impact. We're seeking passionate individuals with excellent teamwork skills and a commitment to empowering others through tech initiatives. If you're ready to make a difference and contribute to GDSC - VPPCOE's success, apply for the Core Team today! 🤝 🔗 Application Form Link: https://forms.gle/epoTkCL9Rg4zMXFW9 📆 Application Deadline: 5th August 2023 Shortlisted candidates will undergo interviews and collaborative activities to assess their suitability for the Core Team. For any questions or assistance, don't hesitate to reach out. Thank you for being a crucial part of GDSC, and we look forward to your applications! Best wishes, Prachi Jamdade, GDSC Lead 23-24' +91 9324328505",submit kiya?
haa,call kar
https://docs.google.com/forms/d/e/1FAIpQLSedICRiC5PR7Dbr0eDOYkkzWjrWwzKEzBOsFJgqG66XF7-6bw/viewform Damn lucky,yaa i got a standard banner character meaning will get blade even if different banners btw where is OOP ka assignment?
Isn't it in the classroom Different banner?,Haa Mila Yaa I got bailu on standard And pulling on blade on limited banner I hope I don't loss but I will most probably will as always
Ya so you're not guaranteed right,Yaa
"Okk 📢 *Attention all students!* 📢 🚀 Join the *Coding Club* now and embark on an exciting journey into the world of programming and technology! 🌐💻 🔹 Learn to code in various languages, build projects, and solve real-world challenges. 🔹 Connect with like-minded peers, collaborate on innovative ideas, and expand your network. 🔹 Attend workshops, hackathons, and guest lectures from industry experts. To register, simply visit the link https://forms.gle/TnnnnTEx2Zm3d3W4A Don't miss this fantastic opportunity to enhance your coding skills and unleash your creativity! *Happy coding!* 🎉👩‍💻👨‍💻 For any queries Contact: Ms. K. B. Shambharkar 7263931321 Bhar",1.  y=11.285+0.697x 2. y=14.3246 3.  R=0.761 4.  R=0.685 5.  y=0.678x-8.718 6.  a) x(bar)=4 y(bar)=7 b) r=-0.5 c) y=9
Thanks I'm getting 0.7858 3rd ka answer,Close enough ig
Send me all the questions na,if you wanna do the oop writting as well do it the thig ma'am told us today
In 5th question Do we have to find both equations or just one,Both Did I not do it?
U just sent me one,That's all I solved
x over y and y over x both na,Yaa
You didn't do the second one ?,yaa
So how did you get it checked,which question are you asking?
5,x=0.707y-1.998 r=0.692 Didn't saw it
Shouldn't there be plus in the 5th answer,For yaa *for y yaa
Yaa This message was deleted,For?
Java,I will be late for 5-10 minutes
Okk,badme bat karte he
haa Can you Send me ds ka first practical,writeup in google classroom
Okk,i can see why you wanna pull for kafka
Hahahaahahahahahahaha I know right,tho her english vc feels like she is sleepy
ohhh nice mai evaluate wala kar raha hu,nice mera nah chanta sth wrong in () part
Sth?,somethig joint kar
It's running properly I got correct answer I tried the one mam gave us in class,try with ()
"which line\ using different functions is easy Enter postfix expression 823^/23*+51*- POSTFIX EXPRESSION=823^/23*+51*- Stack S= |  8 Stack S= |  8|  2 Stack S= |  8|  2|  3 Stack S= |  8|  8 Stack S= |  1 Stack S= |  1|  2 Stack S= |  1|  2|  3 Stack S= |  1|  6 Stack S= |  7 Stack S= |  7|  5 Stack S= |  7|  5|  1 Stack S= |  7|  5 Stack S= |  2 Result=2 #include<stdio.h> #include<string.h> #include<ctype.h> #include<math.h> int s[100]={0}; int top=-1,ch; void push(int ele) { if(top==99) printf(""\nSTACK IS FULL\n""); else { top++; s[top]=ele; } } int pop() { if(top==-1) printf(""\nSTACK IS EMPTY\n""); else { ch=s[top]; top--; } return ch; } void display() { int i; printf(""\nStack S=\n""); for(i=0;i<=top;i++) printf(""|  %d"",s[i]); } void main() { char postfix[100]={'\0'},ele; int i,n1,n2,result; printf(""\nEnter postfix expression\n""); scanf(""%s"",&postfix); printf(""\nPOSTFIX EXPRESSION=%s"",postfix); i=0; while(i<=strlen(postfix)-1) { ele=postfix[i]; if(isdigit(ele)) { push(ele-'0'); } else { n1=pop(); n2=pop(); switch(ele) { case '^': result=pow(n2,n1); break; case '/': result=n2/n1; break; case '*': result=n2*n1; break; case '+': result=n2+n1; break; case '-': result=n2-n1; break; } push(result); } display(); i++; } printf(""\nResult=%d"",pop()); }",yaa it is really easy if you kow what to do
uper wala is output yaa it is,haa badme dekta hu
haa mai sojata hu,nahi soya tu? cool
Nhi,woah tu sirph DS hi kar raha tha?
Naa Html css Fir thoda Java Fir ye,acha
Haa,chal phir soja
Par ye ek program me 2 ghanta laga Haa,SKY ko nahi ayega?
Sir ko bolna nahi aaunga mai,me to abhi bhi kar raha hu
Sky ?,yaa SKY follow up
Okk,"#include <stdio.h> #include <conio.h> #include <string.h> int top=-1,top1=-1; char stack[100]; int priority(char a) { if(a=='(') { return(5); } else if(a== ')') { return(4); } else if(a=='^') { return(3); } else if(a=='*' || a=='/') { return(2); } else if(a=='+' || a=='-') { return (1); } } int stack_operation(char a,char postfix[]) { if(top==-1) { top++; stack[top]=a; } else { if(priority(stack[top])>=priority(a)) { top1++; postfix[top1]=stack[top]; stack[top]=a; top--; } else { top++; stack[top]=a; } } } int operator_is(char a) { if(a == '(' || a == '^' || a == '*' || a == '/' || a == '+' || a == '-') { return(1); } else { return(0); } } int end(char postfix[]) { if(top!=-1) { while(top!=-1) { top1++; postfix[top1]=stack[top]; top--; } } } int infixtopostfix(char infix[],char postfix[]) { int i=0,sym; while(infix[i]!='\0') { sym=operator_is(infix[i]); if(sym==0) { top1++; postfix[top1]=infix[i]; } else if(sym==5) { i++; while(sym!=4 || infix[i]==')') { if(operator_is(infix[i])==0) { top1++; postfix[top1]=infix[i]; i++; } else { stack_operation(infix[i],postfix); i++; } sym=operator_is(infix[i]); } } else { stack_operation(infix[i],postfix); i++; } } end(postfix); } int main() { char infix[100],postfix[100]; printf(""Enter the infix expression of the problem:""); gets(infix); infixtopostfix(infix,postfix); printf(""The Postfix expression is:\n""); puts(postfix); return 0; } Hua to bata If not then try this one as well Don't remember which one it was #include <stdio.h> #include <conio.h> #include <string.h> int top=-1,top1=-1,top2=-1; char stack[100],bracket[100]; int priority(char a) { if(a=='(') { return(5); } else if(a== ')') { return(4); } else if(a=='^') { return(3); } else if(a=='*' || a=='/') { return(2); } else if(a=='+' || a=='-') { return (1); } } int stack_operation(char a,char postfix[]) { if(top==-1) { top++; stack[top]=a; } else { while(priority(stack[top])>=priority(a)) { top1++; printf(""%c"",stack[top]); stack[top]=a; top--; } while(priority(stack[top])<priority(a)) { top++; stack[top]=a; } } } int operator_is(char a) { if(a == '(' || a == '^' || a == '*' || a == '/' || a == '+' || a == '-') { return(1); } else { return(0); } } int end(char postfix[]) { if(top!=-1) { while(top!=-1) { top1++; printf(""%c"",stack[top]); top--; } } } int infixtopostfix(char infix[],char postfix[]) { int i=0,sym,temp,pro; while(infix[i]!='\0') { sym=operator_is(infix[i]); if(sym==0) { printf(""%c"",infix[i]); i++; } else { pro=priority(infix[i]); if(pro==5) { { while(pro!=4 || infix[i]!=')') { if(operator_is(infix[i])==0) { printf(""%c"",infix[i]); i++; } else { if(pro==5) { i++; continue; } top2++; bracket[top2]=infix[i]; i++; } } pro=priority(bracket[top2]); while(pro!=5 || top2==-1) { if(pro==4) { top2--; continue; } else { temp=bracket[top2]; top2--; if(priority(temp)>=priority(bracket[top2])) { printf(""%c"",temp); } else { printf(""%c"",bracket[top2]); bracket[top2]=temp; } } pro=priority(bracket[top2]); } } } else { stack_operation(infix[i],postfix); i++; } } } end(postfix); } int main() { char infix[100],postfix[100]; printf(""Enter the infix expression of the problem:""); gets(infix); printf(""The Postfix expression is:\n""); infixtopostfix(infix,postfix); return 0; }"
"Haa batata hu #include<stdio.h> char opr[25]={'\0'}; char out[25]={'\0'}; int topopr=-1; int topout=-1; char ch; void pushopr(char ele) { if(topopr==24) printf(""\noperator Stack is full""); else { topopr++; opr[topopr]=ele; } } char popopr() { if(topopr!=-1) { ch=opr[topopr]; topopr--; } return ch; } char peepopr() { if(topopr) ch=opr[topopr]; return ch; } void displayopr() { int i; printf(""\n operator Operator Stack""); for(i=0;i<=topopr;i++) printf(""|%c"",opr[i]); } void pushout(char ele) { if(topout==24) printf(""\n output Stack is full""); else { topout++; out[topout]=ele; } } void displayout() { int i; printf(""\n output Operator Stack""); for(i=0;i<=topout;i++) printf(""|%c"",out[i]); } int getpriority(char ele) { switch(ele) { case '^': return 3; case '*': case '/': return 2; case '+': case '-': return 1; } return -1; } void main() { char infix[25]={'\0'},ele,popele; int i; printf(""\nenter infix expression:-""); scanf(""%s"",&infix); printf(""\ninfix expression=%s"",infix); i=0; while(infix[i]!='\0') { ele=infix[i]; if(ele=='(') { pushopr(ele); } else if(ele==')') { while(peepopr()!='(') { popele=popopr(); pushout(popele); } popopr(); } else if(ele=='^'||ele=='*'||ele=='/'||ele=='+'||ele=='-') { if(topopr>=0) { while(getpriority(peepopr())>=getpriority(ele)&&topopr!=-1) { popele=popopr(); pushout(popele); } } pushopr(ele); } else { pushout(ele); } displayopr(); displayout(); i++; } if(topopr!=-1) { while(topopr!=-1) { popele=popopr(); pushout(popele); } } printf(""\nPOSTFIX EXPRESSION=%s"",out); } i am also having the bracket problem Ill be a bit late today Sir padha rahe hai ?",nahi
okk,devansh do you second practical of DS?
"//C Program to convert infix expression to postfix using stack ADT. #include <stdio.h> #include<ctype.h> #define SIZE 50 char stack[SIZE]; int top=-1;       /* Global declarations */ int push(char elem) {                       /* Function for PUSH operation */ stack[++top]=elem; } char pop() {                      /* Function for POP operation */ return(stack[top--]); } int pr(char symbol) {                 /* Function for precedence */ if(symbol == '^')/* exponent operator, highest precedence*/ { return(3); } else if(symbol == '*' || symbol == '/') { return(2); } else if(symbol == '+' || symbol == '-')          /* lowest precedence */ { return(1); } else { return(0); } } /* Main Program */ void main() { char infix[50],postfix[50],ch,elem; int i=0,k=0; printf(""Enter Infix Expression : ""); scanf(""%s"",infix); push('#'); while( (ch=infix[i++]) != '\0') { if( ch == '(') push(ch); else if(isalnum(ch)) postfix[k++]=ch; else if( ch == ')') { while( stack[top] != '(') postfix[k++]=pop(); elem=pop(); /* Remove ( */ } else {       /* Operator */ while( pr(stack[top]) >= pr(ch) ) postfix[k++]=pop(); push(ch); } } while( stack[top] != '#')     /* Pop from stack till empty */ postfix[k++]=pop(); postfix[k]='\0';          /* Make postfix as valid string */ printf(""\nPostfix Expression =  %s\n"",postfix); }",Your friend in VPPCE confessed something about you. Open Slick and find out what they said: https://bit.ly/slick_app Kafka is today?
Naa One day 4 hours remaining,I got a update And the poster on pc changed before logging in
Ya i saw I logged in a while ago,Ohh still blade 15hrs
Yaa,Sadly no blade maybe Kafka
Tom 9 pm probably it will change Ya try for her,Tho I have too many support and aoe I need dps
Ohhh Isn't jing yuan dps,Naa he is aoe
But he does good DMG right He is supposed to be a dps,Not really or maybe I haven't build him that's why xD He is the same as Himeko They do aoe dmg so not a great st dps
She is a sub dps,Yaa she is sub dps
8th yanfei,😂😂
I'm tired of getting her yaar Well I got the crystals,You get more materials
Yaaa,To buy more wishes and get more yanfies
No yanfei Only yelan Then chlorinde,Go for it
Yaa Pr hydro archon,Hopefully I get kafka atleast
Then arlecchino,Keep saving and don't waste on standard banner
I'll get her guaranteed If I don't I'll throw my phone out of the window,Idk I have to reach pity 😂😂 Lucky person to get a phone raining on him
Haha,Restart? Why?
Ya I'm trying to find my other account Should I ?,For what?
Pulls Yelan,Yaa go ahead
New ?,I mean if you wanna do story again sure
No way Archon quests are fine No story quests,Yaa they are long and boring
No collecting those floating elemental things No exploration,Hahahah they are the realpain
Yaa right I have one more account I have itto in that one,Ik that one you hate it Won't say a good account
I know I haven't even completed monstadt,Might work out but need nahida and 3 of them
Yaa It's just the start I play it from now I think And main one occasionally,I would say reroll
Means ?,Find one with xq or Bennet Restart xD
Ohhh right I'll make it on Europe server then,Cuz you don't know when you will get Bennet and he will basically carry Yaa try it
Ya i know,But see if you can use shop
I got Bennet on the main one quite early Yaa,Got it You deleted this message
dlca ka itna chalega aur logic gates ka kya,Pata nahi Only printout ig
Ya maybe,Thank you Will write it tomorrow in college Woah let's gooo
Yeaaaaaah She even does good damage 12k on burst Random artifacts,So she works as sub too?
Yaaa,And what are her debuffs?
No debuffs,Even if she is nihility?
She amplifies and activates dot Using her burst and skill,So basically a break team
Yaa She's good though,Hmm so maybe silver Wolf works good with her
Ya she does Silver wolf does defence shred and she damage,"We got sw Kafka baiue And maybe the general Yaa she does alot of debuff...def,speed,atk and element weakness"
Silver wolf Kafka tingyun and a healer For hyper carry kafka,Idk she amplifies dot right? And better to have mono teams with sw
And Luka sampo luocha and Kafka for dot tram Team,Luocha is the 5* healer?
Yaa He also debuffs and buffs,Interesting
Basically Bennet of hsr But 5 star,Yaa but 5*
Yaa Sad,Hahaha yaa maybe save for him
Yaa Chal I'll sleep now,Yaa me too Will write DLCA tomorrow
I wrote half half tomorrow,Hame bhi register karna he kya?
Kya ?,YES+? Aur quiz too?
Quiz ka to kar Diya Maine Yes+ hum nahi karenge na Humara ho gaya na,Mera bhi?
Pura team ka,And what about maths assignment
Oh haa What was our topic ?,code for cg?
na open it,did you drew it on paint?
no svg cg svg code for s open it in browser,let eme search it was co-varience 130-133
okk well have to search output for thr cg program,https://corporatefinanceinstitute.com/resources/data-science/covariance/
data science,whats that?
nothing can we get 4 sums from this,yaa searching for a vide it is pretty easy
Is it,i mea yaa you need to just take mean
Well we can find sums too online Yaa,and then use formula
It's easy then,"yaa solve 4 sums and then give it to ppl 130,131,132,133"
You solve 2 I'll solve 2 Then we'll give the easy one to others,first find 4 sums
Yaa,n need we just have to explain it with example *no anyone can do that
But each one has to explain We'll see,no we dont do we?
Yes,"just one easy sum wll do Example 1: Find covariance for following data set x = {2,5,6,8,9}, y = {4,3,7,5,6} Solution: Given data sets x = {2,5,6,8,9}, y = {4,3,7,5,6} and N = 5 Mean(x) = (2 + 5 + 6 + 8 + 9) / 5 = 30 / 5 = 6 Mean(y) = (4 + 3 +7 + 5 + 6) / 5 = 25 / 5 = 5 Sample covariance Cov(x,y) = ∑(xi - x ) × (yi - y)/ (N - 1) = [(2 - 6)(4 - 5) + (5 - 6)(3 - 5) + (6 - 6)(7 - 5) + (8 - 6)(5 - 5) + (9 - 6)(6 - 5)] / 5 - 1 = 4 + 2 + 0 + 0 + 3 / 4 = 9 / 4 = 2.25 Population covariance Cov(x,y) = ∑(xi - x ) × (yi - y)/ (N) = [(2 - 6)(4 - 5) + (5 - 6)(3 - 5) + (6 - 6)(7 - 5) + (8 - 6)(5 - 5) + (9 - 6)(6 - 5)] / 5 = 4 + 2 + 0 + 0 + 3 / = 9 / 5 = 1.8 Answer: The sample covariance is 2.25 and the population covariance is 1.8. Example 2: Using the covariance formula, find covariance for following data set x = {5,6,8,11,4,6}, y = {1,4,3,7,9,12}. Given data sets x = {5,6,8,11,4,6}, y = {1,4,3,7,9,12} and N = 6 Mean(x) = (5 + 6 + 8 + 11 + 4 + 6) / 6 = 40 / 6 = 6.67 Mean(y) = (1 + 4 + 3 + 7 + 9 + 12) / 6 = 36 / 6 = 6 Using sample covariance formula Cov(x,y) = ∑(xi - x ) × (yi - y)/ (N - 1) = - 0.4 Population covariance Cov(x,y) = ∑(xi - x ) × (yi - y)/ (N) = - 0.33 Answer: The sample covariance is -0.4 and the population covariance is -0.33. Example 3: Find covariance for following data set x = {13,15,17,18,19}, y = {10,11, 12,14,16} using the covariance formula. Solution: Given data sets x = {13,15,17,18,19}, y = {10,11,12,14,16} and N = 5 Mean(x) = (13 + 15 + 17 + 18 + 19) / 5 = 82 / 5 = 16.4 Mean(y) = (10 + 11 +12 + 14 + 16) / 5 = 63 / 5 = 12.6 Sample covariance Cov(x,y) = ∑(xi - x ) × (yi - y)/ (N - 1) = [(16.4 - 13)(12.6 - 10) + (16.4 - 15)(12.6 - 11) + (16.4 - 17)(12.6 - 12) + (16.4 - 18)(12.6 - 14) + (16.4 - 19)(12.6 - 16)] / 5 - 1 = (8.84 + 2.24 - 0.36 + 2.24 + 8.84) / 4 = 21.8 / 4 = 5.45 Population covariance Cov(x,y) = ∑(xi - x ) × (yi - y)/ (N) = [(16.4 - 13)(12.6 - 10) + (16.4 - 15)(12.6 - 11) + (16.4 - 17)(12.6 - 12) + (16.4 - 18)(12.6 - 14) + (16.4 - 19)(12.6 - 16)] / 5 = (8.84 + 2.24 - 0.36 + 2.24 + 8.84) / 5 = 21.8 / 5 = 4.36 Answer: The sample covariance is 5.45 and the population covariance is 4.36. there are 3 questioons"
and ha send me  the last 3 solutions of tutorial,Will send you in a while
Okk What's the corrected 4th question Your 5th one is wrong,Why?
It's supposed to be s^4s Not t everywhere e^,Samja So only change t to s Are can you send me the link for videos you are doing DS from? I wanted them for stack and queue
Ya wait https://youtube.com/playlist?list=PLWT5UoQyWxtUHoQWohNch_kSEFpF0jiVG Linked list ke aage nahi hai isme Usk liye Jenny's lectures cs it dsa search kar,joint kar devansh
Soya tha,"Chalega 9) public class Main { public static void main(String[] args) { int num=8; String msg = """"; msg = num > 10 ? ""Number is greater than 10"" : ""Number is less than or equal to 10""; System.out.println(msg); } } Output: Number is less than or equal to 10 10) public class Main { public static void main(String[] args) { int a=1,b=3; b= a++ + a++ + a++ + a++ + a++; System.out.println(""a= "" +a+ "" b= "" +b); } } Output: a= 6 b= 15 11) public class Main { public static void main(String[] args) { int x=9,y=8; System.out.println(""x & y = "" +(x&y)); System.out.println(""x ^ y = "" +(x^y)); System.out.println(""x | y = "" +(x|y)); int z=2; System.out.println(""~z = "" +(~z)); } } Output: x & y = 8 x ^ y = 1 x | y = 9 ~z = -3 12) public class Main { public static void main(String[] args) { int x=50; int y=100; int z=200; int a,b,c; a = ++x; b = y++; c = x+ y++ + ++z; System.out.println(""x = ""+x); System.out.println(""y = ""+y); System.out.println(""z = ""+z); System.out.println(""a = ""+a); System.out.println(""b = ""+b); System.out.println(""c = ""+c); } } Output: x = 51 y = 102 z = 201 a = 51 b = 100 c = 353 13) public class Main { public static void main(String[] args) { int num,a=10; num= a-- - -a--; System.out.printf(""num=%d a=%d"",num,a); } } Output: num=19 a=8 14) public class Main { public static void main(String[] args) { int a=2,b; b=a++ + a-- + ++a + --a; System.out.printf(""a=%d b=%d"",a,b); } } Output: a=2 b=10 15) public class Main { public static void main(String[] args) { int a=1,b=3; b= a++ + a++ + a++ + a++ + a++; System.out.println(""a= "" +a+ "" b= "" +b); } } Output: a= 6 b= 15"
only these,Last
okk thanks kal 7.30 aana hai,Kyu? 8.30?
7.30,Room number 311 Sundesh ka number he?
+91 99201 89620,https://youtube.com/playlist?list=PL0rxPh2ovQP_JTqkFUtaZzBXzppx-VSWn
just link them again in vs code and then run,Chalega
You know I get ideas of how to implement something in code at absurd times,😅 no codes?
Codes ? Are just inspect Na,Haa 😅 When you get free call me JS is pretty stupid I think
Ya i know right Did you do it ?,Yaa still doing it You just have to use if else and do html Or use switch If someone click on food open food wala list So give names/id to them and then just execute them
I still have to make the list inside list I'll do that tonight,Will complete till then
But for that we won't need js I can do that with css,Yaa So what do we need js for?
You do search wala thing For searching And add others wala input,Hmm idk how to do that
Do what ?,Oh maybe I do
Search it na,Search wala will try doing it
I'm also doing the same Haa,Yaa I remember how to do it
I'll do the list inside list,So only need to do search part?
Send me the html css js files after you're done Haaa I'll do the rest,Can still do js without the list within list part?
Yaaa,how do i copy from inspect?
https://youtu.be/z0avfnlBRto,"CSS: const wrapper = document.querySelector("".wrapper""); selectBtn = wrapper.querySelector("".select-btn""); optios = wrapper.querySelector("".options""); // add category here for search things let category = [""Beverages"", ""Travelling"" , ""Healthcare"", ""Stationary""]; function addCategory() { category.forEach(category => { let li = `<li onclick=""updateName(this)"">${category}</li>`; options.insertAdjacentHTML(""beforeend"" , li); }); } addcategory(); function updateName(selectedLi){ wrapper.classList.remove(""actve""); selectBtn.firstElementChild.innerText = selectedLi.innerText; } selectBtn.addEventListener(""click"", () => { wrapper.classList.toggle(""active""); }); HTML: <!DOCTYPE html> <html lang=""en"" dir=""ltr""> <head> <meta charset=""uil-8""> <meta name=""viewport"" content=""width=device-width, initial-scale=1.0""> <title>Expense Tracker</title> <link rel=""stylesheet"" href=""index.css""> <link rel=""stylesheet"" href=""https://unicorn.iconscout.com/release/v4.0.0/css/line.css""> </head> <body> <div class=""wrapper""> <div class=""select-btn""> <span>SELECT CATEGORY</span> <i class=""uil uil-angle-down""></i> </div> <div class=""content""> <div class=""search""> <i class=""uil uil-search""></i> <input type=""text"" placeholder=""Search""> </div> <ul class=""options""></ul> </div> </div> <script src=""index.js""></script> </body> </html> CSS: *{ padding: 0; margin: 0; box-sizing: border-box; font-family: Arial, Helvetica, sans-serif; } body{ background-color: aqua; } .wrapper{ width: 370px; margin: 130px auto 0; } .options li,.select-btn{ display: flex; align-items: center; cursor: pointer; } .select-btn{ background-color: aliceblue; align-items: center; display: flex; justify-content: space-between; height: 60px; padding: 0 25px; font-size: 18px; border-radius: 8px; } .select-btni{ font-size: 31px; } .content{ background-color: aliceblue; margin-top: 15px; padding: 20px; border-radius: 8px; } .wrapper .active .content{ display: block; } .content .search{ position: relative; } .search i{ position: absolute; left: 15px; line-height: 53px; } .search input{ height: 55px; width: 100%; font-size: 20px; outline: none; padding: 0 15px 0 43px; border: 2px solid  gray; border-radius: 5px; } .content .options{ margin-top: 10px; max-height: 200px; overflow-y: auto; } .options li{ height: 50px; padding: 0 13px; font-size: 20px } .options li:hover{ background-color: white; } Time:14.07 https://youtu.be/ZFUOC-y4i0s grid-template-columns : repeat(auto-fill,minimax(150px, 1fr)) The px and fr are the minimum and maximum values"
we have to write program too ?,Only write Printout of output only I ask about that to sir twice
no printout of program ? okk,Nahi
okk,Agar hu to bhi vaha nikal denge
"bresenhams wala mila ? EXPERIMENT NO.1 NAME:-KARTIKEY PRADEEP SINGH ID No.:-VU1F2223117 DIV:-B(SE) BRANCH:-COMPUTER ENGINEERING SUBJECT:-COMPUTER GRAPHICS(CG) #include<stdio.h> #include<stdlib.h> #include<graphics.h> void main() { int gdriver=DETECT,gmode; int x1,y1,x2,y2,i,step,xincr,yincr,dx,dy; initgraph(&gdriver,&gmode,""C:\\TURBOC3\\BGI""); printf(""\t\t********DDA LINE ALGORITHM********\n\n""); printf(""Enter the starting coordinates""); scanf(""%d%d"",&x1,&y1); printf(""Enter the ending coordinates""); scanf(""%d%d"",&x2,&y2); dx=x2-x1; dy=y2-y1; if(abs(dx)>abs(dy)) { step=abs(dx); } else { step=abs(dy); } xincr=dx/step; yincr=dy/step; for(i=1;i<=step;i++) { putpixel(x1,y1,15); delay(50); x1=x1+xincr; y1=y1+yincr; } getch(); closegraph(); }",tum dono 4 baje nikal gaye kya ajj?
4.30 ko,close enough
"Yaa #include<stdio.h> struct priority_queue{ int ele; int priority; }pq[4]; int rear=-1; int isfull() { if(rear==4) return 1; else return 0; } int isempty() { if(rear==-1) return 1; else return 0; } void insert(int ele,int p) { rear=rear+1; pq[rear].ele=ele; pq[rear].priority=p; } int gethighestpriority() { int i,p=-1; if(!isempty()) { for(i=0;i<=rear;i++) { if(pq[i].priority>p) p=pq[i].priority; } } return p; } int deletehighestpriority() { int i,j,p,ele; p=gethighestpriority(); for(i=0;i<=rear;i++) { if(pq[i].priority==p) { ele=pq[i].ele; break; } } if(i<rear) { for(j=i;j<=rear;j++) { pq[j].ele=pq[j+1].ele; pq[j].priority=pq[j+1].priority; } } rear--; return ele; } void display() { int i; printf(""\nPriority Queue:-\n""); for(i=1;i<=rear;i++); printf(""\n|ele=%d --- priority=%d|\n"",pq[i].ele,pq[i].priority); } // int peek() // { //     return pq[rear].ele; // } int main() { int ch,ele,p,m; do { printf(""\n1.Insert\n2.gethighestpriority\n3.deletehighestpriority\n4.Display\n5.Peek\n6.Exit""); printf(""\nEnter your choice:-""); scanf(""%d"",&ch); switch(ch) { case 1: if(isfull()) printf(""Priority Queue is full""); else { printf(""\n Enter Element:-""); scanf(""%d"",&ele); printf(""\n Enter Priority:-""); scanf(""%d"",&p); insert(ele,p); } break; case 2: if(isempty()) printf(""Priority Queue is Empty""); else { p=gethighestpriority(); printf(""\nHighest priority is:-%d\n"",p); } break; case 3: if(isempty()) { printf(""Priority Queue is Empty""); } else ele=deletehighestpriority(); printf(""\n%d is Deleted"",ele); case 4: if(isempty()) printf(""Priority Queue is Empty""); else display(); break; case 5: if(isempty()) printf(""QUEUE IS EMPTY""); else { printf(""%d"",pq[rear].ele); } break; } } while(ch!=6); } check this progra, somethings wrong with display priority queue",I have no idea what that is You want me to check syntax?
Yaa Run the program Youll know what the problem is,devanshuva soo gaya kyaa?
Haa,Koi nahi Can you send the code for postfix evaluation? Mera vo bacha he
"import java.util.*; class ArrayAddition { public void Addition(int array[],int m) { int add=0; for(int i=0;i<=m;i++) { add=add+array[i]; } System.out.print(""\nthe Addition of all elements of the array is ""+add+""\n\n""); } public void display(int array[],int j) { int i=0; System.out.println(""The array is :""); while(i!=j) { System.out.print(array[i]+""  ""); i++; } } } class Main { public static void main(String[] args ) { int a[]=new int[100],i=0,n; Scanner sc = new Scanner (System.in); System.out.println(""enter the number of elements in the array:""); n=sc.nextInt(); System.out.println(""The number of elements in the array is:""+n); System.out.println(""enter the elements of the array""); while(i!=n) { a[i]=sc.nextInt(); i++; } ArrayAddition fill = new ArrayAddition (); fill.display(a,n); fill.Addition(a,n); } } import java.util.*; class StringOpr { public String Uppercase(String s) { s=s.toUpperCase(); return s; } public String Lowercase(String s) { s=s.toLowerCase(); return s; } public void Length(String s) { int a; a=s.length(); System.out.println(a); } public String replace(String s) { String j,h; Scanner read= new Scanner(System.in); System.out.println(""String:""+s); System.out.print(""Enter the word you want to change in the string: ""); j =read.nextLine(); System.out.print(""Enter the word you want to change it to: ""); h=read.nextLine(); s=s.replace(j,h); return s; } } class Stringfunc { public static void main(String[] args) { String str; int ch; Scanner sc= new Scanner(System.in); System.out.println(""Enter a string: ""); str= sc.nextLine(); StringOpr JAVA = new StringOpr (); do { System.out.println(""***CHOOSE OPTION***""); System.out.println(""0.Print string""); System.out.println(""1.Change to upper case""); System.out.println(""2.Change to lower case""); System.out.println(""3.Check length""); System.out.println(""4.Edit input string""); System.out.println(""5.Check character""); System.out.println(""6.Exit""); System.out.println(""Choose from the above options:""); ch=sc.nextInt(); switch (ch) { case 0: System.out.println(str); break; case 1: str=JAVA.Uppercase(str); System.out.println(str); break; case 2: str=JAVA.Lowercase(str); System.out.println(str); break; case 3: JAVA.Length(str); break; case 4: str=JAVA.replace(str); System.out.println(str); break; case 5: int n; System.out.println(""Enter the position to find character""); n=sc.nextInt(); char g=str.charAt(n); System.out.println(""Character at position ""+n+"" is:""+g); } } while(ch!=6); } } STRING OPERATIONS!!! we can add new cases also","got it #include <stdio.h> char queue[100]; int rear=-1,front=-1,n; int isfull(){ if(rear==n) return 1; else return 0; } int isempty(){ if(front==-1) return 1; else return 0; } void enqueue(int ele){ if(rear==-1) front++; rear++; queue[rear]=ele; } int dequeue(){ int ele; ele=queue[front]; front++; if(front>rear){ front=-1; rear=-1; } return ele; } void display(){ int i; printf(""The Entered Queue is:\n""); for(i=rear;i>=front;i--){ printf(""%d\t"",queue[i]); } } int main() { int ch,ele,i; printf(""Enter the number of elements in queue:""); scanf(""%d"",&n); printf(""1.Enqueue\n2.Dequeue\n3.Display\n4.Exit\n""); printf(""Choose from above operations on Queue:""); scanf(""%d"",&ch); for(i=0;i>=-1;i++){ switch(ch){ case 1: if(isfull()) printf(""The queue is Overflowing\n""); else{ printf(""Enter the element:""); scanf(""%d"",&ele); enqueue(ele); } break; case 2: if(isempty()) printf(""The queue is Underflowing\n""); else{ ele=dequeue(); printf(""The deleted element from the queue is:""); printf(""\n""); } break; case 3: if(isempty()) printf(""The queue is empty!!""); else{ display(); } break; case 4: printf(""Thank you!!""); return 0; default: printf(""Invaid option choosen!!\nPlease select between (1-4) as follows:\n""); break; } } } try this code if you find error et me knwo it works? i havent tried it yet found the error nevermind"
queue is overflow infinite,yaa because the option choosing is outside for loop so it takes infnite enqueue
ohh thats nice nice,sth new to learn
yaa,it has quite a few applications
does it,yaa
its still printing you know,like array
if my pc hangs ill get you to buy me new one,ofc stop it manualy
its nice to see it going now i did,"(i!=n-1){ System.out.print(""""+a[i]+"" + ""); } else{ System.out.print(""""+a[i]+"" = ""); } } System.out.print(""""+result);"
"This message was deleted This message was deleted This message was deleted import java.util.*; class go{ static String a[100]; static String b[100]; static String c[100]; static int n; static void print(){ void toUppercase(){ b=a.UpperCase(); System.out.println(""The upper case of given string '""+a+""' is:""+b); } void toLowercase(){ b=a.LowerCase(); System.out.println(""The lower case of given string '""+a+""' is:""+b); } void charAt(){ Scanner sca = new Scanner(System.in); System.out.println(""Enter the number of element which needs to be displayed:""); n=sca.nextInt(); b=a.charAt(n); System.out.println(""The character at '""+n+""' is:""+b); } void Length(){ n=a.length(); System.out.println(""The length of given string '""+a+""' is:""+n); } void Replace(){ System.out.println(""The string is:""+a); Scanner read = new Scanner(System.in); System.out.print(""Enter the string which needs to be changed:""); b=read.nextString(); System.out.println(""Enter the string which needs to be added:""); c=read.nextString(); b=a.replace(b,c); System.out.println(""The replaced string is:""+b); } void Intern(){ b=a.intern(); System.out.println(""The copyn of given string '""+a+""' is:""+b); } public static void main(String [] args){ int i,n; System.out.print(""Enter the string which needs to be operated:""); Scanner sc = newScanner(System.in); a = sc.nextString(); System.out.println(""Entered string is :""+a); for(i=0;i>-1;i++){ System.out.println(""1.toUpperCase""); System.out.println(""2.toLowerCase""); System.out.println(""3.CharAt""); System.out.println(""4.length""); System.out.println(""5.replace""); System.out.println(""6.intern""); System.out.println(""7.Exit""); System.out.println(""Enter an option:""); print p = new print(); n = sc.nextInt(); switch(ch){ case 1: p.toUppercase(); break; case 2: p.toLowercase(); break; case 3: p.charAt(); break; case 4: p.Length(); break; case 5: p.Replace(); break; case 6: p.Intern(); break; case 7: System.out.println(""Thank you""); System.exit(0); default: System.out.println(""Please enter the current option:""); break; } } <html> <head> <script type=""text/javascript"" src=""https://www.gstatic.com/charts/loader.js""></script> <script type=""text/javascript""> google.charts.load('current', {'packages':['corechart']}); google.charts.setOnLoadCallback(drawChart); function drawChart() { var data = google.visualization.arrayToDataTable([ ['Task', 'Hours per Day'], ['Work',     11], ['Eat',      2], ['Commute',  2], ['Watch TV', 2], ['Sleep',    7] ]); var options = { title: 'My Daily Activities' }; var chart = new google.visualization.PieChart(document.getElementById('piechart')); chart.draw(data, options); } </script> </head> <body> <div id=""piechart"" style=""width: 900px; height: 500px;""></div> </body> </html> google.charts.load('current', {packages: ['corechart', 'bar']}); google.charts.setOnLoadCallback(drawBarColors); function drawBarColors() { var data = google.visualization.arrayToDataTable([ ['City', '2010 Population', '2000 Population'], ['New York City, NY', 8175000, 8008000], ['Los Angeles, CA', 3792000, 3694000], ['Chicago, IL', 2695000, 2896000], ['Houston, TX', 2099000, 1953000], ['Philadelphia, PA', 1526000, 1517000] ]); var options = { title: 'Population of Largest U.S. Cities', chartArea: {width: '50%'}, colors: ['#b0120a', '#ffab91'], hAxis: { title: 'Total Population', minValue: 0 }, vAxis: { title: 'City' } }; var chart = new google.visualization.BarChart(document.getElementById('chart_div')); chart.draw(data, options); } https://youtu.be/JxugkDrs6Tg?si=bURswkJx7iCnM2Jx see this",What language is that?
js,His language Not coding language
bengoli or something how to take input from user in js and print in table in html search this,Yaa I am watching that video
I typed and ran it but its not working,Yaa will try looking in it It is not taking values after first name
Mines not any values,most probably it is server error or it is not getting values from id
Yaaa maybe,"<!DOCTYPE html> <html lang=""en""> <head> <meta charset=""UTF-8""> <meta name=""viewport"" content=""width=device-width, initial-scale=1.0""> <title>Table</title> <link rel=""stylesheet"" href=""style.css""> </head> <body> <center> <table border=""4""> <thread> <tr> <th>First Name</th> <td><input type=""text"" name=""fname"" id=""fname""></td> </tr> </thread> <tbody> <tr> <th>Last Name</th> <td><input type=""text"" name=""lname"" id=""lname""></td> </tr> <tr> <th>Email</th> <td><input type=""text"" name=""email"" id=""email""></td> </tr> <tr> <th>Age</th> <td><input type=""text"" name=""age"" id=""age""></td> </tr> <tr id=""btna""> <td colspan=""2""><input type=""button"" name=""button"" id=""btn"" value=""Add"" onclick=""AddRow()""></td> </tr> </tbody> </table> <table border=""4"" id=""show""> <thead> <tr> <th>First Name</th> <th>Last Name</th> <th>Email</th> <th>Age</th> </tr> </thead> </table> </center> <script> var list1 = []; var list2 = []; var list3 = []; var list4 = []; var i=0; var n=1; var x=0; function AddRow(){ for(i=0;i<=3;i++){ var AddRown = document.getElementById('show'); var NewRow = AddRown.insertRow(n); list1[x] = document.getElementById(""fname"").value; list2[x] = document.getElementById(""lname"").value; list3[x] = document.getElementById(""email"").value; list4[x] = document.getElementById(""age"").value; var cel1 =NewRow.insertCell(0); var cel2 =NewRow.insertCell(1); var cel3 =NewRow.insertCell(2); var cel4 =NewRow.insertCell(3); cel1.innerHTML = list1[x]; cel2.innerHTML = list12[x]; cel3.innerHTML = list3[x]; cel4.innerHTML = list4[x]; } n++; x++; } </script> </body> </html> table{ margin-top: 50px; text-align: center; background: #333; color: #fff; } #show th, #show td{ padding: 12px; } #btna td input{ width: 100%; } You deleted this message try them maybe they will work for you"
Okk,btw \n and \t works with System.out.print
Ohkk I'll try it,joint kar follow please
Bahar hu mai,class ko ane wala he na? 3.30 pm
Haa aaunga,thats all?
Haa,Where is list? No list? Only amount?
Hover on option,"<!DOCTYPE html> <html lang=""en""> <head> <meta charset=""UTF-8""> <meta name=""viewport"" content=""width=device-width, initial-scale=1.0""> <title>Document</title> <link rel=""stylesheet"" href=""style2.css""> </head> <body> <header></header> <div id=""container""> <div id=""menu""> <ul> <li> <a href=""#"" class=""options"">OPTIONS</a> <ul> <li> <a href=""#"" id=""go"">Travelling</a> <ul> <li><a href=""#"">rickshaw</a></li> <li><a href=""#"">train</a></li> <li><a href=""#"">bus</a></li> <li><a href=""#"">cab</a></li> <li><a href=""#"">plane</a></li> </ul> </li> <li> <a href=""#"" id=""go"">Food</a> <ul> <li><a href=""#"">Menu 1</a></li> <li><a href=""#"">Menu 2</a></li> <li><a href=""#"">Menu 3</a></li> <li><a href=""#"">Menu 4</a></li> <li><a href=""#"">Menu 5</a></li> </ul> </li> <li> <a href=""#"" id=""go"">Medical</a> <ul> <li><a href=""#"">Menu 1</a></li> <li><a href=""#"">Menu 2</a></li> <li><a href=""#"">Menu 3</a></li> <li><a href=""#"">Menu 4</a></li> <li><a href=""#"">Menu 5</a></li> </ul> </li> <li> <a href=""#"" id=""go"">Stationary</a> <ul> <li><a href=""#"">Menu 1</a></li> <li><a href=""#"">Menu 2</a></li> <li><a href=""#"">Menu 3</a></li> <li><a href=""#"">Menu 4</a></li> <li><a href=""#"">Menu 5</a></li> </ul> </li> <li> <a href=""#"" id=""go"">Menu 5</a> <ul> <li><a href=""#"">Menu 1</a></li> <li><a href=""#"">Menu 2</a></li> <li><a href=""#"">Menu 3</a></li> <li><a href=""#"">Menu 4</a></li> <li><a href=""#"">Menu 5</a></li> </ul> </li> <li> <a>OTHERS</a> <ul> <li> <input type=""text"" placeholder=""Enter your new option""> </li> </ul> </li> </ul> </li> </ul> </div> <input type=""number"" placeholder=""Enter the amount"" id=""money""> <input type=""date"" id=""d1"" name=""d1""> <tr id=""btna""> <td colspan=""2""><input type=""button"" name=""button"" id=""btn"" value=""Add"" onclick=""AddRow()""></td> </tr> <div id=""table""> <table border=""4"" id=""show""> <tr> <th>Category</th> <th>Amount</th> <th>Date</th> </tr> </table> </div> </div> <script> var list1 = []; var list2 = []; var list3 = []; var list4 = []; var i=0; var n=1; var x=0; function AddRow(){ var AddRown = document.getElementById('show'); var NewRow = AddRown.insertRow(n); list1[x] = document.getElementById(""go"").value; list2[x] = document.getElementById(""money"").value; list3[x] = document.getElementById(""d1"").value; var cel1 =NewRow.insertCell(0); var cel2 =NewRow.insertCell(1); var cel3 =NewRow.insertCell(2); cel1.innerHTML = list1[x]; cel2.innerHTML = list12[x]; cel3.innerHTML = list3[x]; n++; x++; } </script> <footer></footer> </body> </html>"
content://com.whatsapp.provider.media/item/fa4f64c0-29c2-403e-b423-d0db6c4bc791,"if(s1[i].name[i]==""STOP"" || s1[i],ch[i]==""STOP"") can we run this in cp? nvm got it"
Ya we can,yaa
What is it ?,try to use if in structure if struct can be just put in if *rying
Okk,*trying not try
"Okk Haa re #include<stdio.h> #include<stdlib.h> struct node{ int data; struct node*next; }; void main(){ struct node *head,*temp,*newnode; head=0; int choice=1; while(choice) { newnode=(struct node *)malloc(sizeof(struct node)); printf(""Enter data:\n""); scanf(""%d"",&newnode->data); newnode->next=0; if(head==0) { head=temp=newnode; } else { temp->next=newnode; temp=newnode; } printf(""Do you want to continue(0,1)?\n""); scanf(""%d"",&choice); } temp=head; while(temp!=0) { printf(""|%d|--->"",temp->data); temp=temp->next; } } creating a linked lidt","<!DOCTYPE html> <html lang=""en""> <head> <style> body { min-height: 100vh; display: flex; justify-content: center; align-items: center; background-color: aliceblue; font-family: 'Open Sans', Arial; font-size: 18px; } ul { outline: 2px solid #ddd; padding: 1rem 2rem; border-radius: 0.5rem; list-style-position: inside; color: blue; } ::marker { color: #747474; } ul ol { font-size: .9em; margin: 0.4rem 0; } </style> <meta charset=""UTF-8""> <meta name=""viewport"" content=""width=device-width, initial-scale=1.0""> <title> Nested List JavaScript </title> </head> <body> <script> let div = document.createElement('div'); document.body.appendChild(div); let ul = document.createElement('ul'); let li = null; let subLi = null; let skills = { FrontEnd: ['Html', 'Css', 'JavaScript', 'React'], BackEnd: ['NodeJs', 'ExpressJs'], Database: ['MongoDB', 'MySql'] }; const values = Object.entries(skills); values.forEach(([key, value]) => { let li = document.createElement('li'); li.innerText = key; let subOl = document.createElement('ol'); for (let i in value){ let subValue = value[i]; subLi = document.createElement('li'); subLi.innerText = subValue; subOl.appendChild(subLi); } li.appendChild(subOl); ul.appendChild(li); }); div.appendChild(ul); </script> </body> <html>"
whats this,Try running it Its list inside list via js
what is segmentation error,Maybe syntax?
"naa syntax was all right #include<stdio.h> #include<stdlib.h> struct node{ int data; struct node*next; }; struct node *head,*temp,*newnode; void crt() { int choice=1; while(choice) { newnode=(struct node *)malloc(sizeof(struct node)); printf(""Enter data:\n""); scanf(""%d"",&newnode->data); newnode->next=0; if(head==0) { head=temp=newnode; } else { temp->next=newnode; temp=newnode; } printf(""Do you want to continue(0,1)?\n""); scanf(""%d"",&choice); } } void insertbegn(){ newnode=(struct node *)malloc(sizeof(struct node)); printf(""Enter data:\n""); scanf(""%d"",&newnode->data); newnode->next=head; head=newnode; } void display(){ while(temp!=0) { printf(""|%d|--->"",temp->data); temp=temp->next; } } void main(){ head=0; int ch; do{ printf(""***MAIN MENU***""); printf(""\n1.Create Linked list\n2.Display Linked List\n3.Insert element in the beginning\n""); scanf(""%d"",ch); switch(ch) { case 1: crt(); break; case 2: if(head==0) printf(""Linked list does not exist""); else{ insertbegn(); } break; } } while(ch!=4); } try this",Did you asked for the code?
I forgot You ask na,👍
I'll ask too,Chalega
Mill gaya,Haa Bohot fast tha
Haaa done atlast password ?,aya nahi he abtak
JKB Yehi karna hai na How did you do that,The first [ ] tells number of strings and second [ ] tells number of letters in it Call me when you are free Cute
I know right *Guys if your photo is not there in poster or video is not in the final video don’t worry you are subject friend the only thing is that your photo or video wasn’t processed properly and we couldn’t use it in the final video/poster*‼️‼️ *Sorry For Inconvenience caused by our side but please Cooperate with us And Make this Event A Huge Success !!! 💯🥺🥳*,aa raha he na? follow up ko bailu is pretty cute
Mandir I know,whats your topic tomorrow again?
constructors how to download illustrator ? Thanks,Who got the best subject friend?
hiya,From our class? Or overall?
from se and someone from te,Woah cool
yeah she even got 2000 rupees,You didn't got it?
i didnt,There was ranking or just best?
just best,Nice
but i think we were second,Maybe kartikey For DLCA
case while giving out certificates my and oms name was first then some one from te then alternate,Woah cool
yeah,Congrats
thanks,And what about the cake? Teachers liked it?
yaa we ate most of it,Kal AA Raha he kya?
haaa,Yaa teachers don't eat alot
yaa,Kal adhe ache lectures he aur adhe timepass vale
haaa maths ya kuch karenge,Ma'am log sikhayenge
we can do our own work they wont say anything,Maths bhi kya kare? Maybe CG or sth
or some other sub yaa,Devansh Jenny ka link bhej na (DS)
https://youtube.com/playlist?list=PLdo5W4Nhv31bbKJzrsKfMpo_grxuLl8LU&si=2fPgaf05y1EAXqpn,she only has linked kist?
hai niche jaaa,mila
okk 13th nahi hai Your 5th one has a mistake Inverse 6th amlso,devansh fow infinite loop try using while(1) it is more simple and better than giving infinite condition or you used to do it like that?
naa I never used infinite loop,then its fine
yaaa check your maths ka sums,Ha kal karne wala hu me Ajj DS kar Raha hu Maybe DLCA badme
okk ill complete maths tonight kal dsgt,👍 for circular queue how to display? displa via front or rear?
There are two conditions In one from front,so both  via both ways?
And in the other half front half rear Either of both Depend on where your rear and front pointers are,so if rear ahead print via front and if front is ahead then print with rear?
If rear greater than front Print with front,somjaa
Else Half with front till limit Then with rear till front No from start to rear,woah thats aot of conditon
Ya there is two for loops in else And one in if,what if both are equal?
Then it will go in else That means only one element is there in the queue And print that one element,okkk
I can't find induction How to do induction? And equivalence classes I found out the relation But what is equivalence classes of the relation,"void display(){ int i; if(front == -1 && rear == -1) printf(""The queue is Underflow\n""); //to print elements else{ if(front>rear){ i=front; printf(""Queue is:\n""); while(i!=rear){ printf(""%d\t"",queue[i]); i=(i+1)%n; } printf(""%d\n"",queue[rear]); } else if(rear>front){ i=rear; printf(""Queue is:\n""); while(i!=front){ printf(""%d\t"",queue[i]); i=(i+1)%n; } printf(""%d\n"",queue[front]); } else{ printf(""Queue is:\n""); printf(""%d"",queue[rear]); } } } check it"
When ?,yesterday
Ohhh we weren't there The first if condition is rear greater than front Why %n ? There is no else if Just if else,to check next it is in techknowledge and jenny it is pretty cool one
If(rear>front) { For(i=front;i<=rear;i++) Print cq[i] } Else { For(i=front;i<=size-1;i++) Print cq[i] For(i=0;i<=rear;i++) Print cq[i] } Now what is this,Wo sum shayad kiya he
Is it supposed to be ulta e ?,Sir ne class me
Okk,Shayad pata nahi
Send me dsgt ka solution if you get time,Am sleeping Should I send you now or in morning?
Ya same Can you send it now ? I'll solve it first thing in the morning Thanks I woke up so late,Same same Hahahaha Just now
Wow Abhi padhna padega,Haa after a hour or so
Yaa same amey ye aayega exam me paper me tha I saw the paper,Thank you Tho it was a easy sum Top bad
when we went tp pravin sir,*too
ya I know i think it was this sum,Don't spread it to everyone has sir might you know Get scolded for telling paper
ya i know haaa what is chain amti chain,Yaa I haven't done that yet
sir taught us ?,Yes he have
i don't have notes of it ohkk,"#include <stdio.h> //global variables int dequeue[100]; int front = -1; int rear = -1; int n=0; //function prototype void enqueuefront(); void enqueuerear(); void dequeuefront(); void dequeuerear(); void display(); void getFront(); void getRear(); int main(){ int choice,x; while(1){ printf(""1.Enqueue from Rear\n""); printf(""2.Enqueue from Front\n""); printf(""3.Dequeue from Front\n""); printf(""4.Dequeue from Rear\n""); printf(""5.Get the Front Element\n""); printf(""6.Get the Rear Element\n""); printf(""7.Display the Dequeue\n""); printf(""8.Exit\n""); printf(""Enter your choice:""); scanf(""%d"",&choice); switch(choice){ case 1: enqueuefront(); break; case 2: enqueuerear(); break; case 3: dequeuefront(); break; case 4: dequeuerear(); break; case 5: getFront(); break; case 6: getRear(); break; case 7: display(); break; case 8: printf(""Thank you""); return 0; default: printf(""\t\t\t!!!PLEASE ENTER CORRECT OPTION!!!\n""); } } } //for entering an element via front of dequeue void enqueuefront(){ int x=0; //if dequeue is empty if(front == -1 && rear == -1){ printf(""Enter the number of elements in the Dequeue:""); scanf(""%d"",&n); printf(""Enter the element of the Dequeue:""); scanf(""%d"",&x); front = rear = 0; dequeue[front] = x; } //if dequeue is full else if((front == 0 && rear == n-1) || (front == rear+1)) printf(""Overflow Condition\n""); //if front is at 0 else if(front == 0){ front = n-1; dequeue[front] = x; } else{ front --; dequeue[front] = x; } } //for entering an element via rear of dequeue void enqueuerear(){ int x=0; //if dequeue is empty if(front == -1 && rear == -1){ printf(""Enter the number of elements in the Dequeue:""); scanf(""%d"",&n); printf(""Enter the element of the Dequeue:""); scanf(""%d"",&x); front = rear = 0; dequeue[rear] = x; } //if dequeue is full else if((front == 0 && rear == n-1) || (front == rear+1)) printf(""Overflow Condition\n""); //if rear is at 0 else if(rear == n-1){ rear = 0; dequeue[rear] = x; } else{ rear ++; dequeue[rear] = x; } } //deleting an element from front of dequeue void dequeuefront(){ //if queue is full if(front == -1 && rear == -1) printf(""Underflow Condition\n""); //if both are equal else if(front == rear){ printf(""The deleted element is: %d\n"",dequeue[front]); front = rear = -1; } //if front is at max else if(front == n-1){ printf(""The deleted element is: %d\n"",dequeue[front]); front = 0; } else{ printf(""The deleted element is: %d\n"",dequeue[front]); front ++; } } //deleting an element from rear of dequeue void dequeuerear(){ //if queue is full if(front == -1 && rear == -1) printf(""Underflow Condition\n""); //if both are equal else if(front == rear){ printf(""The deleted element is: %d\n"",dequeue[rear]); front = rear = -1; } //if rear is at initialization else if(rear == 0){ printf(""The deleted element is: %d\n"",dequeue[rear]); rear = n-1; } else{ printf(""The deleted element is: %d\n"",dequeue[rear]); rear --; } } //to print the front element void getFront(){ if(front == -1 && rear == -1) printf(""Underflow Condition\n""); else printf(""The front element is: %d\n"",dequeue[front]); } //to print the rear element void getRear(){ if(front == -1 && rear == -1) printf(""Underflow Condition\n""); else printf(""The rear element is: %d\n"",dequeue[rear]); } //to display the  elements of dequeue void display(){ if(front == -1 && rear == -1) printf(""Underflow Condition\n""); int i = front; printf(""The dequeue is:""); while(i != rear){ printf(""%d\t"",dequeue[i]); i = (i+1)%n; } printf(""%d\n"",dequeue[rear]); } can you check it once?"
is it for double ended queue ?,Yaa dequeue
okk iys not working cant input elements after putting once,Yaa ik that's why I was asking
are but in dequeue aren't there two conditions like entry restricted and exit rextricted two types i mean,Ohh Yaa I didn't put those conditions
haa,Will do it later then
okk ill have to go through the code Thanks Saw this on reddit,It's on beta most probably Can you send me the notes for priority queue and dequeue? Thanks lecture has not started yet?
Yaa null,so still waiting haa..
Haaaa You left ?,i joint just now thats why i was asking
ohkk okk,bore ho raha he... dlca kiya?
haa ho gaya,meto notes se he kar liya dhekenke kya hota he... kuch laga imp?
Are east hai https://us06web.zoom.us/j/9768190255?_JKB_Education_IT_Services_Vinayak_Sir Meeting ID: 9768190255 Passcode: JKB Join this,haa pata he sir wo multiplexer karna he new link?
Yaap,where did you got  it?
Ashmit Sent,and  how did he got it?
Iske aage bhi he thoda Sab nahi kiya hai abhi tak,kis ka he wo?
Kya ?,whose notes are those?
Mine,Yaa I have that much too Tho thanks If you have the notes for lectures we were in coding club please send them
Naa,sir abhe bhi nahi de rahe hahaha
To kya Aine dopher ko call Kiya tha,sir ne?
Maine Sir ko,waa othaya sir ne?
Haa Baat bhi Kiya Questions bank bhi pucha Maine Na hole sir Computer organisation me se kuch nhi aaayega,haa acha he
Haa,sir sai he call uthate he
Sai ?,saaahii
haa to uthana padega,acha he
haaaa,tuje kuch imo laga? meto dono paper me latka huu
kmap mux nand nor gate,kmap out of portion it is only there for adde *adder
haa,so adder?
adder aur subtracter bhi imp hai,*mera
sahi hai,vo he notes me tere?
haa hai,muje binary wala module aur toda logics ata he last odule nahi ata
are easy hai sab padh le ho jaayega,haa pur bore hota he ds aur dlca padneko Tune Jo Kiya he votna hi Kiya to chalega na?
Haa Gates nahi kiya hai Maine abhi tak Wo bhi karne wala hu Aur conversions saare karna Maine sab nahi likha hai,Haa me ratke aa jayunga fhir Conversions?
Number conversions,Binary to decimal vo wala?
Haa,Cholegaa
Haaa ??,your grey code to binary table  was different you didnt made grey  part for the table
Different?,...
Oh that Haa I didn't make grey code ka column,haaa
Na I didn't make binary ka column I didn't make this I just checked,Yaa
Yaa I'll make it,tune jobheja he usme kya kya baki he?
Gates Conversions Aur mux ke aage ka part,whats that?
Are making 4x1 mux using 2x1 mux And some like that And the part sis taught us in the last lecture,ohh that part
Sir Haa,dhek he chalega joint kar follow up session abhee
abhi utha,what all is there before doubly linked list in linked list
everything,names
introduction array stack queue array,which topcs in ll? llinked list (ll)
singl circular double,"👍 else{ prevnode -> next = NULL; printf(""The deleted value is:%d"",temp -> data); free(temp); } its the condition for deletion from end in singly is there something wrong with it?"
"void deleteend() { if(head==0) printf(""\nList Empty\n""); else { temp=head; while(temp->next!=0) { prevnode=temp; temp=temp->next; } if(temp==head) head=0; else prevnode->next=0; free(temp); count--; display(); } }",Wrong nahi he It is just not going in int main loop again Kya pata kyu
int main ko function call de,Kiya re sirf vo hi function ko charbihe
hona chchiye,Janethe
display func add karke try kar,Hame reverse ll karna he?
end me naaa,Kiya nahi ata
dlca ka qb aaya,Mene Jo tujhe bhejana usmehi error he Kaha?
classroom harami abhi bhej raha hai,Tu kar aur phir muje bhi bhej Mera DS baki he Circular aur doubly
haa chalega okk,8 Tak hojya ga Useke bad DLCA kar dungaa
okk mai fir abhi dlca karta hu,Chalega
5 6 7 nahi hai Kartikey bola wo karke bhejega,Easy tha? Itna jaldi ho gaya
Haa easy hai,Chalega Usne bheja to muje bhi bhej the
Haa,DS ka bhi QB tha na? Vo kiya?
Kar raha tha Fir kantala aaya To aage ka nahi kiya Itne bade bade programs hai,Haa Aur usme se jhotasa part ayega Doubly ka sab ayega ki only difference wala part?
Ek theory question,"Everything is right, right? DLCA ka Kartikey ne bheja"
Mera right hai 6th wala,Haa DLCA ka bhej na
Nahi likha Kal subah likhunga,College me?
Jaldi uthke,Kal college me de Dena Kiska he ye?
Mera Sab nahi hai Aur aage ka hai Mere paas single side paper nahi tha to Aisa banaya,Chalega
"#include<stdio.h> #include <stdlib.h> struct node { int data; struct node *pre; struct node *next; }; struct node *head,*tail,*newnode,*prevnode,*nextnode,*cnode,*temp1,*temp; int count; void disfrstrt() { if(head==0) printf("" Doubly Linked List Empty""); else { temp=head; while(temp!=0) { printf(""|%d|--->"",temp->data); temp=temp->next; } printf(""\nNumber of nodes=%d\n\n"",count); } } void create() { int n,i; printf(""Enter the number of data you want to input""); scanf(""\n%d"",&n); for(i=1;i<=n;i++) { newnode=(struct node *)malloc(sizeof(struct node)); printf(""Enter data:\n""); scanf(""%d"",&newnode->data); newnode->next=0; if(head==0) { head=tail=newnode; } else { tail->next=newnode; newnode->pre=tail; tail=newnode; } count++; } disfrstrt(); } void disfrend() { if(head==0) printf("" Doubly Linked List Empty""); else { temp=tail; while(temp!=0) { printf(""|%d|--->"",temp->data); temp=temp->pre; } printf(""\nNumber of nodes=%d\n\n"",count); } } void insbeg() { if(head==0) printf("" Doubly Linked List Empty""); else { newnode=(struct node*)malloc(sizeof(struct node)); newnode->pre=0; printf(""Enter the data:""); scanf(""%d"",&newnode->data); head->pre=newnode; newnode->next=head; head=newnode; count++; disfrstrt(); } } void insend() { if(head==0) printf("" Doubly Linked List Empty""); else { newnode=(struct node*)malloc(sizeof(struct node)); printf(""Enter the data:""); scanf(""%d"",&newnode->data); newnode->next=0; tail->next=newnode; newnode->pre=tail; tail=newnode; count++; disfrstrt(); } } void insaft() { int p,i=1; if(head==0) printf(""\nLinked list not created yet\n""); else{ newnode=(struct node *)malloc(sizeof(struct node)); printf(""Enter position(After):\n""); scanf(""%d"",&p); if(p>count) printf(""Invalid position""); else{ temp=head; while(i<p) { temp=temp->next; i++; } printf(""Enter data:\n""); scanf(""%d"",&newnode->data); newnode->pre=temp; newnode->next=temp->next; temp->next=newnode; newnode->next->pre=newnode; } count++; disfrstrt(); } } void insbef() { int p,i=1; if(head==0) printf(""\nLinked list not created yet\n""); else{ newnode=(struct node *)malloc(sizeof(struct node)); printf(""Enter position(After):\n""); scanf(""%d"",&p); if(p>count) printf(""Invalid position""); else{ temp=head; while(i<p-1) { temp=temp->next; i++; } printf(""Enter data:\n""); scanf(""%d"",&newnode->data); newnode->pre=temp; newnode->next=temp->next; temp->next=newnode; newnode->next->pre=newnode; } count++; disfrstrt(); } } void delstrt() { if(head==0) printf(""Linked list empty""); else { temp=head; head=temp->next; printf(""the deleted data is %d"",temp->data); free(temp); temp=head; temp->pre=0; } } void delend() { if(head==0) printf(""Linked list empty""); else { temp=tail; tail=temp->pre; printf(""the deleted data is %d"",temp->data); free(temp); temp=tail; tail->next=0; } } void delpos() { int p,i=1; temp=head; if(head==0) printf(""Linked list empty""); else { printf(""Enter the pos you want to delete:""); scanf(""%d"",&p); if(p<1 || p>count) printf(""Invalid position""); else if(p==1) delstrt(); else if(p==count) delend(); else { while(i<p) { temp=temp->next; i++; } } temp1->pre->next=temp->next; temp1->next->pre=temp->pre; free(temp); } count--; disfrstrt(); main(); } void main() { int ch; do{ printf(""\n\n******MENU******\n""); printf(""\n1.Create Linked List""); printf(""\n2.Display Linked List From Start""); printf(""\n3.Display Linked List From End""); printf(""\n4.Enter element at the beginning""); printf(""\n5.Enter element at the end""); printf(""\n6.Enter element after a node""); printf(""\n7.Enter element before a node""); printf(""\n8.Delete element at the beginning""); printf(""\n9.Delete element at the end""); printf(""\n10.Delete element from a specific location""); printf(""\n11.Reverse the node:""); printf(""\n12.EXIT\n""); printf(""\nEnter your Choice:\n""); scanf(""%d"",&ch); switch(ch) { case 1: create(); break; case 2: disfrstrt(); break; case 3: disfrend(); break; case 4: insbeg(); break; case 5: insend(); break; case 6: insaft(); break; case 7: insbef(); break; case 8: delstrt(); break; case 9: delend(); break; case 10: delpos(); break; } } while(ch!=12); } somethings wrong with delpos func",Deposit?
delete position function,*delpos? Why you put temp1? Where is your temp1? Shouldn't it be temp? They put us in second batch...now kartikey is alone Kartikey and Prathamesh
haa i just called him he said they will come in our batch,Great
it worked the program,What was wrong?
temp1,Yaa typo hurts programing
"ya it does This message was deleted #include<stdio.h> #include <stdlib.h> struct node { int data; struct node *pre; struct node *next; }; struct node *head,*tail,*newnode,*nextnode,*cnode,*temp; int count; void disfrstrt() { if(head==0) printf("" Doubly Linked List Empty""); else { temp=head; while(temp!=0) { printf(""|%d|--->"",temp->data); temp=temp->next; } printf(""\nNumber of nodes=%d\n\n"",count); } } void create() { int n,i; printf(""Enter the number of data you want to input""); scanf(""\n%d"",&n); for(i=1;i<=n;i++) { newnode=(struct node *)malloc(sizeof(struct node)); printf(""Enter data:\n""); scanf(""%d"",&newnode->data); newnode->next=0; if(head==0) { head=tail=newnode; } else { tail->next=newnode; newnode->pre=tail; tail=newnode; } count++; } disfrstrt(); } void disfrend() { if(head==0) printf("" Doubly Linked List Empty""); else { temp=tail; while(temp!=0) { printf(""|%d|--->"",temp->data); temp=temp->pre; } printf(""\nNumber of nodes=%d\n\n"",count); } } void insbeg() { if(head==0) printf("" Doubly Linked List Empty""); else { newnode=(struct node*)malloc(sizeof(struct node)); newnode->pre=0; printf(""Enter the data:""); scanf(""%d"",&newnode->data); head->pre=newnode; newnode->next=head; head=newnode; count++; disfrstrt(); } } void insend() { if(head==0) printf("" Doubly Linked List Empty""); else { newnode=(struct node*)malloc(sizeof(struct node)); printf(""Enter the data:""); scanf(""%d"",&newnode->data); newnode->next=0; tail->next=newnode; newnode->pre=tail; tail=newnode; count++; disfrstrt(); } } void insaft() { int p,i=1; if(head==0) printf(""\nLinked list not created yet\n""); else{ newnode=(struct node *)malloc(sizeof(struct node)); printf(""Enter position(After):\n""); scanf(""%d"",&p); if(p>count) printf(""Invalid position""); else{ temp=head; while(i<p) { temp=temp->next; i++; } printf(""Enter data:\n""); scanf(""%d"",&newnode->data); newnode->pre=temp; newnode->next=temp->next; temp->next=newnode; newnode->next->pre=newnode; } count++; disfrstrt(); } } void insbef() { int p,i=1; if(head==0) printf(""\nLinked list not created yet\n""); else{ newnode=(struct node *)malloc(sizeof(struct node)); printf(""Enter position(After):\n""); scanf(""%d"",&p); if(p>count) printf(""Invalid position""); else{ temp=head; while(i<p-1) { temp=temp->next; i++; } printf(""Enter data:\n""); scanf(""%d"",&newnode->data); newnode->pre=temp; newnode->next=temp->next; temp->next=newnode; newnode->next->pre=newnode; } count++; disfrstrt(); } } void delstrt() { if(head==0) printf(""Linked list empty""); else { temp=head; head=temp->next; printf(""the deleted data is %d"",temp->data); free(temp); temp=head; temp->pre=0; } } void delend() { if(head==0) printf(""Linked list empty""); else { temp=tail; tail=temp->pre; printf(""the deleted data is %d"",temp->data); free(temp); temp=tail; tail->next=0; } } void delpos() { int p,i=1; temp=head; if(head==0) printf(""Linked list empty""); else { printf(""Enter the pos you want to delete:""); scanf(""%d"",&p); if(p<1 || p>count) printf(""Invalid position""); else { while(i<p) { temp=temp->next; i++; } } temp->pre->next=temp->next; temp->next->pre=temp->pre; free(temp); } count--; disfrstrt(); } reverse() { cnode=head; while(temp!=0) { nextnode=cnode->next; cnode->next=cnode->pre; cnode->pre=nextnode; cnode=nextnode; } cnode=head; head=tail; tail=cnode; } void main() { int ch; do{ printf(""\n\n******MENU******\n""); printf(""\n1.Create Linked List""); printf(""\n2.Display Linked List From Start""); printf(""\n3.Display Linked List From End""); printf(""\n4.Enter element at the beginning""); printf(""\n5.Enter element at the end""); printf(""\n6.Enter element after a node""); printf(""\n7.Enter element before a node""); printf(""\n8.Delete element at the beginning""); printf(""\n9.Delete element at the end""); printf(""\n10.Delete element from a specific location""); printf(""\n11.Reverse the node:""); printf(""\n12.EXIT\n""); printf(""\nEnter your Choice:\n""); scanf(""%d"",&ch); switch(ch) { case 1: create(); break; case 2: disfrstrt(); break; case 3: disfrend(); break; case 4: insbeg(); break; case 5: insend(); break; case 6: insaft(); break; case 7: insbef(); break; case 8: delstrt(); break; case 9: delend(); break; case 10: delpos(); break; case 11: reverse(); break; default: } } while(ch!=12); } everything's working except reverse im too bored to do that now",Tomorrow is it a online lecture or offline?
Online,Hamara batch 2 he na?
Haa,"joint kar follow up session devansh uth ja... //function to delete a node at End void delete_end(){ current == tail -> next; if(tail == 0){ printf(""The Linked List is empty\n""); } else if(current -> next == current){ tail = 0; printf(""The deleted value is:%d"",current -> data); free(current); }else{ while(current -> next != tail -> next){ previous = current; current = current -> next; } previous -> next = tail -> next; tail = previous; printf(""The deleted value is:%d"",current -> data); free(current); } } can you tell whats wrong with it? delete at end for circular queue"
"void delend() { int i=1; temp=tail->next; if(tail==0) printf(""\nList Empty\n""); else if(temp->next==temp) { tail=0; free(temp); } else { while(temp->next!=tail->next){ prevnode=temp; temp=temp->next; } prevnode->next=tail->next; tail=prevnode; free(temp); } count--; display(); } Everything looks correct",Still it shows segmentation fault
Then it's something else Logic is right,Can you please send images of IV we took? Thank you
Kartikey has them,You didn't took them? I though you did
Kartikey did,Alright I have asked him too. I hope he sends them later
Yaa That's a good one though,It is?
Ya I use it on my welt,Yaa except him it is not usefull for anyone
Ya I guess,Build pela and do remembrance it's super broken brain dead broken
will try,"🪷🌺श्री गणेशाय नमः 🪷🌺 🌺आग्रहाचे निमंत्रण 🌺 आपणास कळविण्यात आनंद होत आहे की,  दरवर्षीप्रमाणे या वर्षी सुद्धा आपल्या घरी लाडक्या बाप्पाचे दिनांक १९/०९/२०२३ पासून ते २३/०९/२०२३ पर्यत पाच दिवसांसाठी आगमन होणार आहे.  तसेच दि.२१/०९/२०२३ रोजी श्री सत्यनारायणाची महापूजा संपन्न होणार आहे. तरी तुम्ही सह कुटुंब सह परिवार बाप्पाच्या दर्शनास येऊन तीर्थप्रसादाचा लाभ घ्यावा हि नम्र विनंती ..🙏🙏 🙏आपले नम्र 🙏 पाचारकर परिवार पत्ता - १४०२, इ विंग, स्काय व्हीव सोसायटी, मदर डेअरी रोड, नेहरू नगर, कुर्ला (पूर्व), मुंबई 400024. Pad ye ab aur aa kal"
Baapre Chalega,Joint HOA tu?
naaa abhi hua,Sir aye to message kar de ek bar
Haa I left,Yaa it's fine Sir never told us to joint anyways
Yaa Haa,To much charbi
True,joint kar follow up
I just thought ki tune abhi Tak msg nahi kiya,late chalu kiya joint kar
Karna padega,nahi kiya tune joint
mera laptop band ho gaya tha,Phone se joint kar leta
"/****************************************************************************** Online C Compiler. Code, Compile, Run and Debug C program online. Write your code in this editor and press ""Run"" button to compile and execute it. *******************************************************************************/ #include <stdio.h> #include<string.h> int main() { int i=0; char s[]={""Hello World""}; printf(""H""); printf(""e""); printf(""l""); printf(""l""); printf(""o""); printf("" ""); printf(""W""); printf(""o""); printf(""r""); printf(""l""); printf(""d""); printf(""\n\n\n""); for(i=0;i<=strlen(s);i++) printf(""%c"",s[i]); printf(""\n\n\n""); i=0; while(i<=strlen(s)) { printf(""%c"",s[i]); i++; } return 0; } try this",So? What's your point?
TP,🤦‍♂️ 😂
well ya,Nahi araha? Devansh kal 💰💰la photocopy ka bharna he Bulna mat
kitna ?,10 ke hisab se araha hu me
"Okk #include<stdio.h> #include<stdlib.h> struct node{ int data; struct node*next; }; struct node *head,*temp,*newnode,*prevnode,*nextnode,*cnode; int count; void create() { head=0; int i,n,choice=1; printf(""Enter the number of nodes you want to enter:\n""); scanf(""%d"",&n); printf(""Creating a linked list.....\n""); for(i=0;i<n;i++) { newnode=(struct node *)malloc(sizeof(struct node)); printf(""Enter data:\n""); scanf(""%d"",&newnode->data); newnode->next=0; if(head==0) { head=temp=newnode; } else { temp->next=newnode; temp=newnode; } count++; } display(); } void display() { if(head==0) printf(""\nLinked list empty\n""); else{ temp=head; printf(""The Linked List is:\n""); while(temp!=0) { printf(""|%d|--->"",temp->data); temp=temp->next; } printf(""\nNumber of nodes=%d\n\n"",count); } } void insertbegn() { if(head==0) printf(""\nLinked list not created yet\n""); else{ newnode=(struct node *)malloc(sizeof(struct node)); printf(""Enter data(Start):\n""); scanf(""%d"",&newnode->data); newnode->next=head; head=newnode; count++; display(); } } void insertend() { if(head==0) printf(""\nLinked list not created yet\n""); else{ newnode=(struct node *)malloc(sizeof(struct node)); printf(""\n""); printf(""Enter data(End):\n""); scanf(""%d"",&newnode->data); newnode->next=0; temp=head; while(temp->next!=0) { temp=temp->next; } temp->next=newnode; count++; display(); } } void insertafter() { int p,i=1; if(head==0) printf(""\nLinked list not created yet\n""); else{ newnode=(struct node *)malloc(sizeof(struct node)); printf(""Enter position(After):\n""); scanf(""%d"",&p); if(p>count) printf(""Invalid position""); else{ temp=head; while(i<p) { temp=temp->next; i++; } printf(""Enter data:\n""); scanf(""%d"",&newnode->data); newnode->next=temp->next; temp->next=newnode; } count++; display(); } } void insertbefore() { int p,i=1; if(head==0) printf(""Linked list not created yet""); else{ newnode=(struct node *)malloc(sizeof(struct node)); printf(""Enter position(Before):\n""); scanf(""%d"",&p); if(p>count) printf(""Invalid position""); else{ temp=head; while(i<p-1) { temp=temp->next; i++; } printf(""Enter data:\n""); scanf(""%d"",&newnode->data); newnode->next=temp->next; temp->next=newnode; } count++; display(); } } void deletestrt() { if(head==0) printf(""\nList Empty\n""); else { temp=head; head=head->next; free(temp); } count--; display(); } void deleteend() { if(head==0) printf(""\nList Empty\n""); else { temp=head; while(temp->next!=0) { prevnode=temp; temp=temp->next; } if(temp==head) head=0; else prevnode->next=0; free(temp); count--; display(); } } void deletepos() { int pos,i=1; if(head==0) printf(""\nList Empty\n""); else { temp=head; printf(""Enter the position:""); scanf(""%d"",&pos); while(i<pos-1){ temp=temp->next; i++; } nextnode=temp->next; temp->next=nextnode->next; free(nextnode); count--; display(); } } void reverse() { prevnode=0; cnode=nextnode=head; while(nextnode!=0) { nextnode=nextnode->next; cnode->next=prevnode; prevnode=cnode; cnode=nextnode; } head=prevnode; display(); } void main() { int ch; do{ printf(""\n\n****MENU****\n\n""); printf(""\n1.Create Linked List""); printf(""\n2.Display Linked List""); printf(""\n3.Enter element at the beginning""); printf(""\n4.Enter element at the end""); printf(""\n5.Enter element after a node""); printf(""\n6.Enter element before a node""); printf(""\n7.Delete element at the beginning""); printf(""\n8.Delete element at the end""); printf(""\n9.Delete element from a specific location""); printf(""\n10.Reverse the node:""); printf(""\n11.EXIT\n""); printf(""\nEnter your Choice:\n""); scanf(""%d"",&ch); switch(ch) { case 1: create(); break; case 2: display(); break; case 3: insertbegn(); break; case 4: insertend(); break; case 5: insertafter(); break; case 6: insertbefore(); break; case 7: deletestrt(); break; case 8: deleteend(); break; case 9: deletepos(); break; case 10: reverse(); break; } } while(ch!=11); } void deleteend() { if(head==0) printf(""\nList Empty\n""); else { temp=head; while(temp->next!=0) { prevnode=temp; temp=temp->next; } if(temp==head) head=0; else prevnode->next=0; free(temp); count--; display(); } }",You deleted this message You deleted this message Can you send the link for meet in group please?
https://meet.google.com/dit-vuwp-hga,Avaj arahe kya mera?
nahi,"Join karna phirse Check karle ekbar sirf <!DOCTYPE html> <html lang=""en""> <head> <meta charset=""UTF-8""> <meta name=""viewport"" content=""width=device-width, initial-scale=1.0""> <title>Budget Tracker</title> <style> body { font-family: Arial, sans-serif; text-align: center; } #container { max-width: 400px; margin: 0 auto; } input[type=""text""], input[type=""button""] { padding: 5px; margin: 5px; } #budget { font-weight: bold; } #expenses { margin-top: 20px; } #totalExpenses { margin-top: 10px; font-weight: bold; } </style> </head> <body> <div id=""container""> <h1>Budget Tracker</h1> <p>Enter your budget:</p> <input type=""text"" id=""budgetInput""> <input type=""button"" value=""Set Budget"" onclick=""setBudget()""> <hr> <div id=""budget"">Budget: $0.00</div> <hr> <p>Enter an expense (or type 'done' to finish):</p> <input type=""text"" id=""expenseInput""> <input type=""button"" value=""Add Expense"" onclick=""addExpense()""> <div id=""expenses""></div> <div id=""totalExpenses"">Total Expenses: $0.00</div> </div> <script> var budget = 0; var expenses = []; function setBudget() { var budgetInput = parseFloat(document.getElementById(""budgetInput"").value); if (!isNaN(budgetInput)) { budget = budgetInput; document.getElementById(""budget"").textContent = ""Budget: $"" + budget.toFixed(2); } else { alert(""Invalid input. Please enter a valid number.""); } } function addExpense() { var expenseInput = document.getElementById(""expenseInput"").value; var expense = parseFloat(expenseInput); if (expenseInput.toLowerCase() === ""done"") { return; } if (!isNaN(expense) ) { if (expense <= budget) { expenses.push(expense); budget -= expense; updateExpenses(); document.getElementById(""budget"").textContent = ""Budget: $"" + budget.toFixed(2); document.getElementById(""expenseInput"").value = """"; } else { alert(""Expense exceeds the budget. Please enter a smaller amount.""); } } else { alert(""Invalid input. Please enter a valid number greater than 0.""); } } function updateExpenses() { var expensesList = document.getElementById(""expenses""); expensesList.innerHTML = """"; var totalExpenses = expenses.reduce(function(a, b) { return a + b; }, 0); document.getElementById(""totalExpenses"").textContent = ""Total Expenses: $"" + totalExpenses.toFixed(2); } </script> </body> </html> <!DOCTYPE html> <html lang=""en""> <head> <meta charset=""UTF-8""> <meta name=""viewport"" content=""width=device-width, initial-scale=1.0""> <title>Budget Tracker</title> <style> body { font-family: Arial, sans-serif; text-align: center; } #container { max-width: 400px; margin: 0 auto; } input[type=""text""], input[type=""button""] { padding: 5px; margin: 5px; } #budget { font-weight: bold; } #expenses { margin-top: 20px; } #totalExpenses { margin-top: 10px; font-weight: bold; } </style> </head> <body> <div id=""container""> <h1>Budget Tracker</h1> <p>Enter your budget:</p> <input type=""text"" id=""budgetInput""> <input type=""button"" value=""Set Budget"" onclick=""setBudget()""> <hr> <div id=""budget"">Budget: $0.00</div> <hr> <p>Enter an expense:</p> <input type=""text"" id=""expenseInput""> <input type=""button"" value=""Add Expense"" onclick=""addExpense()""> <div id=""expenses""></div> <div id=""totalExpenses"">Total Expenses: $0.00</div> </div> <script> var budget = 0; var expenses = []; function setBudget() { var budgetInput = parseFloat(document.getElementById(""budgetInput"").value); if (!isNaN(budgetInput)) { budget = budgetInput; document.getElementById(""budget"").textContent = ""Budget: $"" + budget.toFixed(2); } else { alert(""Invalid input. Please enter a valid number.""); } } function addExpense() { var expenseInput = document.getElementById(""expenseInput"").value; var expense = parseFloat(expenseInput); if (expenseInput.toLowerCase() === ""done"") { return; } if (!isNaN(expense) ) { if (expense <= budget) { expenses.push(expense); budget -= expense; updateExpenses(); document.getElementById(""budget"").textContent = ""Budget: $"" + budget.toFixed(2); document.getElementById(""expenseInput"").value = """"; } else { alert(""Expense exceeds the budget. Please enter a smaller amount.""); } } else { alert(""Invalid input. Please enter a valid number greater than 0.""); } } function updateExpenses() { var expensesList = document.getElementById(""expenses""); expensesList.innerHTML = """"; var totalExpenses = expenses.reduce(function(a, b) { return a + b; }, 0); document.getElementById(""totalExpenses"").textContent = ""Total Expenses: $"" + totalExpenses.toFixed(2); } </script> </body> </html> You deleted this message"
"import java.util.*; class calculator { public int add(int a,int b) { return a+b; } public int subtract(int a,int b) { return a-b; } public int multiply(int a,int b) { return a*b; } public int divide(int a,int b) { return a/b; } public int mod(int a,int b) { return a%b; } } class Main { public static void main(String[] args) { int i,j,ch; calculator cal=new calculator(); Scanner sc =new Scanner(System.in); do { System.out.print(""Enter Two numbers a and b:""); i = sc.nextInt(); j = sc.nextInt(); System.out.println(""Enter Operation""); System.out.println(""1.ADDITION:""); System.out.println(""2.SUBTRACTION:""); System.out.println(""3.MULTIPLICATION:""); System.out.println(""4.DIVISION""); System.out.println(""5.MODULUS""); System.out.println(""6.EXIT""); ch = sc.nextInt(); switch(ch) { case 1: System.out.println(""Addition is ""+i+""+""+j+""=""+cal.add(i,j)); break; case 2: System.out.println(""Subtracttion is ""+i+""-""+j+""=""+cal.subtract(i,j)); break; case 3: System.out.println(""Multiplication is ""+i+""x""+j+""=""+cal.multiply(i,j)); break; case 4: System.out.println(""Division is ""+i+""/""+j+""=""+cal.divide(i,j)); break; case 5: System.out.println(""Modulus is ""+i+""%""+j+""=""+cal.mod(i,j)); break; default: } } while(ch!=6); } } import java.util.*; class exp9 { public static void man(String[] args) { int a,b,c; Scanner sc = new Scanner(System.in); System.out.println(""Enter two numbers""); a=Integer.parseInt(ar[0]); b=Integer.parseInt(ar[1]); c=a+b; System.out.println(""Sum of""+a+""and""+b+""is""+c); } }",we have college tomorrow? the notice only said 29th
What about tomorrow?,it didnt said anthing about tomorrow
We have to come tomorrow?,Most probably
This message was deleted,Chat he ghale nahi 👍
Kya ?,No swear in chat You gonna come tomorrow?
Okk my bad If we have college then we have to come,4hr DLCA your favourite
Nooooooooo,Yaa atleast we got coding club So 28 and 29 holiday
holiday,Bach Gaya tu 😂😂
haaa naaa,To 5 din suti
yesss mast,Btw I will not be coming to lecture from Friday to Monday. Maybe I will attend Monday and Friday lecture so if sir ask please let him know Will inform jkb team too Soneka
okk will do yessss soneka,Itna acha Marathi in English nahi he ki itna bada likhu Haa kal 5PM ko uthane ka
haaaa im gonna sleep only after completing all the quests now,Ha me bhi mini project karke maybe swarm karunga Maja ata he legin Marta hu me bohot....too hard of endgame
Is it I'll try it too tomorrow,"👍thektahu badme //to check who won for( i = 0 ; i < n ; i ++){ for(int j = i + 1 ; j < n ; j ++){ if(points[i] < points [j]){ pointstemp = points[i];                     //pointstemp = int, points = array, nametemp = string, name = array of string points[i] = points[j]; points[j] = pointstemp; nametemp = name[i]; name[i] = name[j]; name[j] = nametemp; } } } //to print the ranking of participants as per there points for(i = 0; i < n; i ++){ System.out.print(""""+(i + 1)"". ""+name[i]+"" with ""+points[i]+"" points!!!""); } System.out.println(""""+name[0]+"" have the tournamment!!!""); ranking"
Okk Lecture?,Pata nahi sir ne message nahi dala he
Okk,Badme muje batade sir ne kya bola abhi
pura program hi bhej na,Call kartahubadme
haa okk,Kitne baje Tak tu zaka hoga? Mera program alag he re pura
puri raat mostly,Me Tera program change karke bhjetahu badme Call karta hu
okk aaramse,Dekle sir ke sath meeting karna he na 3 baje? Agar hoga to ekbar call ya message karde
I forgot about that Ya I'll call you,Pocha sir ko?
join lar raha hu,Ha me bhi No one is there
Haaa Ask aum kya bola ?,Only read Kiya Sir sya ya ana hoga to call karna
kya,Sir Aye to call karna
okk,Nahi hoa na
Nahi,Chalega Dektehe lecture he ki nahi
Abhi ?,Ha shayad nahi hoga joint kar follow up ajj
Bimaar,are are aram kar
Maybe I also won't go to class today,ha marna mat soja
Areeee 😭😭,2 contacts.vcf (file attached) Add kar maths me
"https://youtu.be/Z_DYRgtAXfw?si=FoKOpL4fCU0j0sVY #include<stdio.h> #include<string.h> #define MAX 20 #define true 1 #define false 0 int top = -1; int stack[MAX]; /*Begin of push*/ char push(char item) { if(top == (MAX-1)) printf(""Stack Overflow\n""); else { top=top+1; stack[top] = item; } } /*Begin of pop*/ char pop() { if(top == -1) printf(""Stack Underflow\n""); else return(stack[top--]); } main() { char exp[MAX],temp; int i,valid=true; printf(""Enter an algebraic expression : ""); gets(exp); for(i=0;i<strlen(exp);i++) { if(exp[i]=='(' || exp[i]=='{' || exp[i]=='[') { push( exp[i] ); printf(""%c"",exp[i]); } if(exp[i]==')' || exp[i]=='}' || exp[i]==']') { if(top == -1) /* stack empty */ valid=false; else { temp=pop(); if( exp[i]==')' && (temp=='{' || temp=='[') ) valid=false; if( exp[i]=='}' && (temp=='(' || temp=='[') ) valid=false; if( exp[i]==']' && (temp=='(' || temp=='{') ) valid=false; } } } if(top>=0) /*stack not empty*/ valid=false; if( valid==true ) printf(""Valid expression\n""); else printf(""Invalid expression\n""); }",can you please send  java exp list
4th tutorial bhej,Ajj lecture hoga ki nahi?
hoga https://classroom.google.com/c/NjE2OTM5ODIwMTI0?cjc=pv7u7ef SE-B All students are requested to join the google classroom for DLCA Subject,Board pe dekh Join karna ajj follow session Can you send me the topics for tree?
binary tree binary searxh tree avl tree expression tree b tree b+tree Huffman coding,Notes?
haaa,"Thanks 👍 Can you send me the code for pre-order, in-order and post-order"
"void preorder(struct node * root) { if(root==0) return; else { printf("" |%d| "",root->data); preorder(root->ll); preorder(root->rl); } } void inorder(struct node * root) { if(root==0) return; else { inorder(root->ll); printf("" |%d| "",root->data); inorder(root->rl); } } void postorder(struct node * root) { if(root==0) return; else { postorder(root->ll); postorder(root->rl); printf("" |%d| "",root->data); } }",What is it returning? It works?
Nothing Ya,Mine gives infinite output
It doesn't return anything Loop must be wrong,"void preorder(struct node * root){ if(root == NULL){ return 0; }else{ printf(""%d\t"",root -> data); preorder(root -> left); preorder(root -> right); } } //to print the inorder of the Tree void inorder(struct node * root){ if(root == NULL){ return 0; }else{ inorder(root -> left); printf(""%d\t"",root -> data); inorder(root -> right); } } //to print the postorder of the Tree void postorder(struct node * root){ if(root == NULL){ return 0; }else{ postorder(root -> left); postorder(root -> right); printf(""%d\t"",root -> data); } } remove 0 Check kar ek bar dekh le ek bar"
Haa Rishab mujhe bol Raha tha ki om ko nikal ke usko daalne java ke group me,To dalna he kya?
pata nahi download nahi ho raha file,Laptop PE bhi nahi?
ye barabar hai tere create tree wale function me gadbag hoga,"//to create the binary tree with recursion struct node *create(){ struct node *newnode; int choice,x; printf(""\n\n1.Continue creating the Tree\n""); printf(""2.Terminate the creating of Tree\n""); printf(""Enter your choice:""); scanf(""%d"",&choice); switch(choice){ case 1: printf(""Enter data:""); scanf(""%d"",&x); newnode -> data = x; printf(""\nEnter the left child of the node %d\n"",x); newnode -> left = create(); printf(""\nEnter the right child of the node %d\n"",x); newnode -> right = create(); return newnode; case 2: return NULL; } }"
"#include<stdio.h> #include<stdlib.h> struct node{ int data; struct node*ll,*rl; }; struct node * create() { int x; struct node *newnode; newnode=(struct node *)malloc(sizeof(struct node)); printf(""Enter Data(Enter -1 to exit):\n""); scanf(""%d"",&x); if(x==-1) return 0; else { newnode->data=x; printf(""Enter the left child %d:\n"",x); newnode->ll=create(); printf(""Enter the right child %d:\n"",x); newnode->rl=create(); } return newnode; } void preorder(struct node * root) { if(root==0) return; else { printf("" |%d| "",root->data); preorder(root->ll); preorder(root->rl); } } void inorder(struct node * root) { if(root==0) return; else { inorder(root->ll); printf("" |%d| "",root->data); inorder(root->rl); } } void postorder(struct node * root) { if(root==0) return; else { postorder(root->ll); postorder(root->rl); printf("" |%d| "",root->data); } } void main() { struct node * root; int ch; do{ printf(""\n\n****MENU****\n\n""); printf(""\n1.Create Tree""); printf(""\n2.Display in Inorder""); printf(""\n3.Display in Preorder""); printf(""\n4.Display in Postorder""); printf(""\n5.EXIT\n""); printf(""\nEnter your Choice:\n""); scanf(""%d"",&ch); switch(ch) { case 1: root=create(); break; case 2: printf(""inorder:\n""); inorder(root); break; case 3: printf(""Preorder:\n""); preorder(root); break; case 4: printf(""Postorder:\n""); postorder(root); break; } } while(ch!=5); }",badme thekta hu
Haaa,abhi sab bhej rahe he java ka friday last day tha aur
Waah Kar kar kaam,😂 Dekte he me abhi nahi karne wala wonsebhi Kam Group PE bhej dukya excel? Deklo kiska name he hese? Ya phir nahi?
Mat bhej Fir kisika naam kisine nahi dala hoga to natak karenge Sabko tujhe personally bhejne de Ya kuch puchenge to Mai bolta hu grp pe,Chalega nahi bhejta
Haa,Thek kya karna he iska?
Dekhte hai rukk Tu mam ko bhej raha hai ye file abhi ?,Kal
Haa to apne grp ka kal dekhte hai change karna hai ki nahi fir dete hai,Ajj late ho jayga shayad thoda
"#include<stdio.h> #include<stdlib.h> struct node{ int data; struct node*next; }; struct node *head,*tail,*newnode,*prevnode,*nextnode,*cnode,*temp; int count; void create() { int i,n,choice=1; printf(""Enter the number of nodes you want to enter:\n""); scanf(""%d"",&n); printf(""Creating a linked list.....\n""); for(i=0;i<n;i++) { newnode=(struct node *)malloc(sizeof(struct node)); printf(""Enter data:\n""); scanf(""%d"",&newnode->data); newnode->next=0; if(tail==0) { tail=newnode; tail->next=newnode; } else { newnode->next=tail->next; tail->next=newnode; tail=newnode; } count++; } display(); } display() { if(tail==0) printf(""\nLinked list empty\n""); else{ temp=tail->next; printf(""The Linked List is:\n""); do { printf(""|%d|--->"",temp->data); temp=temp->next; } while(temp!=tail->next); printf(""\nNumber of nodes=%d\n\n"",count); } } void insbeg() { int n; if(tail==0){ printf(""\nLinked list not created yet\n""); printf(""\nEnter 1 to create linked list 0 to options\n""); scanf(""%d"",&n); if(n==1) create(); else main(); } else{ newnode=(struct node *)malloc(sizeof(struct node)); printf(""Enter data(Start):\n""); scanf(""%d"",&newnode->data); newnode->next=tail->next; tail->next=newnode; count++; display(); printf(""1st node is:|%d|"",tail->next->data); } } void insend() { int n; if(tail==0){ printf(""\nLinked list not created yet\n""); printf(""\nEnter 1 to create linked list 0 to options\n""); scanf(""%d"",&n); if(n==1) create(); else main(); } else{ newnode=(struct node *)malloc(sizeof(struct node)); printf(""Enter data(END):\n""); scanf(""%d"",&newnode->data); newnode->next=tail->next; tail->next=newnode; tail=newnode; } count++; display(); } void inspos() { int p,i=1; if(tail==0) printf(""Linked list not created yet""); else{ newnode=(struct node *)malloc(sizeof(struct node)); printf(""Enter position:\n""); scanf(""%d"",&p); if(p>count) printf(""Invalid position""); else{ temp=tail->next; while(i<p-1) { temp=temp->next; i++; } printf(""Enter data:\n""); scanf(""%d"",&newnode->data); newnode->next=temp->next; temp->next=newnode; } count++; display(); } } void delstrt() { temp=tail->next; if(tail==0) printf(""\nList Empty\n""); else if(temp->next==temp) { tail=0; free(temp); } else { tail->next=temp->next; free(temp); } count--; display(); } void delend() { int i=1; temp=tail->next; if(tail==0) printf(""\nList Empty\n""); else if(temp->next==temp) { tail=0; free(temp); } else { while(temp->next!=tail->next){ prevnode=temp; temp=temp->next; } prevnode->next=tail->next; tail=prevnode; free(temp); } count--; display(); } void delpos() { int pos,i=1; if(tail==0) printf(""\nList Empty\n""); else { temp=tail->next; printf(""Enter the position:""); scanf(""%d"",&pos); while(i<pos-1){ temp=temp->next; i++; } nextnode=temp->next; temp->next=nextnode->next; free(nextnode); count--; display(); } } void reverse() { prevnode=0; cnode=nextnode=tail->next; while(nextnode!=0) { nextnode=nextnode->next; cnode->next=prevnode; prevnode=cnode; cnode=nextnode; } tail->next=prevnode; display(); } void main() { int ch; do{ printf(""\n\n****MENU****\n\n""); printf(""\n1.Create Linked List""); printf(""\n2.Display Linked List""); printf(""\n3.Enter element at the beginning""); printf(""\n4.Enter element at the end""); printf(""\n5.Enter element at a specific position""); printf(""\n6.Delete element at the beginning""); printf(""\n7.Delete element at the end""); printf(""\n8.Delete element from a specific location""); printf(""\n9.Reverse the node:""); printf(""\n10.EXIT\n""); printf(""\nEnter your Choice:\n""); scanf(""%d"",&ch); switch(ch) { case 1: create(); break; case 2: display(); break; case 3: insbeg(); break; case 4: insend(); break; case 5: inspos(); break; case 6: delstrt(); break; case 7: delend(); break; case 8: delpos(); break; case 9: reverse(); break; } } while(ch!=10); printf(""THANK YOU!!""); }",ajj bohot nind aaraha he
haanaa,Thanks
Aaj aaneme thoda late hoga,"Kab araha he? K #include <stdio.h> #include <stdlib.h> //initialise the structure struct node{ int data; struct node *next; }; //initialise pointer struct node *front = NULL,*rear = NULL,*temp, *newnode; //function prototype void enqueue(); void dequeue(); void peek(); void display(); int main(){ int ch; while(1){ printf(""\n\nChoose your option:\n1.Enqueue\n2.Dequeue\n3.Peek\n4.Display\n5.Exit\nEnter your choice:""); scanf(""%d"",&ch); switch(ch){ case 1: enqueue(); break; case 2: dequeue(); break; case 3: peek(); break; case 4: display(); break; case 5: printf(""Thank you!!!""); return 0; } } } //to add elements in queue void enqueue(){ newnode = (struct node*)malloc(sizeof(struct node)); printf(""Enter the data:""); scanf(""%d"",&newnode -> data); newnode -> next = NULL; if(front == NULL && rear == NULL){ front = newnode; rear = newnode; }else{ rear -> next = newnode; rear = newnode; } } //to delete elements from queue void dequeue(){ if(front == NULL && rear == NULL){ printf(""Underflow Condition!!!""); }else{ temp = front; front = front -> next; printf(""Deleted element is:%d"",temp -> data); free(temp); } } //to peek void peek(){ if(front == NULL && rear == NULL){ printf(""Underflow Condition!!!""); }else{ printf(""The number at front pointer is:%d"",front -> data); } } //to display void display(){ if(front == NULL && rear == NULL){ printf(""Underflow Condition!!!""); }else{ temp = front; while(temp != NULL){ printf(""%d\t"",temp -> data); temp = temp -> next; } } } Choose your option: 1.Enqueue 2.Dequeue 3.Peek 4.Display 5.Exit Enter your choice:1 Enter the data:12 Choose your option: 1.Enqueue 2.Dequeue 3.Peek 4.Display 5.Exit Enter your choice:1 Enter the data:34 Choose your option: 1.Enqueue 2.Dequeue 3.Peek 4.Display 5.Exit Enter your choice:1 Enter the data:56 Choose your option: 1.Enqueue 2.Dequeue 3.Peek 4.Display 5.Exit Enter your choice:1 Enter the data:78 Choose your option: 1.Enqueue 2.Dequeue 3.Peek 4.Display 5.Exit Enter your choice:1 Enter the data:90 Choose your option: 1.Enqueue 2.Dequeue 3.Peek 4.Display 5.Exit Enter your choice:4 12      34      56      78      90 Choose your option: 1.Enqueue 2.Dequeue 3.Peek 4.Display 5.Exit Enter your choice:2 Deleted element is:12 Choose your option: 1.Enqueue 2.Dequeue 3.Peek 4.Display 5.Exit Enter your choice:2 Deleted element is:34 Choose your option: 1.Enqueue 2.Dequeue 3.Peek 4.Display 5.Exit Enter your choice:3 The number at front pointer is:56 Choose your option: 1.Enqueue 2.Dequeue 3.Peek 4.Display 5.Exit Enter your choice:4 56      78      90 Choose your option: 1.Enqueue 2.Dequeue 3.Peek 4.Display 5.Exit Enter your choice:5 Thank you!!! Shubham Sir CG.vcf (file attached)"
Khatam hua to call kar Hi Hi Hi Hi Hi Ho Hi Khatam hua to call kar,Ha re
Kya chal Raha hai ?,Tp 4hrs hoga
Kya ?,Ha
Yaa so,That's not java 😂😂
Aree 😂😂,Me kitne derse thug Raha hu ye error
Kar kar 😂,ha 30minute me bbhej ta hu
Chalegq,ye le turbo c pe jake run karna online turbo c string ka code bhej na
"5.PROGRAM TO FIND FACTORIAL OF A NUMBER import java.util.*; class factorial { public int Factorial(int n) { int i,result = 1; for ( i = 1; i <= n; i++) { result *= i; } return result; } } class main { public static void main(String[] args) { int num,Result; Scanner sc = new Scanner(System.in); System.out.print(""Enter a number: ""); num = sc.nextInt(); factorial calculator = new factorial(); Result = calculator.Factorial(num); System.out.println(""Using iterative method:""); System.out.println(""Factorial of "" + num + "" is: "" + Result); } } 6.Factorial import java.util.*; class fibonacci { public int Fibonacci(int n) { if (n <= 1) { return n; } else { return Fibonacci(n - 1) + Fibonacci(n - 2); } } } class Main { public static void main(String[] args) { int fibNum,num; Scanner sc = new Scanner(System.in); System.out.print(""Enter a number: ""); num = sc.nextInt(); fibonacci calculator = new fibonacci(); System.out.println(""Fibonacci series up to "" + num + "":""); for (int i = 0; i <= num; i++) { fibNum = calculator.Fibonacci(i); System.out.print(fibNum + ""||""); } } } 7.Multiplication Table import java.util.*; class multiplicationtable { public int Table(int t,int n) { return t*n; } } class Main { public static void main(String[] args) { int num,m,i; Scanner sc = new Scanner(System.in); System.out.print(""Enter the number of which multiplication table you need:""); m=sc.nextInt(); multiplicationtable calculator = new multiplicationtable(); for (i = 0; i <= 10; i++) { num = calculator.Table(m,i); System.out.println(""|""+m+""x""+i+""=""+num+""|""); System.out.println(""-----------""); } } } 8.Simple Calculator import java.util.*; class calculator { public int add(int a,int b) { return a+b; } public int subtract(int a,int b) { return a-b; } public int multiply(int a,int b) { return a*b; } public int divide(int a,int b) { return a/b; } public int mod(int a,int b) { return a%b; } } class Main { public static void main(String[] args) { int i,j,ch; calculator cal=new calculator(); Scanner sc =new Scanner(System.in); do { System.out.print(""Enter Two numbers a and b:""); i = sc.nextInt(); j = sc.nextInt(); System.out.println(""Enter Operation""); System.out.println(""1.ADDITION:""); System.out.println(""2.SUBTRACTION:""); System.out.println(""3.MULTIPLICATION:""); System.out.println(""4.DIVISION""); System.out.println(""5.MODULUS""); System.out.println(""6.EXIT""); ch = sc.nextInt(); switch(ch) { case 1: System.out.println(""Addition is ""+i+""+""+j+""=""+cal.add(i,j)); break; case 2: System.out.println(""Subtracttion is ""+i+""-""+j+""=""+cal.subtract(i,j)); break; case 3: System.out.println(""Multiplication is ""+i+""x""+j+""=""+cal.multiply(i,j)); break; case 4: System.out.println(""Division is ""+i+""/""+j+""=""+cal.divide(i,j)); break; case 5: System.out.println(""Modulus is ""+i+""%""+j+""=""+cal.mod(i,j)); break; default: } } while(ch!=6); } } 9: 10.Constructor overloading: import java.util.*; public class Student { //instance variables of the class int id; String name; Student(){ System.out.println(""this a default constructor""); } Student(int i, String n){ id = i; name = n; } public static void main(String[] args) { //object creation Student s = new Student(); System.out.println(""\nDefault Constructor values: \n""); System.out.println(""Student Id : ""+s.id + ""\nStudent Name : ""+s.name); System.out.println(""\nParameterized Constructor values: \n""); Student student = new Student(10, ""David""); System.out.println(""Student Id : ""+student.id + ""\nStudent Name : ""+student.name); } } OUTPUT: this a default constructor Default Constructor values: Student Id : 0 Student Name : null Parameterized Constructor values: Student Id : 10 Student Name : David 11.Method Overloading PROGRAM: import java.util.*; public class area { public double area(double r){ return 3.14*r*r; } public int area(int l, int b){ return l*b; } public static void main(String[] args) { int length,breadth,radius; Scanner sc = new Scanner(System.in); System.out.println(""Enter length and breadth for area of rectangle""); length=sc.nextInt(); breadth=sc.nextInt(); area rec = new area(); System.out.println(""Area of the rectangle is :""+rec.area(length,breadth)); System.out.println(""Enter radius for area or circle""); radius=sc.nextInt(); System.out.println(""Area of the circle is :""+rec.area(radius)); } } OUTPUT: Enter length and breadth for area or rectangle 10 10 Area of the rectangle is :100 Enter radius for area or circle 10 Area of the circle is :314.0 12.Parameterized constructor PROGRAM: import java.util.*; public class area { String Name = new String(); int rollno; int age; area(int n,int d,String g){ Name=g; rollno=d; age=n; } public static void main(String[] args) { int no,id; Scanner sc = new Scanner(System.in); System.out.println(""Enter your age number:""); no=sc.nextInt(); System.out.println(""Enter your roll number:""); id=sc.nextInt(); System.out.println(""Enter your name:""); String name=sc.nextLine(); area a = new area(no,id,name); System.out.println(""Your name is ""+a.Name+"" Your roll no is ""+a.rollno+"" Your phone number is ""+a.age); } } 13:Array Addition import java.util.*; class ArrayAddition { public void Addition(int array[],int m) { int add=0; for(int i=0;i<=m;i++) { add=add+array[i]; } System.out.print(""\nthe Addition of all elements of the array is ""+add+""\n\n""); } public void display(int array[],int j) { int i=0; System.out.println(""The array is :""); while(i!=j) { System.out.print(array[i]+""  ""); i++; } } } class Main { public static void main(String[] args ) { int a[]=new int[100],i=0,n; Scanner sc = new Scanner (System.in); System.out.println(""enter the number of elements in the array:""); n=sc.nextInt(); System.out.println(""The number of elements in the array is:""+n); System.out.println(""enter the elements of the array""); while(i!=n) { a[i]=sc.nextInt(); i++; } sc.close(); ArrayAddition fill = new ArrayAddition (); fill.display(a,n); fill.Addition(a,n); } } 14:String operations import java.util.*; class StringOpr { public String Uppercase(String s) { s=s.toUpperCase(); return s; } public String Lowercase(String s) { s=s.toLowerCase(); return s; } public void Length(String s) { int a; a=s.length(); System.out.println(a); } public String replace(String s) { String j,h; Scanner read= new Scanner(System.in); System.out.println(""String:""+s); System.out.print(""Enter the word you want to change in the string: ""); j =read.nextLine(); System.out.print(""Enter the word you want to change it to: ""); h=read.nextLine(); s=s.replace(j,h); return s; } } class Stringfunc { public static void main(String[] args) { String str; int ch; Scanner sc= new Scanner(System.in); System.out.println(""Enter a string: ""); str= sc.nextLine(); StringOpr JAVA = new StringOpr (); do { System.out.println(""***CHOOSE OPTION***""); System.out.println(""0.Print string""); System.out.println(""1.Change to upper case""); System.out.println(""2.Change to lower case""); System.out.println(""3.Check length""); System.out.println(""4.Edit input string""); System.out.println(""5.Check character""); System.out.println(""6.Exit""); System.out.println(""Choose from the above options:""); ch=sc.nextInt(); switch (ch) { case 0: System.out.println(str); break; case 1: str=JAVA.Uppercase(str); System.out.println(str); break; case 2: str=JAVA.Lowercase(str); System.out.println(str); break; case 3: JAVA.Length(str); break; case 4: str=JAVA.replace(str); System.out.println(str); break; case 5: int n; System.out.println(""Enter the position to find character""); n=sc.nextInt(); char g=str.charAt(n); System.out.println(""Character at position ""+n+"" is:""+g); } } while(ch!=6); } }",Name?
10 to 14,14 to 20
kya,Pata nahi tune bheja to mene bhi bhrja
20 to 100,100 to 2109
101 to 9999999999999999999999999999999999999999999999999999999999999999999999999999999999999999,Wrong start you lose puchna he na sir ko? lecture ke badd?
Haaa,chalega sirf sir ne bhagana nahi chaheye
Haa,so basically don't take
haaaa,HOD ka bolne wala tha me pur nahi bola
kal bolenge,full emotional blackmail
haaaaa kal bolte hai,chalega
haaaa,chaleha join kar follow up? ki so gaya?
haa,acah 👍
your isn't running tera program bhai,Pata he logic issue he kuch to
Infinite loop Kuch nhi samajh raha,Thek tahu college me
"Okk #include <stdio.h> #include <stdlib.h> struct party{ int num; int votes; }; struct par{ int num; int vote; struct par *next; }; struct party *newnode,*head,*tail,*temp,*pretemp,*ptemp; struct party p[100]; int main() { int nop,i,j,ch,temp,flag,n,temp1; printf(""\t\tELECTION SYSTEM!!!\n""); printf(""Enter the number of parties participating in election process:""); scanf(""%d"",&nop); while(1){ printf(""\t\tSTART VOTING!!!""); printf(""The parties are:\n""); for(i = 0; i < nop; i ++){ p[i].num=i; printf(""%d.Party no. %d\n"",i,p[i].num); } printf(""%d.Exit\n"",(nop + 1)); printf(""Enter your choice:""); scanf(""%d"",&ch); if(ch == (nop + 1)) break; else { for(int i = 0;i < nop;i++){ if(i == ch){ p[i].votes++; printf(""Your Vote has been Added!!!\n""); break; } } } } for(i = 0; i < nop; i ++){ printf(""PARTY %d:"",p[i].num); printf(""%d\n"",p[i].votes); } //bubble sort for(i=0;i<nop-1;i++) { for(j=0;j<nop-1-i;j++) { flag=0; if(p[j].votes<p[j+1].votes) { temp=p[j].votes; temp1=p[j].num; p[j].votes=p[j+1].votes; p[j].num=p[j+1].num; p[j+1].votes=temp; p[j+1].num=temp1; flag=1; } } if(flag==0) break; } for(i=0;i<nop;i++) { printf(""Party :%d "",p[i].num); printf(""Points :%d \n"",p[i].votes); } void LL(){ newnode = (struct party *)malloc(sizeof(struct party)); newnode -> next = NULL; printf("" %d:"",i); if(head == NULL){ head = newnode; tail = newnode; }else{ tail -> next = newnode; tail = newnode; } printf(""Name registered!!!\n""); } } thoda baki hai",DSGT he DLCA ke sir absent hr
"#include<stdio.h> #include<stdlib.h> struct node { int data; struct node *left; struct node *right; }node; struct node *insert(struct node *t,int key) { if(t==NULL) { t=(struct node*)(malloc(sizeof(node))); t->data=key; t->left=NULL; t->right=NULL; } else { if(key>t->data) t->right=insert(t->right,key); else t->left=insert(t->left,key); } return(t); } struct node *search(struct node *t,int key) { if(t==NULL) return(NULL); else if(t->data==key) return(t); else if(key>t->data) return(search(t->right,key)); else return(search(t->left,key)); } struct node *max(struct node *t) { if(t==NULL) return(NULL); while(t->right!=NULL) t=t->right; return(t); } struct node *min(struct node *t) { if(t==NULL) return(NULL); while(t->left!=NULL) t=t->left; return(t); } void preorder(struct node *temp) { if(temp!=NULL) { printf(""\n \n data: %d"",temp->data); preorder(temp->left); preorder(temp->right); } } void postorder (struct node *temp) { if(temp!=NULL) { postorder(temp->left); postorder(temp->right); printf(""\n \n data: %d"",temp->data); } } void inorder(struct node *temp) { if(temp!=NULL) { postorder(temp->left); printf(""\n \n data: %d"",temp->data); postorder(temp->right); } } int main() { struct node *root=NULL; struct node *temp=NULL; int c,key,n,i; do { printf(""****MAIN MENU****""); printf(""\n  1.insert node \n  2.search \n  3.maximum number \n  4.minimum number \n  5.display in inorder format \n  6.display in postorfer format \n  7.display in preorder format\n  8.exit \n""); printf(""enter your choice:""); scanf(""%d"",&c); switch(c) { case 1: printf(""enter the number of data you want to enter:""); scanf(""%d"",&n); for(i=0;i<n;i++) { printf(""enter data:""); scanf(""%d"",&key); if(root==NULL) root=insert(root,key); else temp=insert(root,key); } break; case 2: printf(""enter key:""); scanf(""%d"",&key); temp=search(root,key); if(temp!=NULL) printf(""%d found"",key); else printf(""%d not found"",key); break; case 3: temp=max(root); printf(""\nmax=%d\n"",temp->data); break; case 4: temp=min(root); printf(""\nmin=%d\n"",temp->data); break; case 5: inorder(root); break; case 6: postorder(root); break; case 7: preorder(root); break; } } while(c!=8); return 0; }",script for project You deleted this message You deleted this message
Hi dear love you amey,do you have cg outputs?
EXPT1 EXPT2 EXPT3 EXPT4 EXPT5A EXPT5B EXPT6 EXPT7 EXPT8 EXPT9 EXPT10,thank you turbo c is pretty hard reverse karna baki he kya?
ha shaya,chalega bheju tuje reverse wale? ho gaya run Agar time Mila to sir ko ppt dekha dena Thanks is it fine if I make it same for thread program? the one ma'am gave us
🐠,If you are taking print take mine too lab manual bhi bhej na
Missed voice call,??
Galati se laga,chalega
Java ka wo program bhejna Mam ne likhaya tha Applet ka,kya kya bhaki he? bhejta hu after dinner
Haa chalega,Abhishek kade ahe Ye batana
17 18 Baki hai Porgarm banana hai,Ha kal thektahu banake bhejta hu I won't be coming tomorrow....will rest tomorrow Will complete my checking on Monday. You go ahead and check yours
Okk Chalega Dhyaan rakh,Ha chalega
2nd pdf,I wont be coming tomorrow....will rest tomorrow will do the checking on Monday you get yours checkde
Again ?,??
?,Can you please send whatever the prints we have to take for remaining DLCA practical? Aur JAVA ka applet bhi please
Wo sab kartikey ke paas hai Uske paas se liya maine,acha thik hhe
"#include <stdio.h> #include <math.h> #include <stdlib.h> int cf=0; void lift(int choice) { signed int diff; int i; diff=cf-choice; diff=abs(diff); if(choice<0) printf(""INVALID""); else if(choice==cf) { printf(""You chose the same floor\n""); } else if(choice>cf) { for(i=1;i<=diff;i++) cf++; if(diff>5) sleep(6); else sleep(3); printf(""You are now on floor %d"",cf); } else { for(i=1;i<=diff;i++) cf--; if(diff>5) sleep(6); else sleep(3); printf(""You are now on floor %d"",cf); } } int main() { int chf; do { printf(""\nYou are currently on floor %d Enter the floor you want to go to:\n"",cf); printf(""0   \n""); printf(""\n""); printf(""1    2\n""); printf(""\n""); printf(""3    4\n""); printf(""\n""); printf(""5    6\n""); printf(""\n""); printf(""7    8\n""); printf(""\n""); printf(""9    10\n""); printf(""\n""); printf(""Enter 20 if you reached your desired floor: \n""); printf(""\n""); scanf(""%d"",&chf); if(chf!=20) lift(chf); } while(chf!=20); return 0; } try this don't check the code just run it",What is this code? Sleep?abs? Explain me the code
sleep is like delay and abs keeps the numbers positive like the difference can come -3 but abs converts -3 to 3,I see cool Tho why make it in such a way? Timepass?
Timepass,Acha Kal lecture hoga kya?
Lagta nahi Where ?,Value of L
This message was deleted 1,So we take the largest limit na? In this case 2
No no It's 0 to 2l And we have 0 to 2 So we divide the whole thing by 2,"yaa so you took 0,2 instead of 0,1"
We get 0 to l and 0 to 1 When ?,to calculate
When? Which sum,Tu isena bol Raha he?
Isena ?,"Ha it translates to "" like this?"""
Okk L is 1,Ok thanks Will you do the report for DS projects please? Or should I do it?
I'll do it,"what all functons we have to show for BST program? currently I have done add,post,pre,in should I add delete a node as well?"
Searcing,so like search a number right? anything else?
Yeah searching data,??
Naa I just did in pre post and searh,how do you print search?
Just print Element found Or element not found,aleright and what about bfs and dfs programs?
I'm thinkig we can take it from kartikey,why we cant make it?
Then we can just see it I'm too tired too,so you haven't made it?
And everywhere I search it's the same thing,I thought you had it
Na,you took bst too? or made it?
Made it,well would we have to make graph first for bfs and dfs?
Graph first Then bfs dfs,so how do we make graph?
Search on YouTube you'll get it,"alright #include <stdio.h> #include <stdlib.h> #include <stdbool.h> // Structure for a node in the adjacency list struct Node { int data; struct Node* next; }; // Structure for the adjacency list struct List { struct Node* head; }; // Structure for a graph struct Graph { int vertices; struct List* array; }; // Create a new node struct Node* createNode(int data) { struct Node* newNode = (struct Node*)malloc(sizeof(struct Node)); newNode->data = data; newNode->next = NULL; return newNode; } // Create a graph with 'vertices' vertices struct Graph* createGraph(int vertices) { struct Graph* graph = (struct Graph*)malloc(sizeof(struct Graph)); graph->vertices = vertices; graph->array = (struct List*)malloc(vertices * sizeof(struct List)); for (int i = 0; i < vertices; i++) { graph->array[i].head = NULL; } return graph; } // Add an edge to the graph void addEdge(struct Graph* graph, int src, int dest) { struct Node* newNode = createNode(dest); newNode->next = graph->array[src].head; graph->array[src].head = newNode; newNode = createNode(src); newNode->next = graph->array[dest].head; graph->array[dest].head = newNode; } // Function to perform BFS void BFS(struct Graph* graph, int start) { bool* visited = (bool*)malloc(graph->vertices * sizeof(bool)); for (int i = 0; i < graph->vertices; i++) { visited[i] = false; } // Create a queue for BFS int* queue = (int*)malloc(graph->vertices * sizeof(int)); int front = 0, rear = 0; visited[start] = true; queue[rear++] = start; printf(""Breadth-First Search starting from vertex %d:\n"", start); while (front < rear) { int current = queue[front++]; printf(""%d "", current); struct Node* temp = graph->array[current].head; while (temp) { int neighbor = temp->data; if (!visited[neighbor]) { visited[neighbor] = true; queue[rear++] = neighbor; } temp = temp->next; } } free(visited); free(queue); printf(""\n""); } // Recursive function for Depth-First Search void DFSUtil(struct Graph* graph, int vertex, bool visited[]) { visited[vertex] = true; printf(""%d "", vertex); struct Node* temp = graph->array[vertex].head; while (temp) { if (!visited[temp->data]) { DFSUtil(graph, temp->data, visited); } temp = temp->next; } } // Function to perform DFS void DFS(struct Graph* graph, int start) { bool* visited = (bool*)malloc(graph->vertices * sizeof(bool)); for (int i = 0; i < graph->vertices; i++) { visited[i] = false; } printf(""Depth-First Search starting from vertex %d:\n"", start); DFSUtil(graph, start, visited); printf(""\n""); free(visited); } int main() { int vertices, edges, src, dest, start; printf(""Enter the number of vertices: ""); scanf(""%d"", &vertices); struct Graph* graph = createGraph(vertices); printf(""Enter the number of edges: ""); scanf(""%d"", &edges); for (int i = 0; i < edges; i++) { printf(""Enter edge (source destination): ""); scanf(""%d %d"", &src, &dest); addEdge(graph, src, dest); } printf(""Enter the starting vertex for traversal: ""); scanf(""%d"", &start); BFS(graph, start); DFS(graph, start); return 0; } chat gpt gave this code"
Does it work ?,Ha
Then it's good Just tell me how it works,No idea will have to decode it
Then tell me Enter the number of vertices: 4 Enter the number of edges: 5 Enter edge (source destination): 1 2 Enter edge (source destination): 2 3 Enter edge (source destination): 3 4 Enter edge (source destination): 4 2 Enter edge (source destination): 1 3 Enter the starting vertex for traversal: 3 Breadth-First Search starting from vertex 3: 3 1 4 2 Depth-First Search starting from vertex 3: 3 1 2 4,"Write a program to implement the breadth-first search algorithm. #include <stdio.h> #define MAX 10 void breadth_first_search(int adj[][MAX],int visited[],int start) { int queue[MAX],rear = –1,front =– 1, i; queue[++rear] = start; visited[start] = 1; while(rear != front) { start = queue[++front]; if(start == 4) printf(""5\t""); else printf(""%c \t"",start + 65); for(i = 0; i < MAX; i++) { if(adj[start][i] == 1 && visited[i] == 0) { queue[++rear] = i; visited[i] = 1; } } } } int main() { int visited[MAX] = {0}; int adj[MAX][MAX], i, j; printf(""\n Enter the adjacency matrix: ""); for(i = 0; i < MAX; i++) for(j = 0; j < MAX; j++) scanf(""%d"", &adj[i][j]); breadth_first_search(adj,visited,0); return 0; } void depth_first_search(int adj[][MAX],int visited[],int start) { int stack[MAX]; int top = –1, i; printf(""%c–"",start + 65); visited[start] = 1; stack[++top] = start; while(top ! = –1) { start = stack[top]; for(i = 0; i < MAX; i++) { if(adj[start][i] && visited[i] == 0) { stack[++top] = i; printf(""%c–"", i + 65); visited[i] = 1; break; } } if(i == MAX) top––; } }"
"#include <stdio.h> #include <string.h> int main() { int l=1,t=1; int v,at=0,attempts=3; char ver[10]; printf(""LOGIN AS:\n""); printf(""1.Admin\n""); printf(""2.Voter\n""); scanf(""%d"",&v); if (v==1) { do { printf(""Enter password:""); scanf(""%s"",ver); if (strcmp(ver,""password"") == 0) { printf(""\nThe password is correct:\nYou are logged in as the admin\n""); at++; } else { printf(""\nWRONG PASSWORD!!\nATTEMPTS REMAINING %d!!\n"",attempts-1); at++; attempts--; printf(""%d %d"",at,attempts); } if(attempts==0) { printf(""timer""); } } while(at!=1 || (at!=3 && attempts!=0)); } return 0; } i cant figure out what to put in the while condition we have to stop when the password is correct or 3 wrong passwords",Don't use do while use if else along with breaks and continue Like how we did in guess the random number
Okk,Happy Dussehra 🎉
Happy dushera 🎉🎉 it doesn't work u need a loop for breaks and continues,Yaa you can't put break and continue in if I also learned that hard way
you told me to do that,How did we do it in random tho?
I don't remember while loop how do I stop this,code bhej me thek ta hu
"it should stop at 0 #include <stdio.h> #include <string.h> int main() { int l=1,t=1; int v,at=0,attempts=3; char ver[10]; printf(""LOGIN AS:\n""); printf(""1.Admin\n""); printf(""2.Voter\n""); scanf(""%d"",&v); while(1) { if ((v==1 && at!=10) || attempts!=0) { printf(""Enter password:""); scanf(""%s"",ver); if (strcmp(ver,""password"") == 0) { printf(""\nThe password is correct:\nYou are logged in as the admin\n""); at=10; attempts=0; break; } else { printf(""\nWRONG PASSWORD!!\nATTEMPTS REMAINING %d!!\n"",attempts-1); at++; attempts--; printf(""%d %d"",at,attempts); if(at!=10 && attempts==0) { printf(""timer""); } continue; } } } return 0; } and something else will go in the timer wala loop that is just temporary","#include <stdio.h> #include <string.h> int main(){ int l=1,t=1; int v,at=0,attempts=0; char ver[10]; printf(""LOGIN AS:\n""); printf(""1.Admin\n""); printf(""2.Voter\n""); scanf(""%d"",&v); while(v == 1 && attempts != 3){ printf(""Enter the Password:""); scanf(""%s"",&ver); if(strcmp(ver,""password"") == 0){ printf(""Welcome Admin!!!!\n""); break; }else{ attempts ++; printf(""Wrong Password!!!\nPlease try again!!!\nRemaining attempts %d\n"",(3-attempts)); continue; } } return 0; }"
okk,anything else?
naa ill give you the login code you change the ds project accordingly later,should I add anyting more ?
the admin will have option to add or delete parties and view the number of votes each party has,like if it is a admin give him how many votes each person got along with winne alright
and the voter will only have one option vote,chalega
should we take voter id like the admin can check which id voted who,that's against law  for admin to see that only thing id is used is to know number of voters
so should we give a voter id ? or party isd ?,naa just keep incrementing int  variable voters. and we can give party ids
okk,so to not check names during counting
yaa,and instead ids
the admin will add the parties and their ids,send me log in will add everything else after that haa
okk,will have to add everything and make a new one
yaaa This message was deleted give admin option to log out after every time it changes something give function call to timer func we can have that for log in too,……. deleted code?
wait sending run it in turbo c,kyu? will remove clrscr() add it later after everything is done
"#include <stdio.h> #include<stdlib.h> #include <string.h> void timer() { int l=1,t=1; do { if(l==1) { printf(""Invalid Entry LOGGING OUT.:""); l++; t++; sleep(1); clrscr(); } else if(l==2) { printf(""Invalid Entry LOGGING OUT..:""); l++; t++; sleep(1); clrscr(); } else if(l==3) { printf(""Invalid Entry LOGGING OUT...:""); l++; t++; sleep(1); clrscr(); } else if(l==4) { printf(""Invalid Entry LOGGING OUT....:""); l++; t++; sleep(1); clrscr(); } else if(l==5) { printf(""Invalid Entry LOGGING OUT.....:""); l=1; t++; sleep(1); clrscr(); } }while(t!=15); if(t==15) printf(""LOGGED OUT!THANK YOU!!""); } int v,at=0,attempts=3; int wrongpass() { char ver[10]; printf(""Enter password:""); scanf(""%s"",ver); if (strcmp(ver,""password"") == 0) { printf(""\nThe password is correct:\nYou are logged in as the admin\n""); at=10; attempts=0; return 1; } else { printf(""\nWRONG PASSWORD!!\nATTEMPTS REMAINING %d!!\n"",attempts-1); at++; attempts--; } } int main() { char ver[10]; int c; printf(""LOGIN AS:\n""); printf(""1.Admin\n""); printf(""2.Voter\n""); scanf(""%d"",&v); if ((v==1 && at!=10) || (v==1 &&attempts!=0)) { printf(""Enter password:""); scanf(""%s"",ver); if (strcmp(ver,""password"") == 0) { printf(""\nThe password is correct:\nYou are logged in as the admin\n""); at=10; attempts=0; } else { printf(""\nWRONG PASSWORD!!\nATTEMPTS REMAINING %d!!\n"",attempts-1); at++; attempts--; while(at!=3) { c=wrongpass(); if(c==1) break; } if(at==3) { timer(); } } } return 0; } just try it once then edit",alright
you can create functions for login and all if youd like,yaa
Clear screen after every vote,"#include <stdio.h> #include <stdlib.h> #include <conio.h> #include <string.h> //clrscr(); struct party { char name[100]; int vote; struct party* next; }; // Initialize the variables of struct party struct party* newnode, * head, * tail, * temp, *pretemp, *lptr, *tempParty, *party1, *party2; //global variables int v,at=0,attempts=3, nop; // Function prototypes void party_name_input(int i); void print_name(); void give_vote(int ch); void vote_ranking(); void vote_tie(); int start_voting(); void print_ranking(); void admin_log_in(); void timer(); int wrongpass(); void admin_ascess(); void voter_log_in(); int main() { // Initialization int  i, ch; head = NULL; tail = NULL; printf(""\t\tELECTION SYSTEM!!!\n""); printf(""Log in before proceeding\n1.Admin Log in\n2.Voter Log in\nEnter your choice:""); scanf(""%d"",&ch); switch(ch){ case 1: admin_log_in(); break; case 2: voter_log_in(); break; } if (head -> vote == head -> next -> vote) { vote_tie(); }else { printf(""Congratulations!!! %s HAS WON THE ELECTIONS!!!\n"", head->name); } return 0; } void party_name_input(int i) { newnode = (struct party*)malloc(sizeof(struct party)); newnode -> next = NULL; printf(""Enter the name of party %d: "", i); scanf(""%s"",&newnode -> name); newnode -> vote = 0; // Initialize vote count to 0 if (head == NULL) { head = newnode; tail = newnode; } else { tail -> next = newnode; tail = newnode; } printf(""Name registered!!!\n""); } void print_name() { temp = head; for (int i = 1; i <= nop; i++) { printf(""%d. %s\n"", i, temp -> name); temp = temp -> next; } } void give_vote(int ch) { temp = head; for (int i = 1; i < ch; i++) { temp = temp -> next; } temp -> vote ++; } void vote_ranking() { int swapped; lptr = NULL; if (head == NULL) return; do { swapped = 0; temp = head; while (temp -> next != lptr) { if (temp -> vote < temp -> next -> vote) { // Swap the parties tempParty = temp; temp = temp -> next; tempParty -> next = temp -> next; temp -> next = tempParty; if (tempParty == head) head = temp; else { pretemp -> next = temp; } swapped = 1; } pretemp = temp; temp = temp -> next; } lptr = temp; } while (swapped); } void vote_tie() { int ch; party1 = head; party2 = head -> next; printf(""There is a TIE between %s and %s!!!\n"", party1 -> name, party2 -> name); printf(""Last Round between them!!!\n""); while (1) { print_name(2); printf(""3. Exit\n""); printf(""Enter your choice: ""); scanf(""%d"", &ch); if (ch == 1) { give_vote(1); } else if (ch == 2) { give_vote(2); } else if (ch == 3) { break; } if (party1 -> vote > party2 -> vote) { printf(""Congratulations!!! %s HAS WON THE ELECTIONS!!!\n"", party1 -> name); break; } else if (party1 -> vote < party2 -> vote) { printf(""Congratulations!!! %s HAS WON THE ELECTIONS!!!\n"", party2   -> name); break; } } } int start_voting() { int ch; printf(""\t\tSTART VOTING!!!\n""); printf(""The parties are:\n""); print_name(); printf(""%d. Exit\n"", (nop + 1)); printf(""Enter your choice: ""); scanf(""%d"", &ch); if (ch == (nop + 1)) return nop; give_vote(ch); printf(""Your Vote has been Added!!!\n""); start_voting(); } void print_ranking() { temp = head; while (temp != NULL) { printf(""%s == %d\n"", temp -> name, temp -> vote); temp = temp -> next; } } void admin_log_in(){ char ver[10]; int c; if (at!=10 || attempts!=0){ printf(""Enter password:""); scanf(""%s"",ver); if (strcmp(ver,""password"") == 0){ printf(""\nThe password is correct:\nYou are logged in as the admin\n""); at=10; attempts=0; admin_ascess(); } else{ printf(""\nWRONG PASSWORD!!\nATTEMPTS REMAINING %d!!\n"",(attempts-1)); at++; attempts--; while(at!=3) { c=wrongpass(); if(c==1){ admin_ascess(); break; } } if(at==3) { timer(); } } } } int wrongpass(){ char ver[10]; printf(""Enter password:""); scanf(""%s"",ver); if (strcmp(ver,""password"") == 0){ printf(""\nThe password is correct:\nYou are logged in as the admin\n""); at=10; attempts=0; return 1; } else{ printf(""\nWRONG PASSWORD!!\nATTEMPTS REMAINING %d!!\n"",attempts-1); at++; attempts--; } } void timer(){ int l=1,t=1; do{ if(l==1){ printf(""Invalid Entry LOGGING OUT.:""); l++; t++; sleep(1); }else if(l==2){ printf(""Invalid Entry LOGGING OUT..:""); l++; t++; sleep(1); }else if(l==3){ printf(""Invalid Entry LOGGING OUT...:""); l++; t++; sleep(1); clrscr(); }else if(l==4){ printf(""Invalid Entry LOGGING OUT....:""); l++; t++; sleep(1); }else if(l==5){ printf(""Invalid Entry LOGGING OUT.....:""); l=1; t++; sleep(1); } }while(t!=15); if(t==15) printf(""LOGGED OUT!THANK YOU!!""); } void admin_ascess(){ int ch,i; printf(""Welcome ADMIN!!!\nPlease choice what you  wish to do:\n1.Enter the party names\n2.Start Counting\n3.Declare Result\n4.Exit\nPlease Enter your choice:""); scanf(""%d"",&ch); switch(ch){ case 1: printf(""Enter the number of parties participating in the election process:""); scanf(""%d"", &nop); for (i = 1; i <= nop; i++) { party_name_input(i); } break; case 2: vote_ranking(nop); break; case 3: print_ranking(); break; case 4: return ; } } void voter_log_in(){ printf(""Welcome Voters!!!!""); start_voting(nop); } know anything about this error? i removed"
See again there must be some Let me try,"ha tho it gives error in trbo c #include <stdio.h> #include <stdlib.h> #include <conio.h> #include <string.h> //clrscr(); struct party { char name[100]; int vote; struct party* next; }; // Initialize the variables of struct party struct party* newnode, * head, * tail, * temp, *pretemp, *lptr, *tempParty, *party1, *party2; //global variables int v,at=0,attempts=3, nop; // Function prototypes void party_name_input(int i); void print_name(); void give_vote(int ch); void vote_ranking(); void vote_tie(); int start_voting(); void print_ranking(); void admin_log_in(); void timer(); int wrongpass(); void admin_ascess(); void voter_log_in(); int main() { // Initialization int  i, ch; head = NULL; tail = NULL; printf(""\t\tELECTION SYSTEM!!!\n""); printf(""Log in before proceeding\n1.Admin Log in\n2.Voter Log in\nEnter your choice:""); scanf(""%d"",&ch); switch(ch){ case 1: admin_log_in(); break; case 2: voter_log_in(); break; } if (head -> vote == head -> next -> vote) { vote_tie(); }else { printf(""Congratulations!!! %s HAS WON THE ELECTIONS!!!\n"", head->name); } return 0; } void party_name_input(int i) { newnode = (struct party*)malloc(sizeof(struct party)); newnode -> next = NULL; printf(""Enter the name of party %d: "", i); scanf(""%s"",&newnode -> name); newnode -> vote = 0; // Initialize vote count to 0 if (head == NULL) { head = newnode; tail = newnode; } else { tail -> next = newnode; tail = newnode; } printf(""Name registered!!!\n""); } void print_name() { temp = head; for (int i = 1; i <= nop; i++) { printf(""%d. %s\n"", i, temp -> name); temp = temp -> next; } } void give_vote(int ch) { temp = head; for (int i = 1; i < ch; i++) { temp = temp -> next; } temp -> vote ++; } void vote_ranking() { int swapped; lptr = NULL; if (head == NULL) return; do { swapped = 0; temp = head; while (temp -> next != lptr) { if (temp -> vote < temp -> next -> vote) { // Swap the parties tempParty = temp; temp = temp -> next; tempParty -> next = temp -> next; temp -> next = tempParty; if (tempParty == head) head = temp; else { pretemp -> next = temp; } swapped = 1; } pretemp = temp; temp = temp -> next; } lptr = temp; } while (swapped); } void vote_tie() { int ch; party1 = head; party2 = head -> next; printf(""There is a TIE between %s and %s!!!\n"", party1 -> name, party2 -> name); printf(""Last Round between them!!!\n""); while (1) { print_name(2); printf(""3. Exit\n""); printf(""Enter your choice: ""); scanf(""%d"", &ch); if (ch == 1) { give_vote(1); } else if (ch == 2) { give_vote(2); } else if (ch == 3) { break; } if (party1 -> vote > party2 -> vote) { printf(""Congratulations!!! %s HAS WON THE ELECTIONS!!!\n"", party1 -> name); break; } else if (party1 -> vote < party2 -> vote) { printf(""Congratulations!!! %s HAS WON THE ELECTIONS!!!\n"", party2   -> name); break; } } } int start_voting() { int ch; printf(""\t\tSTART VOTING!!!\n""); printf(""The parties are:\n""); print_name(); printf(""%d. Exit\n"", (nop + 1)); printf(""Enter your choice: ""); scanf(""%d"", &ch); if (ch == (nop + 1)) return nop; give_vote(ch); printf(""Your Vote has been Added!!!\n""); start_voting(); } void print_ranking() { temp = head; while (temp != NULL) { printf(""%s == %d\n"", temp -> name, temp -> vote); temp = temp -> next; } } void admin_log_in(){ char ver[10]; int c; if (at!=10 || attempts!=0){ printf(""Enter password:""); scanf(""%s"",ver); if (strcmp(ver,""password"") == 0){ printf(""\nThe password is correct:\nYou are logged in as the admin\n""); at=10; attempts=0; admin_ascess(); } else{ printf(""\nWRONG PASSWORD!!\nATTEMPTS REMAINING %d!!\n"",(attempts-1)); at++; attempts--; while(at!=3) { c=wrongpass(); if(c==1){ admin_ascess(); break; } } if(at==3) { timer(); } } } } int wrongpass(){ char ver[10]; printf(""Enter password:""); scanf(""%s"",ver); if (strcmp(ver,""password"") == 0){ printf(""\nThe password is correct:\nYou are logged in as the admin\n""); at=10; attempts=0; return 1; } else{ printf(""\nWRONG PASSWORD!!\nATTEMPTS REMAINING %d!!\n"",attempts-1); at++; attempts--; } } void timer(){ int l=1,t=1; do{ if(l==1){ printf(""Invalid Entry LOGGING OUT.:""); l++; t++; sleep(1); }else if(l==2){ printf(""Invalid Entry LOGGING OUT..:""); l++; t++; sleep(1); }else if(l==3){ printf(""Invalid Entry LOGGING OUT...:""); l++; t++; sleep(1); clrscr(); }else if(l==4){ printf(""Invalid Entry LOGGING OUT....:""); l++; t++; sleep(1); }else if(l==5){ printf(""Invalid Entry LOGGING OUT.....:""); l=1; t++; sleep(1); } }while(t!=15); if(t==15) printf(""LOGGED OUT!THANK YOU!!""); } void admin_ascess(){ int ch,i; printf(""Welcome ADMIN!!!\nPlease choice what you  wish to do:\n1.Enter the party names\n2.Start Counting\n3.Declare Result\n4.Exit\nPlease Enter your choice:""); scanf(""%d"",&ch); switch(ch){ case 1: printf(""Enter the number of parties participating in the election process:""); scanf(""%d"", &nop); for (i = 1; i <= nop; i++) { party_name_input(i); } break; case 2: vote_ranking(); break; case 3: print_ranking(); break; case 4: return ; } } void voter_log_in(){ printf(""Welcome Voters!!!!""); start_voting(); }"
what this ?,run that one
same error,haa aur waha error nahi he
there was one clrscr,you removed it?
yaa tie error,hoa na run?
BJP won haa,check kar le
"#include <stdio.h> #include <stdlib.h> #include <conio.h> #include <string.h> //clrscr(); struct party { char name[100]; int vote; struct party* next; }; // Initialize the variables of struct party struct party* newnode, * head, * tail, * temp, *pretemp, *lptr, *tempParty, *party1, *party2; //global variables int v,at=0,attempts=3, nop; // Function prototypes void party_name_input(int i); void print_name(); void give_vote(int ch); void vote_ranking(); void vote_tie(); int start_voting(); void print_ranking(); void admin_log_in(); void timer(); int wrongpass(); void admin_ascess(); void voter_log_in(); int main() { // Initialization int  i, ch; head = NULL; tail = NULL; printf(""\t\tELECTION SYSTEM!!!\n""); printf(""Log in before proceeding\n1.Admin Log in\n2.Voter Log in\nEnter your choice:""); scanf(""%d"",&ch); switch(ch){ case 1: admin_log_in(); break; case 2: voter_log_in(); break; } if (head -> vote == head -> next -> vote) { vote_tie(); }else { printf(""Congratulations!!! %s HAS WON THE ELECTIONS!!!\n"", head->name); } return 0; } void party_name_input(int i) { newnode = (struct party*)malloc(sizeof(struct party)); newnode -> next = NULL; printf(""Enter the name of party %d: "", i); scanf(""%s"",&newnode -> name); newnode -> vote = 0; // Initialize vote count to 0 if (head == NULL) { head = newnode; tail = newnode; } else { tail -> next = newnode; tail = newnode; } printf(""Name registered!!!\n""); } void print_name() { temp = head; for (int i = 1; i <= nop; i++) { printf(""%d. %s\n"", i, temp -> name); temp = temp -> next; } } void give_vote(int ch) { temp = head; for (int i = 1; i < ch; i++) { temp = temp -> next; } temp -> vote ++; } void vote_ranking() { int swapped; lptr = NULL; if (head == NULL) return; do { swapped = 0; temp = head; while (temp -> next != lptr) { if (temp -> vote < temp -> next -> vote) { // Swap the parties tempParty = temp; temp = temp -> next; tempParty -> next = temp -> next; temp -> next = tempParty; if (tempParty == head) head = temp; else { pretemp -> next = temp; } swapped = 1; } pretemp = temp; temp = temp -> next; } lptr = temp; } while (swapped); } void vote_tie() { int ch; party1 = head; party2 = head -> next; printf(""There is a TIE between %s and %s!!!\n"", party1 -> name, party2 -> name); printf(""Last Round between them!!!\n""); while (1) { print_name(2); printf(""3. Exit\n""); printf(""Enter your choice: ""); scanf(""%d"", &ch); if (ch == 1) { give_vote(1); } else if (ch == 2) { give_vote(2); } else if (ch == 3) { break; } if (party1 -> vote > party2 -> vote) { printf(""Congratulations!!! %s HAS WON THE ELECTIONS!!!\n"", party1 -> name); break; } else if (party1 -> vote < party2 -> vote) { printf(""Congratulations!!! %s HAS WON THE ELECTIONS!!!\n"", party2   -> name); break; } } } int start_voting() { int ch; printf(""\t\tSTART VOTING!!!\n""); printf(""The parties are:\n""); print_name(); printf(""%d. Exit\n"", (nop + 1)); printf(""Enter your choice: ""); scanf(""%d"", &ch); if (ch == (nop + 1)) return nop; give_vote(ch); printf(""Your Vote has been Added!!!\n""); start_voting(); } void print_ranking() { temp = head; while (temp != NULL) { printf(""%s == %d\n"", temp -> name, temp -> vote); temp = temp -> next; } } void admin_log_in(){ char ver[10]; int c; if (at!=10 || attempts!=0){ printf(""Enter password:""); scanf(""%s"",ver); if (strcmp(ver,""password"") == 0){ printf(""\nThe password is correct:\nYou are logged in as the admin\n""); at=10; attempts=0; admin_ascess(); } else{ printf(""\nWRONG PASSWORD!!\nATTEMPTS REMAINING %d!!\n"",(attempts-1)); at++; attempts--; while(at!=3) { c=wrongpass(); if(c==1){ admin_ascess(); break; } } if(at==3) { timer(); } } } } int wrongpass(){ char ver[10]; printf(""Enter password:""); scanf(""%s"",ver); if (strcmp(ver,""password"") == 0){ printf(""\nThe password is correct:\nYou are logged in as the admin\n""); at=10; attempts=0; return 1; } else{ printf(""\nWRONG PASSWORD!!\nATTEMPTS REMAINING %d!!\n"",attempts-1); at++; attempts--; } } void timer(){ int l=1,t=1; do{ if(l==1){ printf(""Invalid Entry LOGGING OUT.:""); l++; t++; sleep(1); }else if(l==2){ printf(""Invalid Entry LOGGING OUT..:""); l++; t++; sleep(1); }else if(l==3){ printf(""Invalid Entry LOGGING OUT...:""); l++; t++; sleep(1); }else if(l==4){ printf(""Invalid Entry LOGGING OUT....:""); l++; t++; sleep(1); }else if(l==5){ printf(""Invalid Entry LOGGING OUT.....:""); l=1; t++; sleep(1); } }while(t!=15); if(t==15) printf(""LOGGED OUT!THANK YOU!!""); } void admin_ascess(){ int ch,i; printf(""Welcome ADMIN!!!\nPlease choice what you  wish to do:\n1.Enter the party names\n2.Start Counting\n3.Declare Result\n4.Exit\nPlease Enter your choice:""); scanf(""%d"",&ch); switch(ch){ case 1: printf(""Enter the number of parties participating in the election process:""); scanf(""%d"", &nop); for (i = 1; i <= nop; i++) { party_name_input(i); } break; case 2: vote_ranking(); break; case 3: print_ranking(); break; case 4: return ; } } void voter_log_in(){ printf(""Welcome Voters!!!!""); start_voting(); }",if everything good
are see the pic error blunder,😂😂
ya what to do directly tie no voting? voter kya karega admin hi decide karega to,ahahhaha dekta u *hu
again another one,ha re
wromg password pe log in ho gaya,wo mene chapa he log in wala just copy paste
are to usko synch kar,"#include <stdio.h> #include <stdlib.h> #include <conio.h> #include <string.h> //clrscr(); struct party { char name[100]; int vote; struct party* next; }; // Initialize the variables of struct party struct party* newnode, * head, * tail, * temp, *pretemp, *lptr, *tempParty, *party1, *party2; //global variables int v,at=0,attempts=3, nop; // Function prototypes void party_name_input(int i); void print_name(); void give_vote(int ch); void vote_ranking(); void vote_tie(); int start_voting(); void print_ranking(); void admin_log_in(); void timer(); int wrongpass(); void admin_ascess(); void voter_log_in(); int main() { // Initialization int  i, ch; head = NULL; tail = NULL; printf(""\t\tELECTION SYSTEM!!!\n""); do{ printf(""Log in before proceeding\n1.Admin Log in\n2.Voter Log in\n3.Exit\nEnter your choice:""); scanf(""%d"",&ch); switch(ch){ case 1: admin_log_in(); break; case 2: voter_log_in(); break; case 3: printf(""Thank you!!!\n""); break; } }while(ch!= 3); if (head -> vote == head -> next -> vote) { vote_tie(); }else { printf(""Congratulations!!! %s HAS WON THE ELECTIONS!!!\n"", head->name); } return 0; } void party_name_input(int i) { newnode = (struct party*)malloc(sizeof(struct party)); newnode -> next = NULL; printf(""Enter the name of party %d: "", i); scanf(""%s"",&newnode -> name); newnode -> vote = 0; // Initialize vote count to 0 if (head == NULL) { head = newnode; tail = newnode; } else { tail -> next = newnode; tail = newnode; } printf(""Name registered!!!\n""); } void print_name() { temp = head; for (int i = 1; i <= nop; i++) { printf(""%d. %s\n"", i, temp -> name); temp = temp -> next; } } void give_vote(int ch) { temp = head; for (int i = 1; i < ch; i++) { temp = temp -> next; } temp -> vote ++; } void vote_ranking() { int swapped; lptr = NULL; if (head == NULL) return; do { swapped = 0; temp = head; while (temp -> next != lptr) { if (temp -> vote < temp -> next -> vote) { // Swap the parties tempParty = temp; temp = temp -> next; tempParty -> next = temp -> next; temp -> next = tempParty; if (tempParty == head) head = temp; else { pretemp -> next = temp; } swapped = 1; } pretemp = temp; temp = temp -> next; } lptr = temp; } while (swapped); } void vote_tie() { int ch; party1 = head; party2 = head -> next; printf(""There is a TIE between %s and %s!!!\n"", party1 -> name, party2 -> name); printf(""Last Round between them!!!\n""); while (1) { print_name(2); printf(""3. Exit\n""); printf(""Enter your choice: ""); scanf(""%d"", &ch); if (ch == 1) { give_vote(1); } else if (ch == 2) { give_vote(2); } else if (ch == 3) { break; } if (party1 -> vote > party2 -> vote) { printf(""Congratulations!!! %s HAS WON THE ELECTIONS!!!\n"", party1 -> name); break; } else if (party1 -> vote < party2 -> vote) { printf(""Congratulations!!! %s HAS WON THE ELECTIONS!!!\n"", party2   -> name); break; } } } int start_voting() { int ch; printf(""\t\tSTART VOTING!!!\n""); printf(""The parties are:\n""); print_name(); printf(""%d. Exit\n"", (nop + 1)); printf(""Enter your choice: ""); scanf(""%d"", &ch); if (ch == (nop + 1)) return nop; give_vote(ch); printf(""Your Vote has been Added!!!\n""); start_voting(); } void print_ranking() { temp = head; while (temp != NULL) { printf(""%s == %d\n"", temp -> name, temp -> vote); temp = temp -> next; } } void admin_log_in(){ char ver[10]; int c; if (at!=10 || attempts!=0){ printf(""Enter password:""); scanf(""%s"",ver); if (strcmp(ver,""password"") == 0){ printf(""\nThe password is correct:\nYou are logged in as the admin\n""); at=10; attempts=0; admin_ascess(); } else{ printf(""\nWRONG PASSWORD!!\nATTEMPTS REMAINING %d!!\n"",(attempts-1)); at++; attempts--; while(at!=4) { c=wrongpass(); if(c==1){ break; } } if(at==3) { timer(); } } } } int wrongpass(){ char ver[10]; printf(""Enter password:""); scanf(""%s"",ver); if (strcmp(ver,""password"") == 0){ printf(""\nThe password is correct:\nYou are logged in as the admin\n""); at=10; attempts=0; admin_ascess(); return 1; } else{ printf(""\nWRONG PASSWORD!!\nATTEMPTS REMAINING %d!!\n"",attempts-1); at++; attempts--; } } void timer(){ int l=1,t=1; do{ if(l==1){ printf(""Invalid Entry LOGGING OUT.:""); l++; t++; sleep(1); }else if(l==2){ printf(""Invalid Entry LOGGING OUT..:""); l++; t++; sleep(1); }else if(l==3){ printf(""Invalid Entry LOGGING OUT...:""); l++; t++; sleep(1); }else if(l==4){ printf(""Invalid Entry LOGGING OUT....:""); l++; t++; sleep(1); }else if(l==5){ printf(""Invalid Entry LOGGING OUT.....:""); l=1; t++; sleep(1); } }while(t!=15); if(t==15) printf(""LOGGED OUT!THANK YOU!!""); } void admin_ascess(){ int ch,i; printf(""Welcome ADMIN!!!\nPlease choice what you  wish to do:\n1.Enter the party names\n2.Start Counting\n3.Declare Result\n4.Exit\nPlease Enter your choice:""); scanf(""%d"",&ch); switch(ch){ case 1: printf(""Enter the number of parties participating in the election process:""); scanf(""%d"", &nop); for (i = 1; i <= nop; i++) { party_name_input(i); } break; case 2: vote_ranking(); break; case 3: print_ranking(); break; case 4: return ; } } void voter_log_in(){ if(tail == NULL){ printf(""Welcome Vo"
Nahi hua solve ?,then if you try to relog in it wont let you
Ek baar wrong hua uske baad 2 ?,this two problem only currently
Re log in ke time pe at attempts ka value reset kar,it only gives 2 attemps.
Total 2 ? Ya ek baar wrong hua uske baad 2,ok this one
Condition change karde na,run that code solo
Solo ?,if it works like that then it is sth different only the log n code whats  initial values of attempts and at?
At is 0 Attempts is 3,"#include <stdio.h> #include <stdlib.h> #include <conio.h> #include <string.h> //clrscr(); struct party { char name[100]; int vote; struct party* next; }; // Initialize the variables of struct party struct party* newnode, * head, * tail, * temp, *pretemp, *lptr, *tempParty, *party1, *party2; //global variables int v,at=0,attempts=3, nop; // Function prototypes void party_name_input(int i); void print_name(); void give_vote(int ch); void vote_ranking(); void vote_tie(); int start_voting(); void print_ranking(); void admin_log_in(); void timer(); int wrongpass(); void admin_ascess(); void voter_log_in(); int main() { // Initialization int  i, ch; head = NULL; tail = NULL; printf(""\t\tELECTION SYSTEM!!!\n""); do{ printf(""Log in before proceeding\n1.Admin Log in\n2.Voter Log in\n3.Exit\nEnter your choice:""); scanf(""%d"",&ch); switch(ch){ case 1: at = 0; attempts = 3; admin_log_in(); break; case 2: voter_log_in(); break; case 3: printf(""Thank you!!!\n""); break; } }while(ch!= 3); if (head -> vote == head -> next -> vote) { vote_tie(); }else { printf(""Congratulations!!! %s HAS WON THE ELECTIONS!!!\n"", head->name); } return 0; } void party_name_input(int i) { newnode = (struct party*)malloc(sizeof(struct party)); newnode -> next = NULL; printf(""Enter the name of party %d: "", i); scanf(""%s"",&newnode -> name); newnode -> vote = 0; // Initialize vote count to 0 if (head == NULL && tail == NULL) { head = newnode; tail = newnode; } else { tail -> next = newnode; tail = newnode; } printf(""Name registered!!!\n""); } void print_name() { temp = head; for (int i = 1; i <= nop; i++) { printf(""%d. %s\n"", i, temp -> name); temp = temp -> next; } } void give_vote(int ch) { temp = head; for (int i = 1; i < ch; i++) { temp = temp -> next; } temp -> vote ++; } void vote_ranking() { int swapped; lptr = NULL; if (tail == NULL){ printf(""There are no Parties found to be ranked!!!!\n""); return; } do { swapped = 0; temp = head; while (temp -> next != lptr) { if (temp -> vote < temp -> next -> vote) { // Swap the parties tempParty = temp; temp = temp -> next; tempParty -> next = temp -> next; temp -> next = tempParty; if (tempParty == head) head = temp; else { pretemp -> next = temp; } swapped = 1; } pretemp = temp; temp = temp -> next; } lptr = temp; } while (swapped); } void vote_tie() { int ch; party1 = head; party2 = head -> next; printf(""There is a TIE between %s and %s!!!\n"", party1 -> name, party2 -> name); printf(""Last Round between them!!!\n""); while (1) { print_name(2); printf(""3. Exit\n""); printf(""Enter your choice: ""); scanf(""%d"", &ch); if (ch == 1) { give_vote(1); } else if (ch == 2) { give_vote(2); } else if (ch == 3) { break; } if (party1 -> vote > party2 -> vote) { printf(""Congratulations!!! %s HAS WON THE ELECTIONS!!!\n"", party1 -> name); break; } else if (party1 -> vote < party2 -> vote) { printf(""Congratulations!!! %s HAS WON THE ELECTIONS!!!\n"", party2   -> name); break; } } } int start_voting() { int ch; printf(""\t\tSTART VOTING!!!\n""); printf(""The parties are:\n""); print_name(); printf(""%d. Exit\n"", (nop + 1)); printf(""Enter your choice: ""); scanf(""%d"", &ch); if (ch == (nop + 1)) return nop; give_vote(ch); printf(""Your Vote has been Added!!!\n""); start_voting(); } void print_ranking() { temp = head; if(tail == NULL){ printf(""There are no Parties found!!!\n""); }else{ for (int i = 1; i <= nop; i++) { printf(""%d. %s ==> %d\n"", i, temp -> name,temp -> vote); temp = temp -> next; } } } void admin_log_in(){ char ver[10]; int c; if (at!=10 || attempts!=0){ printf(""Enter password:""); scanf(""%s"",ver); if (strcmp(ver,""password"") == 0){ printf(""\nThe password is correct:\nYou are logged in as the admin\n""); at=10; attempts=0; admin_ascess(); } else{ printf(""\nWRONG PASSWORD!!\nATTEMPTS REMAINING %d!!\n"",(attempts-1)); at++; attempts--; while(at!=4) { c=wrongpass(); if(c==1){ break; } } if(at==3) { timer(); } } } } int wrongpass(){ char ver[10]; printf(""Enter password:""); scanf(""%s"",ver); if (strcmp(ver,""password"") == 0){ printf(""\nThe password is correct:\nYou are logged in as the admin\n""); at=10; attempts=0; admin_ascess(); return 1; } else{ printf(""\nWRONG PASSWORD!!\nATTEMPTS REMAINING %d!!\n"",attempts-1); at++; attempts--; } } void timer(){ int l=1,t=1; do{ if(l==1){ printf(""Invalid Entry LOGGING OUT.:""); l++; t++; sleep(1); }else if(l==2){ printf(""Invalid Entry LOGGING OUT..:""); l++; t++; sleep(1); }else if(l==3){ printf(""Invalid Entry LOGGING OUT...:""); l++; t++; sleep(1); }else if(l==4){ printf(""Invalid Entry LOGGING OUT....:""); l++; t++; sleep(1); }else if(l==5){ printf(""Invalid Entry LOGGING OUT.....:""); l=1; t++; sleep(1); } }while(t!=15); if(t==15) printf(""LOGGED OUT!THANK YOU!!""); } void admin_ascess(){ int ch,i; do{ printf(""Welcome ADMIN!!!\nPlease choice what you  wish to do:\n1.Enter the party names\n2.Start Counting\n3.Declare Result\n4.Exit\nPlease Enter your choice:""); scanf(""%d"",&ch); switch(ch){ case 1: printf(""Enter the number of parties participating in the election process:""); scanf(""%d"", &nop); for (i = 1;"
It's fine We don't need a PPT right Just the report,yaa
Okk,no I meant log in part admin log in part with only 2 attemps
Okk I'll see it Everything else runs ?,yaa
Properly ?,and if we wanna add then clrscr() ha
Okk,nahi hua to bata dena
Turbo c errors ?,haven't seen them
Okk I'll see,understood
Ok,me adha soke utha aur sir ne lecture cancle kar diya
😂😂😂,Sir Gaye to bata
Haa,Gaye kya sir?
"Haa give the advantages and disadvantages of handwired control unit design using state-table method and Delay-element method 42. what is cache Memory? A 32-bit computer has a 32-bit -memory address. It has 8kb of cache memory the Computer follows four-way set associative mapping. Each line size is 16. bytes. Show the memory format and cache memory organization. address 03 what is Amdahl's love? let a program have do percent of its code enhanced (so f₂ =0·4) run 2.8 times faster. (so f₁ = 2.3),ohat is the overall system speedup s? ea what is addressing node and explain it os Draw and Explain functioning of the microprogrammed con bol unit. the neat black diagram for flynn's classification. 06- Draw the neat block. -07 Daaw basic exganisation of computer and explain. its block level functional units. 08 Enlist different types of bus arbitration schemes and explain any one a short note: Interleaved and assovahve memory microprogram for instruction MOV A (copy the contents of Register I to Register n) 11 Explain with suitable diagrams, long DRAM cell Required Refreshing in Computer System",15min me aya me Kal araha he na?
Haa Aaunga Soke,ha chalega sirf mere leye 2-3 double sided pages leke ana. Along with dlca assignment no 1
Haaa Garba khelega ?,thanks ha chal
Khelega ? Thikke 5 baje hai,kal?
Haa Kal hi to hai college me,acha sach me?
Haaa,chalega
Haaaaaaa,There is no tie devanshuva
Hmmm Okk,Did you checked the old code by mistake by any chance?
Ya I guess Send me this code,Will make a notepad of code after getting home
Okk chalse,"#include <stdio.h> #include <stdlib.h> #include <conio.h> #include <string.h> //clrscr(); struct party { char name[100]; int vote; struct party* next; }; // Initialize the variables of struct party struct party* newnode, * head, * tail, * temp, *pretemp, *lptr, *tempParty, *party1, *party2; //global variables int v,at=0,attempts=3, nop; // Function prototypes void party_name_input(int i); void print_name(); void give_vote(int ch); void vote_ranking(); void vote_tie(); int start_voting(); void print_ranking(); void admin_log_in(); void timer(); int wrongpass(); void admin_ascess(); void voter_log_in(); int main() { // Initialization int  i, ch; head = NULL; tail = NULL; printf(""\t\tELECTION SYSTEM!!!\n""); do{ printf(""Log in before proceeding\n1.Admin Log in\n2.Voter Log in\n3.Exit\nEnter your choice:""); scanf(""%d"",&ch); switch(ch){ case 1: at = 0; attempts = 3; admin_log_in(); break; case 2: voter_log_in(); break; case 3: printf(""Thank you!!!\n""); break; } }while(ch!= 3); if (head -> vote == head -> next -> vote) { vote_tie(); }else { printf(""Congratulations!!! %s HAS WON THE ELECTIONS!!!\n"", head->name); } return 0; } void party_name_input(int i) { newnode = (struct party*)malloc(sizeof(struct party)); newnode -> next = NULL; printf(""Enter the name of party %d: "", i); scanf(""%s"",&newnode -> name); newnode -> vote = 0; // Initialize vote count to 0 if (head == NULL && tail == NULL) { head = newnode; tail = newnode; } else { tail -> next = newnode; tail = newnode; } printf(""Name registered!!!\n""); } void print_name() { temp = head; for (int i = 1; i <= nop; i++) { printf(""%d. %s\n"", i, temp -> name); temp = temp -> next; } } void give_vote(int ch) { temp = head; for (int i = 1; i < ch; i++) { temp = temp -> next; } temp -> vote ++; } void vote_ranking() { int swapped; lptr = NULL; if (tail == NULL){ printf(""There are no Parties found to be ranked!!!!\n""); return; } do { swapped = 0; temp = head; while (temp -> next != lptr) { if (temp -> vote < temp -> next -> vote) { // Swap the parties tempParty = temp; temp = temp -> next; tempParty -> next = temp -> next; temp -> next = tempParty; if (tempParty == head) head = temp; else { pretemp -> next = temp; } swapped = 1; } pretemp = temp; temp = temp -> next; } lptr = temp; } while (swapped); } void vote_tie() { int ch; party1 = head; party2 = head -> next; printf(""There is a TIE between %s and %s!!!\n"", party1 -> name, party2 -> name); printf(""Last Round between them!!!\n""); while (1) { print_name(2); printf(""3. Exit\n""); printf(""Enter your choice: ""); scanf(""%d"", &ch); if (ch == 1) { give_vote(1); } else if (ch == 2) { give_vote(2); } else if (ch == 3) { break; } if (party1 -> vote > party2 -> vote) { printf(""Congratulations!!! %s HAS WON THE ELECTIONS!!!\n"", party1 -> name); break; } else if (party1 -> vote < party2 -> vote) { printf(""Congratulations!!! %s HAS WON THE ELECTIONS!!!\n"", party2   -> name); break; } } } int start_voting() { int ch; printf(""\t\tSTART VOTING!!!\n""); printf(""The parties are:\n""); print_name(); printf(""%d. Exit\n"", (nop + 1)); printf(""Enter your choice: ""); scanf(""%d"", &ch); if (ch == (nop + 1)) return nop; give_vote(ch); printf(""Your Vote has been Added!!!\n""); start_voting(); } void print_ranking() { temp = head; if(tail == NULL){ printf(""There are no Parties found!!!\n""); }else{ for (int i = 1; i <= nop; i++) { printf(""%d. %s ==> %d\n"", i, temp -> name,temp -> vote); temp = temp -> next; } } } void admin_log_in(){ char ver[10]; int c; if (at!=10 || attempts!=0){ printf(""Enter password:""); scanf(""%s"",ver); if (strcmp(ver,""password"") == 0){ printf(""\nThe password is correct:\nYou are logged in as the admin\n""); at=10; attempts=0; admin_ascess(); } else{ printf(""\nWRONG PASSWORD!!\nATTEMPTS REMAINING %d!!\n"",(attempts-1)); at++; attempts--; while(at!=4) { c=wrongpass(); if(c==1){ break; } } if(at==3) { timer(); } } } } int wrongpass(){ char ver[10]; printf(""Enter password:""); scanf(""%s"",ver); if (strcmp(ver,""password"") == 0){ printf(""\nThe password is correct:\nYou are logged in as the admin\n""); at=10; attempts=0; admin_ascess(); return 1; } else{ printf(""\nWRONG PASSWORD!!\nATTEMPTS REMAINING %d!!\n"",attempts-1); at++; attempts--; } } void timer(){ int l=1,t=1; do{ if(l==1){ printf(""Invalid Entry LOGGING OUT.:""); l++; t++; sleep(1); }else if(l==2){ printf(""Invalid Entry LOGGING OUT..:""); l++; t++; sleep(1); }else if(l==3){ printf(""Invalid Entry LOGGING OUT...:""); l++; t++; sleep(1); }else if(l==4){ printf(""Invalid Entry LOGGING OUT....:""); l++; t++; sleep(1); }else if(l==5){ printf(""Invalid Entry LOGGING OUT.....:""); l=1; t++; sleep(1); } }while(t!=15); if(t==15) printf(""LOGGED OUT!THANK YOU!!""); } void admin_ascess(){ int ch,i; do{ printf(""Welcome ADMIN!!!\nPlease choice what you  wish to do:\n1.Enter the party names\n2.Start Counting\n3.Declare Result\n4.Exit\nPlease Enter your choice:""); scanf(""%d"",&ch); switch(ch){ case 1: printf(""Enter the number of parties participating in the election process:""); scanf(""%d"", &nop); for (i = 1;"
yaaaa AMEY ITS ALWAYS SHOWING THAT THE FIRST ONE IS THE WINNER THERE IS NO SORTING SORRY MY BAD IT WORKS This message was deleted,👍 Iska bhi print likal na  please Name change kar dena To kal nahi ana he na?
nahi aana hai chutti,Acha he Thanks
cg on online gdb,Let's go join kar follow up!!!!
it bugged out,Woah that's pretty cool bugging out Barabar he?
Ha right Maths hua Tera solve karke ? Ya dsgt ?,Maths
Bhejo na jara,Don't make them public ok?
Ha I won't,dsgt ka hua kya?
Nahi Mai soya tha abhi utha,acha thik hr
DLCA bolte hai sir ko karane thoda to,Chalega
haa,teach me hashing tomorrow please
Yaa will do Application for Assessment of Quality of Textbook/ Reference Books/ E- Book,Can you please send DLCA ka assignment no.1?
Sorry I was asleep,Yaa I realised that No problemo Send me in a while
Ya I'll send it,Thanku Kal please bring some double sided pages👍 Submission sirf DLCA aur Maths ka hoga na. Every other subject file we will need to study for viva Aur maths ajj le rahe he ma'am DLCA puchna padega
Haaaaa,Sab ke sab chor hai saale
Dlca ka assignment ka question kisiko bhej mat Jo kartikey ne bheja,Ok👍
Confirm nahi hai wo sir ne bola nahi hai Kartikey unse wo questions confirm karwalega,To assignment kere ki nahi?
Wo bola likhlo Wo sir ko mana lega,Thik he 👍 https://docs.google.com/presentation/d/1lrY6-uA17R559BB-jOAxILuXWP77myzBHgg21rnoXUw/edit?usp=sharing CG ka animation ka he kya tere pas write up?
ye,Jyada nahi ho gaya kya?
Mam apna project bajume rakhne wali hai To itna lagega,Acha chalega
Ye bhi hai,Chalega
1st ka 0 aya ?,Ha
Dekh jara kya galat hai Aaya answer Pura solve nahi kiya tha Right hai ?,How did you found v?
Sir ne jo sum kiya Wo sum jaise,So CR equation na?
Yaa,But they didn't said f(z) is analytic
Sir said na ki consider it analytic,Ok 1/r not r
Can you send me all 4 equations?,Wait I am doing sum 2
Okk It's righr,Not the formula. Sorry I wasn't specific. I meant when you were reducing the equation for ur
Ohlk Integration of 1/r is 1 ? It's logr,Yaa logr
Yaa https://youtu.be/ehbSTazdhbU?si=-D2GMdhf9eDVxWp- this is pretty messed up,That's pretty cool There are so many different languages and ways to code I liked the space vala
Haaaa The + wala,Ha voto kuch samja nahi
Haana,You deleted this message You deleted this message Kuch nahi tha. Jyada soch mat
Kya tha bol,CG ka playlist Par itna acha nahi tha To delete kar diya
Acha thikke,Devansh meet wants our DS report Bhej na he kya? https://youtube.com/playlist?list=PLYwpaL_SFmcAtxMe7ahYC4ZYjQHun_b-T&si=_VafvaCCIsH3bNYW ye wala thek le agar kuch doubt hoga to
CG ka ?,ye wala acha he haa
Acha okk Thanks,par m6 aur m5 ka 5.4  aur weiler-atherton nahi he
Wo kahi aur se dhundh lenge,aur don't watch from 40 to 47
Okk,they are 10min videos  so around 470min
Ohkk,CG ka lab manual ka exp list bhej na
See file ka index,Are ha animation ka code bhej na Kartikey aur kiska viva he ajj?
Harshit,Rishab bhi na?
Haa report nahi dena hai kal sirf practical ke liye jana ha baadme diya to chlega,Pacha na?
Haa,Thik he
Ha Om ne bheja project ?,Nahi
Bol usko,gedit filename.java javac filename.java java filename Barabar na?
Haa,Unofficial pe kyu bhej Raha he?
"galati se aaya 502,Gods Gitf Tower, N.M.Joshi Marg, Lower Parel, Mumbai 400013",Gift na?
gifts ha,You deleted this message its report sorry I was saying its log book
okk,Check kijiye log book
dono grp pe daal de gadheda ds aur mini project misx kiya tune meko final bhej mai jaa raha hu print nikalne,Conclusion chota kar Bakika chalega mulla sir na?
Haa,dhekle
Haa chalega,thikhe I really hope I get boundary fill algorithm
Why,Easy the most program after that the 2d one along with dda *the most easy program
It's that easy ?,ha its recursion for 4dot method
Ohhhhh,super easy
I'll also do that then,"x+1,y+1,x-1,y-1 and done"
Nice,karle
I'll have to pull an all nighter today,do this two also
Haaa,for 2d wala.you only need to remember the for loop
Okk,CG ke sir Sai he re. Ajj viva Dina bache shayad bhul gaye honge to vo kal de denge. devansh mini project ke files bhej na please Dhanyawad Hua kya CG ka padke?
Thoda bohot hua,To kar paiga?
Lagta nahi Dekhte hai,Acha thik he
Haa,We have to take the print for this report na?
nikal du ? final ?,Ha chalega Ek bar group PE dalde
wo sirf sign wala rakh raha hu pehele ka replace kar raha hu,Ha
Mai aa raha hu practical ke liye Abhi just utha Mam ko bol mai 10 baje takk aaunga,😂😂 Chalega
Haa,Me 10-15 minute me pohach jayunga
Okk,Beto na Viva ko?
Haa Tera karle Meko mill par jaa mat gharpe,Ha tuje milke Ghar jata hu
Haa Practical chalu hua to Meko bol,Chalu hua attack on titan ended it was really great....
ya i know i didn't see it though,Yaa it was a good end
Kal class Jana hai ? 10.30 ko ?,It's online And yes we have to go... It's gonna be apti
At 10.30 na,soch agar lecture he nahi hua to?
Teko marunga,😂 aja Diwali ko phir
Ha😂😂 Furina is a nice buffer My hutao DMG went from 37k to 47-51,hahha yaa she is
Haaa,but she makes characters more easy t die
At lvl 70 she has 30k hp I didn't have that problem without any healer,realy?
Haaa,you tried abyss or bosses?
Na,so ofc that's gonna be it run with healer more dmg buff
Mostly that artifact domain Ya but then what team ? I run hutao xingqui kazuha and furina,hutao yelen/xq furina jean?
I don't have jean,replace jean with any healer who heals full party
Mika ?,like burst and healed
I don't have him built Barbara ?,mika would be fine too
I would have to build him I have no resin remaining I used 14 fragile resin In 1 day Yesterday,yaa her kit is like you remove hp and the heal it up to full for stks
Haaa,woah
Haa,12.12 ko lecture he
Haa dekha I'll play till then,online he
Haaa,chalega chal
Haa chal,Join kar devansh bol Gaya kya?
Are haa kar raha hu,Are ha tu ghel Raha tha na
Haa R5,Fishing na
Haaa,Acha he Sir ne 30minites me kuch nahi bola he Kya karna he?
Rukte hai thodi der,Me ajj books lene dadar Jane wala hu Tu aaraha he kya?
Tu jaake aa,Thik he your marks for DS  IA2 is 20
Haa That's what I was seeing,and the probsbility for 3 coin toss is 1/8
3 coin toss is 1/8 how ?,in the sense there is a chance to get the desired outcome from 8 options
Total outcomes is 8,ha
Okk that way Mujhe pin kabhi kiya sir ne Maine dekha hi nahi,Jabhi sir ne pucha 3 coin ka probability
Ohhh You know Thered another value of pi https://www.instagram.com/reel/CzZbgSNLDIr/?igshid=MW83djc0dG81NTMxYg==,Woah is morse code that easy?
I guess Kyu,Practice?
Okk Write a program to multiple 2 numbers without using * operator,"import java.util.*; class multiply{ public static void main(String[] args){ int a,result = 0,b; Scanner sc = new Scanner(System.in); System.out.println("" Enter the the two numbers which needs to be multiplied:""); a = sc.nextInt(); b = sc.nextInt(); for (int i = 0; i < b; i ++){ result = result + a; } System.out.println("" The result is ""+result); } } Sir bole the na Monday ko lecture hoga"
Haa Lekin time wagera kuch bole nahi,Hoga ki nahi ye bhi group PE nahi dala he
nahi dala hai to nahi hoga,Ki ye sum?
Nahi 3 din se book ko haat nahi lagata,Acha DLCA ho gaya?
Are bhai book ko haat nahi lagaya Universal hai Koi bhi book ko haat nahi lagaya,3din pehele padhega?
Ha wohi karna padega,Bakike subjects?
Wo 4 din karunga Fir 3 din maths,Ek ek ghanta to padle...Varna bohot ho jyaga Acha kal se?
Abhi raat se,Acha Kuch hoga to puch le. 👍
Haa,Kal aa Raha he kya? 6PM?
Dekhta hu Aaunga He's not picking up,Message him then Maybe they have lecture now
Haa What do I msg him,Do you have a lecture right now going on?
Ok,Or will go alittle early
Haa,Kya kuch samja? Should I we leave?
Uska internet band hai Let's leave by 5,Alright
Yaa,Vo 24th barabar tha Bohot sare sums ma'am ke notes me he
Okk Sunn Jo bhi tujhe important lagte hai wo sums bhejna Solve kiye huye Mai bhi karta hu Check,Barabar che Chalega Agar vo pdf 100pages ka hua to pura padna padega samjana 😂😂
Ha bhai padh lunga,Sunday Tak bhejta hu
Ha chalega https://youtu.be/wGLTV8MgLlA?si=dK4LNkcgYI5b3pb1 dsgt ke liye,Thanks
Dsgt ke sir ko bol ia ke marks bhejne Wo papers aur questions koi dekhne nahi wala,Kyu nahi dekhne wale?
Kitne sare hai wo Questions Usse acha is me jo questions hai wo practice kar paper ke bhi hai aur wo explain bhi karta hai,Karne wale sab karenge
Teko lagta hai apne class me se koi hai Jo sab karega ?,Kartikey?
Wo nhi karega sab,Acha thik he
Jaa Haa,For Pascal's triangle what do we use? nPr or nCr
I don't know about Pascal's triangle,Alright I am gonna take a maths test tomorrow. 2.30 to 5.30.  Wanna give it as well?
Yaa I'll give it too,Chalega
Bata Meko tu karega tabh,Ha me tuje 30minites pehele 🥔 hu
Haaa,Let's give paper at 2.30
Haa Which paper ?,"null Hua kya paper? 63/80... And alot of sums we don't have....like Q3.B, Q4.A, Q5"
Ya same 54 Give me 2 sums 4c ka first And Q2c And last one ka deduce Rest i solved,Second aya?
Haa,Bhej What's that first step?
Convolution se kiya maine,e^-πs is 1?
Shit i forgot one step,Will send you this later
Okk,Is it a formula or you solve it and got 1?
No there is one step after the inverse laplace that i forgot Haa Formula,Konsa? Ahh yaa yad aya
Haaq,Woah that's a rare sum then
Ya it is,Acha practice hua.I will do it again tomorrow same time. You gonna join?
Yaaa,Group PE sir ne dalne bola tha na? Marks kitna ata he wo?
Bola tha ? Mera 50 in 1:30 hai,1.30hrs?
Wo last wala sum count nahi karega ro To,Bohot jaldi khatam Kiya hamne
Haaa,If you remove deduce that and you got a0 and an right. It's 6marks
Ohh Then it's 56 in 1.45,Ha agar pura 3hrs bhete to deduce hoga and extra bhi
Haaa Par isme extra karne jaisa kuch tha hi nahi Jitna aata tha utna sab hua 1 2 chodke,Are module alag the na
Haa Z transform,Mere aur jata. But I didn't solved M1 questions
M1 ?,Module 1
Kyu ? Laplace ?,Don't remember. Haven't revived that Will first do probability on Sunday and then M1
Laplace ka sirf 1tha 6mks Okk,D wala bhi tha Q3-C
Kahape? Ha wo hume syllabus me nahi hai,D he I remember solving them
Nahi hai re Last sem me tha wo differential equations,Ohh acha 😂😂
Haaa,Me abhi jata hu. Luch karna he
Haa mai bhi,*lunch
Haaaaa,Chal phir
Haa Chal,Tomorrow let's solve the paper ma'am have send in the classroom
Alright,What were the topics we discussed for DLCA last 3 modules?
Cache memory Hard wired control unit And it's 2 types Microprogrammed control unit Microprogramms Ahmdals law Flynns classification,Thanks 3days for first paper
Ya i know I haven't done anything for CG and dlca,Well 1day preview I guess We have to send ours timetable  as well? Btw 2.30 rememberright?
Haa Mu ka send Kiya na kisine send me the paper my phone is dead,Comp ka Nahi bheja he
nahi hai ? ha to bhejde,null
Haa I did 36 in 45 kantala aay BAKIKA BAADME CONTINUE KARUNGA,try getting it to around 45 in 1 hr since in exam we will be in pressure even if alittle bit then we can get the remaining 19 in 2 hrs if we are getting 45 at home we will be at around 35~39 in exam
Haa,same as last time... 69/80 2hrs
nice,Tomorrow 2.30 same time and nov 2022 paper 👍 Ye KT wala paper tha so maybe it was alittle easy
Kal match hai,Acha thi he 😂 Btw did you got any videos for computer architecture? The CA part of DLCA
Haa,Bhej na
https://youtu.be/BHD7qhZRoXQ?si=oyvIUe2KlRrIX5yZ Ye flynns ka hai Bakike topics iske yt channel peil jaayenge,Acha thanks I haven't solved the practice problem yet. So I would say just revive from notebooks as they all are imp questions
Okk,If you are having trouble finding all the formulas you can check summary from ma'am in classroom It has everything we need Except for some basic formulas we use rarely
I'll do that,Hoa kya re?
Nahi hua Tera ?,Kya baki he? M5 remaining and then sum practice
Sab,Are?!! Sat bhar kare ga? *rat bhar
Haa Karna padega,Ha me bhi shayad jara der jhagunga
Haa Uske paper check karne ka tareeka khatarnak hai Padhke Jana padega,You don't need to study alot to pass. The marks after that we need to study
Well i studied more than enough to pass I studied enough to get me till 45,Yaa more 19 marks
16 We have 19 as average So 61 will do,Yaa what all have you done?
Induction Group theory Graph theory Sets Those counting ka sums,Oh counting matlab product rule and pigeon hole na? Haa vo abelian bhi karle
Haa Inclusion exclusion Kiya,No sums for LinkedIn list na?
Ya no sums,Ajj kiya kuch? Me to sirf sums kiye sab
Kuch nhi kiya Raat ko aur kal pura din dlca Fir 2 din ds,Oh I was gonna ask if you will solve paper with me on Sunday
Oh i can I'll solve with you,Alright will see which paper to solve on that time... Same time 2.30
Yepp,First 32 in 1hr then continue to see if 64 in 2.30 hrs
Yaa,DLCA ho gaya Tera?
Nahi hua,To kal paper te Raha hena?
Haa Ds ka na ?,Ha Agar soch Linked list ka 20marks ko 1 program agaya to? Circular with all options of insertion and deletion
5 operation hobge Ya 6 jyada se jyada,Even for 20Marks?
i havent studied anything ill write later,Understood then don't check the paper first
haa,when we gave the extra ds ka mini project we never gave ma'am the password for admin even in our main mini project how will they ever verify if it works or not😂😂 or did you put the password somewhere?
The password is in the code If they find it they find it 😂😂😂,😂😂 Btw DS ka paper shayad one side hone wala he....1.20hrs me 60marks 🤦‍♂️😅
Haa kya Dekhna padega,Ha pehele padle
Haaa Raat ko likhunga,Ha badme bata mujhe Abhi me jara ghelta hu in evening will continue
Okk Chalse,2022 ka iske samne kuch nahi he Ye wala will take like 2hr if we are writing alot For 60
Oh ok,It took 4 pages for a sum of linear probing...because of steps from books Ajj me 5hours WhatsApp PE tha😂😂😂 Pata nahi kya kar Raha tha par mere phone ne thekha me 5hrs WhatsApp PE tha for double hashinh *hashing
okk,https://youtu.be/cFHZ-a87Vp4?si=m0T-InP8pgw4Hfec Samaj jyaga tu. Bohot acha sikhaya he 17min...with algorithm and code And what all are theory questions?
That we have to right it on our own,Yaa but what different questions do they ask? And is it only polynomial addition or also multiplication?
Representation and adding,Is that everything of the CA part?
Not everything Main ones,So if I do only that it will be enough?
I think Do booths sums And 1EEE conversationa,Ok thanks alot Microprogram kiya?
Nahi Booths,Haa kuch nahi samja video thekna padeka
Ha dekh video Easy hai Ho jaayega,Ha dekh bohot easy he Maybe today is not the day to sleep
That's true,https://youtube.com/playlist?list=PLYwpaL_SFmcAtxMe7ahYC4ZYjQHun_b-T&si=ImO2NfXL7Te6V8X- Na dont think will reach 50... Maybe around 45 or so
Why ?,Well count -10 for not writing a question. -5 for EEE wala question. That's around 65. And I am thinking my booth's is wrong so like -10.
directly wrong ?,I think so Not sure
Kuch to marks milega na,Pata nahi thekenge Btw hoa kya CG?
thoda kiya,Ho jyagana exam ke pehele?
Haa ho jaayega,Acha chalega. join kar devansh follow up
Soya tha,Kya yar devansh Koi nahi Kitna ajib lag Raha he padai nahi he to
Haa na Kantala aa raha hai,Sach me Mene Naya account bana dala bore ho Raha tha to
Genshin ka ? Ki honkai ?,Ye wala
Ohhh,Yaa I got furina too
*WHAT*,Hahaha yaa I have not made it today btw
then,I made it before exam
ohhh alright,Yaa Tho the new fishes are really hard The differentiating bar speed is hard
ya i know i bought the stabilizer its much easier with that,Me too but does it stabalize more than 1?
it becomes like normal with stabilizer,Naa it didn't for me It still have that crazy speed The yellow bar one I will be at college around 9.30 tomorrow 👍 I mean today
It was easy for me though Alright,hame ju dlca ke liya ma'am thi vonka number he kya tere pas
+91 72639 31321 Karishma mam Amey Wo bhar daalna Se project ka,Kya? Kya se ke project ka bharna he?
Pata nhi Dekh na sir ne dala hai group pe Rais sir ne,Bhej mujhe Agar ajj mujhe net Mila to bhar dunga
Acha thikke,Bhar diya
Okk,Thek le ek bhar Is it on cloud? Or have to send it to sir?
Mere phone me nahi khulta isliye to tujhe bola I guess it saves automatically,Acha koi nahi
Haa,I have double checked
It saves ?,Still just in case let's send it to sir Tho I think it should save
Yaa,Bhej raha he ki bheju?
Bhejde,Chalega Vo hamara nahi he
Kya ?,Check atbottom
Ohh Delete karde,Ha kiya 😂😂
😂😂 How are keyboards programmed? And mouse,they are programmed via hardware when you press the signal is send telling this part is pressed and cpu understands what is  presesd join kar SKY follow up
Sleep Going out,Ok Fun have
Sir yes Cloud retainer plunge attack,Woah So high Is she polearm?
Catalyst,Hmm so kidda like sucrose
Yaaa But she doesn't have cc capability But one of her cons increases her cc cap,Ahh so basically whale sucrose
Yaaa She might be a plunge dps,Xiao? Ahh so like yelen Make a male character into female with same kit like that?
Ya maybe I heard she's a support Plunge attack support And she also heals on burst,So a support for xiao
Yeah,Tho why are they putting healing on every character?
Don't know,Maybe because furina?
And one of her cons makes her heal after certain intervals during her burst Ya maybe,Yaa
Haa But her burst is not leaked yet ig,Well we still have a whole patch Tho I will be going for nahida & niluo
Ya and I for arlecchino I heard her weapon is gonna be a scythe like polearm,Oh for arpecchino?
Haaa That would suit her,And nacia got a axe As a claymore *navia
Yeah And crs catalyst is a hand fan,Yaa so now they are astethic  weapons
Yeah,Since ftp don't go for weapon *f2p Now they will think about it
Yeah I'll try to find it wait Goats That's where the milk comes from Since there are no cows,😂😂
😂😂😂,Has sir told us when the lecture will be? He said it will be today evening but no message yet
Today evening he said na I slept Woke up now,Yaa tho no message
Haaa,It's great that there was no lecture Since you were sleeping
Yaa I would have woken up if you would have called me,Ohh yaa we had that option too
Yeah,39.7 cv
Damn For who?,So mostly xq xl and future yelen
Ohhh Nice,Tho mostly xq since no er
Yeah,Still furina is kidda hard to use fully Since her app is also low
Ha she is,In early game You got Jean na?
I pair her with xingqui Naa,Then healer?
I heard they are giving us free xiao None,In your dreams 😂😂 Yaa then she is just bad
I saw on reddit She gives buffs,It was yar miko reference *yae Tho it's bad without healer
My hu tao DMG went from 37k to 48 k CA And my levels aren't maxed yet,Her whole concept is ult+DMG skill then heal full then dps
Yeah,You get her full buff at second rotation That would go like 50~55k
Yeah I never get full buff,With healer
I'm not getting cloud So no healer,So like hutao furina xq healer Ideally Jean but others are good too
Yeah I know She heals in one burst right,You mean cloud retainer? Yaa
Then in certain intervals Ha,I though I will get her Or saving for harbinger?
Ohhhh,*you
I'm saving up for arlecchino,Yaa will try for her after check when is nahida gonna come
And probably her scythe,Am trying to go meta perspective... Woah full commited
Yeah I'm saving,Isn't that like 5times pity?
I'm at 50 pity,For guarantee?
Guarantee for arlecchino,So 4timea pity
Ya I have 4400 primos I'll save up till her,Wait no 5times...3to fill wheel then 4th guaranteed weapon and 50 for arlecchino
10 free in lantern rite Then 300 each for updates,So 400wishes
Then 300 each for live stream Then 60 each day for commissiona,3.6 na arlecchino?
Then 2500 per patch from events 4.6 Ha,Yaa Current 3.4? *4.4
4.3,Ok Let's say first half since all new characters on first half
Yaa,Let's say u don't skip any commision from today to 4.6
Yeah Add that up,40 for trial
Then 80 from each patch And what if they introduced 3 banner system,Don't consider that Since not confirmed
Alright,"Event, livestream,commision,updates done Anything else? Trial too"
Other things are uncertain This much only,Around this much That's around 106 wishes
Hmmm Let's with these would be enough,Let's say you still have areas to explore and quests Achievements
Yeah Add 4400 That i currently have,For? 134
So 144 10 from lantern rite,Yaa
And 5 from the store,Wait let me add You deleted this message 160
Alright Given that I play everyday,You deleted this message Yaa that's important which don't happen for us Well u will be lucky
True Not sure I have a c4 qiqi And a c1 mona And one diluc,How many limited?
9 C1 diluc C2 mona C4 qiqi One qiqi I got from standard,Yaa but how many limited 5*?
. https://sg-public-api.hoyoverse.com/event/social_sea_share/redirectUrl?key=m11241040191111&lang=en-us&game_biz=bbs_oversea&title_key=document_title_ys&url=https%3A%2F%2Fact.hoyolab.com%2Fapp%2Fcommunity-game-records-sea%2Fm.html%3Fbbs_presentation_style%3Dfullscreen%26gid%3D2%26utm_source%3Dshare%26utm_medium%3Dhoyolab%26utm_campaign%3Dapp%23%2Fys%2Frole%2Fall%3Frole_id%3D834492595%26server%3Dos_asia&img_url=https%3A%2F%2Fact-upload.hoyoverse.com%2Fevent-ugc-review%2F2023%2F12%2F22%2F147956060%2F20a0c0399218863b9fd5acf35b46a76a_5603034704630943871.png&desc=Quick%20introduction%20to%20Characters%2C%20Spiral%20Abyss%2C%20World%20Exploration%2C%20Version%20Events%2C%20and%20more!&timeStamp=5677266,Ahh so you lost every 50-50? Woah that's like worst That's a long link
Yeah that's what I thought,"Kuch he kya ajj? Sir ne ""Guys"" karke message dala he.."
Haaa Kuch hua nahi pqr Baaadme kuch aaya hi nahi,Ha Eese he dala huga phir
Haa Mai join kar raha hu Zoom download ho raha hai,😂 Ha
Haa Sir ko bol mai aa raha hu,Ha re ahh ja Sir 1st year ke students se bad kar rahe he
Acha okk,Abhi khatam hua vunse bad karke
Bohot time le Raha hai download hone Okk,Net ka issue hoga
Haa Wohi,Refresh kar
Haa Happy new year 🎊🥳,Happy New Year 🎊🎉🥳🎉🎊
🥳🥳🎊,College ke group par konse lectures chal rahe he?
timepass join kar,Karna he?
haa,Me abhi otha hu
bole to hai,Video on he kya?
nahi hai,Thik he phir me sirf join karke ratha hu
ha mai bhi wohi kar raha hu,Konsa link?
abhi wala,Time kya tha? 10?
haa,Acha thik he Join hua tum log?
haaa,Me waiting room me hu
maine starting me hi join kiya,Ha hua join me Will they teach again?
don't know,Galat Id se join Kiya
kisne ?,Bridge course he so they will teach again Mene
d3wala ?,Ha par phone pe hu
ohh,Thekte he agar sir bole video on Karo to esehe bhetana padega
haa,Pura din hena lectures
haaa 5 tak,Bhetene wala he kya?
dekhta hu,Ha Pata nahi tha college Wale bridge course bhi lenge
are timepass hai,Acha Aur ye DBMS he ki SBLC?
sblc,SBLC matalab Python na?
haa,Acha to timepass hi he
haa Whoa,Yaa now it's like 2 for 2
2 for 2 ?,Yaa 50/50
So lucky,Yaa tho it should continue Even my luck in emblem is good rn
Yaa it should,The training things going on in group is the one we didn't took right?
Yeah probably,Weird how people paid and now not attending
Yeah right Ameyyyy Sunnnnn Kidher hai,Kidhar he?
301,Lecture ??
Haaa,Yes kiya?
No kiya,Acha
Haa,buddy lets study together tomorrow onwards lets cover each others weekness I mean it
Yepp 👍🏼 Let's do it,Kaha he?
"Bus stop Aa raha hu Hiya C Vpp.vcf (file attached) #include <stdio.h> struct students{ int age; int roll; char name[20]; }; int main() { int flag; struct students std[100]; printf(""Enter the students data:\n""); while(flag!=0) { printf(""Enter 0 to exit:\n""); scanf(""%d"",&flag); printf(""Enter name:\n""); gets(std.name); printf(""Enter age:\n""); scanf(""%d"",&std.age); printf(""Enter roll no.:\n""); scanf(""%d"",&std.roll); } } What's wrong in this ?","#include <stdio.h> struct students{ int age; int roll; char name[20]; }; int main() { int flag; struct students std[100]; printf(""Enter the students data:\n""); while(flag!=0) { printf(""Enter 0 to exit:\n""); scanf(""%d"",&flag); printf(""Enter name:\n""); scanf(""%s"",&std->name); printf(""Enter age:\n""); scanf(""%d"",&std->age); printf(""Enter roll no.:\n""); scanf(""%d"",&std->roll); } }"
I tried it isn't working,It is working for me
ya its working but you didn't use array of structure I made an array,Put I then in bracket and see
yaa,Kaha he?
Jo sir ne likhaya hai Pura hone ke baad bhejna Photo,Ha likhe bhejta hu
Haaa,Call Kiya tha?
Haa Isinke liye Ushi ke liye Likha hua,I won't be coming to College tomorrow. Not feeling well
Ohk alright Tere Bhai ka bikhar tujhe lag gaya kya,Ha mujhe sarthi ho gayi Nak jam he. Vat lag gayi
Ohkk,Sunna Can you please whatever wastaught today and yesterday in college
Haaaa I'll send in some time,Alright
"Ya Maths This message was deleted This message was deleted DBMS OS SBLC practical ka bhejta hu tukk topic name data types Lists,tupples,set differences, dictionary.baas itna he karwaya Writeup nhi likna hai sirf defn of datatype ans syntax likna hai And printouts lene hai program ka",Ok thanks null
null Lecture hai kya Kuch aaya nahi hai na,Aya nahi he to hoga lecture mostly Let's wait and see if no message then we will have lecture
no lecture,"ha for stocks, revenue, expenses check the website groww it is a really usefull site"
Ya I know,🧐 null Thanks
Did you follow the form ?,what form?
Yes+,didn't sir said it is not working
Yaa That's why I'm asking,I haven't filled it yet
Ohkk Tell me when you fill,Chalel
"haa #include <stdio.h> int main(){ int i,j,n,index,min,flag = 0; printf(""Enter the number of elements in the array:""); scanf(""%d"",&n); int array[n]; printf(""Enter the elements of array\n""); for(i = 0; i < n; i ++){ printf(""Enter the element: ""); scanf(""%d"",&array[i]); } printf(""The given array is:\n""); for(i = 0;i < n; i ++){ printf(""%d\t "",array[i]); } min = array[0]; for(i = 0;i < n;i ++){ for(j = i + 1;j < n;j ++){ if(min > array[j]){ flag = 1; min = array[j]; index = j; }else{ continue; } } if(flag == 1){ array[index] = array[i]; array[i] = min; min = array[i + 1]; }else{ min = array[i + 1]; } } printf(""The sorted array is:\n""); for(i = 0;i < n; i ++){ printf(""%d\t "",array[i]); } return 0; } null #include <stdio.h> int main(){ int i,j,n,index,min,flag = 0; printf(""Enter the number of elements in the array:""); scanf(""%d"",&n); int array[n]; printf(""Enter the elements of array\n""); for(i = 0; i < n; i ++){ printf(""Enter the element: ""); scanf(""%d"",&array[i]); } printf(""The given array is:\n""); for(i = 0;i < n; i ++){ printf(""%d\t "",array[i]); } min = array[0]; for(i = 0;i < n;i ++){ for(j = i + 1;j < n;j ++){ if(min > array[j]){ flag = 1; min = array[j]; index = j; }else{ continue; } } if(flag == 1){ array[index] = array[i]; array[i] = min; min = array[i + 1]; }else{ min = array[i + 1]; } } printf(""The sorted array is:\n""); for(i = 0;i < n; i ++){ printf(""%d\t "",array[i]); } return 0; }",Me aage jata hu
"Haaaa Tu jaa Mai aaya import java.util.*; public class BankApplication { public static void main(String[] args) { Scanner sc = new Scanner(System.in); int wrong=0; login logg = new login(); do{ System.out.println(""1)Login as bank manager:""); System.out.println(""2)Login as customer:""); int log = sc.nextInt(); if(log == 1){ System.out.println(""Enter password""); int password=sc.nextInt(); if(password == 123456){ System.out.println(""Welcome manager""); } else{ System.out.println(""Wrong Password""); do{ System.out.println(""Try again""); password=sc.nextInt(); if(password == 123456){ logg.manalogin(); } else{ System.out.println(""Wrong Password""); wrong++; } }while(wrong!=3); if(wrong==3) System.out.println(""Back to login Page""); } } else if(log==2){ System.out.println(""1)Register:""); System.out.println(""2)Login:""); log = sc.nextInt(); if(log==1) logg.custres(); else if(log==2) logg.custlogin(); } }while(wrong==3); } } class login{ String customerName; String customermob; String customerId; void manalogin(){ System.out.println(""Welcome manager""); } void custres(){ Scanner sc = new Scanner(System.in); System.out.println(""Welcome to Resgistration:""); System.out.println(""Enter your Full name:""); customerName=sc.nextLine(); System.out.println(""Enter your mobile number""); customermob=sc.nextLine(); System.out.println(""Enter Customer Registration ID""); customerId=sc.nextLine(); } void custlogin(){ int i=0; Scanner sc = new Scanner(System.in); System.out.println(""Enter your Full name""); String name=sc.nextLine(); System.out.println(""Enter your Customer ID""); String customerId=sc.nextLine(); BankAccount obj1 = new BankAccount(name,customerId); obj1.menu(); } } class BankAccount{ double bal; double prevTrans; String customerName; String customerId; BankAccount(String customerName,String customerId){ this.customerName=customerName; this.customerId=customerId; } void deposit(double amount){ if(amount!=0){ bal+=amount; prevTrans=amount; } } void withdraw(double amt){ if(amt!=0 && bal>=amt){ bal-=amt; prevTrans = -amt; } else if(bal<amt){ System.out.println(""Bank balance insufficient""); } } void getPreviousTrans(){ if(prevTrans>0){ System.out.println(""Deposited: ""+prevTrans); } else if(prevTrans<0){ System.out.println(""Withdrawn: ""+Math.abs(prevTrans)); } else{ System.out.println(""No transaction occurred""); } } void menu(){ char option; Scanner sc =new Scanner(System.in); System.out.println(""Welcome ""+customerName); System.out.println(""Your ID:""+customerId); System.out.println(""\n""); System.out.println(""a) Check Balance""); System.out.println(""b) Deposit Amount""); System.out.println(""c) Withdraw Amount""); System.out.println(""d) Previous Transaction""); System.out.println(""e) Exit""); do{ System.out.println(""********************************************""); System.out.println(""Choose an option""); option = sc.next().charAt(0); System.out.println(""\n""); switch (option){ case 'a': System.out.println(""......................""); System.out.println(""Balance =""+bal); System.out.println(""......................""); System.out.println(""\n""); break; case 'b': System.out.println(""......................""); System.out.println(""Enter an amount to deposit :""); System.out.println(""......................""); double amt=sc.nextDouble(); deposit(amt); System.out.println(""\n""); break; case 'c': System.out.println(""......................""); System.out.println(""Enter an amount to Withdraw :""); System.out.println(""......................""); double amtW=sc.nextDouble(); withdraw(amtW); System.out.println(""\n""); break; case 'd': System.out.println(""......................""); System.out.println(""Previous Transaction:""); getPreviousTrans(); System.out.println(""......................""); System.out.println(""\n""); break; case 'e': System.out.println(""......................""); break; default: System.out.println(""Choose a correct option to proceed""); break; } }while(option!='e'); System.out.println(""Thank you for using our banking services""); } }",https://docs.google.com/spreadsheets/d/1Pdlc3_tzUycI9NOZKcPXsruw4hm9sfGzoj3JGafE6Ag/edit?usp=sharing
Dudigama kiske naam me aata hai ? Ye kon hai Krishnaveni ko ek baar puch na usne pay Kiya hai kya,Ha vohi hogi
Puchle tobhi,Ha boli vo
Okk Form filled wagera bhi update karde Kiya rahega to,Ha pucha he mene
Okk Kar msg 6 have paid,Sir kuch message kar rahe he
Haa Baadme kar Plus me,Dadar update: 11 Students have registered. 6 Students have paid bus fare.
Aman ne kuch nahi bola ?,Nahi
Acha thikke Aman ne nahi kiya Bol raha hai shamko karega,Chalega I will send sir the list for now then update sir regarding everyone who hasn't paid
Okk Tune bhi nahi kiya,Ha papa ayenge to kar denge
Okk,Kal vo sogaye
Acha thikke,Bhejta hu sir ko message
Haa Kshitij ka bhi phone aaya tha,Kyu?
Ye hi number bataya usko,Ha 12 have registered.
Aur kon ? Bolu kshitij ko ? Mihir paid,Update the Excel
I did,Yaa will message everyone who are left
Okk,Rishikesh ka number he tere pas?
Nahi hai,Thekta hu m e Message dala he mene
Acha thikke Payment ke liye bhi bol,"Vohi bola vunko Please pay the bus fare as soon as possible and send me a ss Genshin Impact: Take part in the ""Lean, Mean, Cleaning Machine!"" event! Here's my Recall Code, come and link with me now~ GA402YQ0DN"
What's this You know you can redeem codes from the hoyolab app too now,that's web event not redeem code
Ohkk,woah did  I just send you a code for 50primos. something is wrong with me 😅
Is it ?,ha
I'll redeem it,that will give me primos
And me ?,you share your code to get 50
Where to find ?,"just search genshin web event lean,mean,cleaning machine web event"
Alright Ashmit paid,ha he send th ess
ok,Diya also paid
Yes,Rishikesh aur adidya baki he
9 paid Total kitna registration hai ?,Ha manjul said she will pay when her father gets home 12 Ho gaye 12....
Ok 3 baki,Ratko ekbar thektehe
Rishikesh Aditya and manjul remaining,Aditya replied 👍 Rishikesh said will pay till night Manjul also till night
Alright,Ha
Here 15 are yes for yes+ in Aman Aditya Manjul Rishikesh Remaining na Oh alright that's 13 <This message was edited> Krishnaveni and Aman registered?,Krishnaveni said she will register offline in Pune
Will that be fine ?,You considered first 2 lines
Ya,No idea tho she talked with sir and paid bus fare That's not supposed to be considered
Ya i know,So 11 ppl
Alright Ya she paid,Yaa we got 13 my bad
Without counting krishnaveni and aman And aman ? What about him,I don't have update for amn
He told me he'll register at night So count only 12 for now,Yaa that's better
Yaa,Anushka didn't updated me yet
Alright Manjul Aditya rishikesh remaining,Yaa let's confirm with them after 9.30
Yaa Update sir then after 9.30,Yaa We have to update team jkb
yaa yaaa Aman paid,Anushka ka kya karna he?
Phone karke dekh,Yesterday sir said ayush will be joining us too...
Oh haaaa So usko bhi add karna hai,Ha but let me confirm first
Aditya manjul rishikesh Remaining,Ayush bhi he
Pay karne bol usko,Ha vo 30min me kar raha he
Okk Ayush paid,Okk
Remaining,Oh Bhai mujhe he access view only kar diya
Kisne ?,Pata nahi 😂😂
Mai to edit kar pa raha hu,Sai he
Yeah,Karo abhi edit
Haa Mujhe batate jaa Kya karna hai,Mujhe access nahi de sakta?
Kaise ?,Shod me alag email se join karta hu
Acha ok,Ha Mene kudse Kiya kya view mode?
Ho sakta hai Pata nhi Manjul paid,Kya karna he bakike logonka
Rishikesh aur Aditya baki hai Msg kar unko wapis Nahi bhara 10.15 takk to jkb ko bol denge,You deleted this message Tu dal.
Rishikesh ka number bhej,Vo phir bolenge kitna Paisa Paisa karta he
.,Group PE thekle Mene save nahi Kiya he
Thikk Aditya paid,Ha
Ha Bhai kitne log edit kar rahe hai Ek hi time pe,Hahaha me hi hu Excel power
Waaah There is one more person,Yaa
Haa,kiya kya Rishikesh ko message?
Kiya 12 ke pehele send kar dega bola,chalega
Haa,to tabhihi team jkb ko batana padega
Acha thikke Jagg fir Mai bhi jaggta hu,aree thik he me jatahu dinner tubhi kha
Haaa Kha liya,acha koinahi
Haa Tu khale,Kuch aya kya? Ya nahi?
Nah,Koi nahi
Msg karde jkb ko Fir add kar denge rushikesh ne bheja to,Everyone has paid? Alright everyone has paid
Ya only he's remaining,Yaa but still I will let JKB know everyone have paid. If he doesn't pay then will just ask him on Sunday or tomorrow
Ok 13/14 paid I can't take ss of the history,14 ho gaye? Any new on Anushka? Security reasons? *news
I can apparently Naa,Why gave 50?
I put a new screen protector on my phone,Woah your phone must be feeling great after removing that half death screen guard Rest in peace screen guard
Yeah It feels like a new phone now,So not gonna buy new phone?
Not now Later,You deleted this message
Rishikesh paid All paid,Batata hu JKB ko Ki tune bataya?
Haaa Nahi Tu bata,Chalega
Haa,Team JKB ko Mera message nahi ja raha
Matlab ? Mujhe bhej Mai bhejta hu,You deleted this message Dadar Centre: 14/19 Students have Registered for YES+ Advance course. 14/14 Students have paid the Bus fare. Ye wala bhej I think it's because they don't have net
Is it ? I'll also send and try,When do we have to reach dadar?
around 5.30,Chalega
Text everyone and ask where they're going to board,Alright
Yaa Mihir dadar,Make a list
Yaa,Another excel Wait I will make it You keep asking PPL
I made one,Alright Send link please null
https://docs.google.com/spreadsheets/d/1vKDNf-zGSazvF9LjEXqFjRjit8mHcgfwwzjzInN4ZyQ/edit?usp=drivesdk,Amn ka number hoga to use bhi karde message. Mujhe nahi mil Raha he
Ok,Dadar me kaha abhi tak fix nahi he na?
Dadar tt bola hai sir ne,Ha par vaha kaha?
Wo nhi pata,Bus confirm hone par batayenge na
Haa Lekin udher sirf ek hi side pe ruk sakti hai buss,Acha Vo dekna padega Sion me Shivam ko bol denge
Haaaa,Next patch nahida he
Ya i know Skipping,Ah yaa you don't like dendro right?
Yaa,Btw you know where dadar tt is right?
Yaa I know,You gonna come via train?
Haa,So let's meet at station
Haaa,5.15 will be good or more early?
I'll leave home by 5.10 I'll reach in 10 15 minutes,Alright same for me if I get riskshaw Then let's meet around 5.15-5.20
Alright,Bus Wale ka number Diya sir ne?
abhi tak nahi,acha aur first year ka?
Pranav ko bola hai Ye apna final hai na,whats with number?
Ignore that Wo baadme diya Count karne,ha
Ok,same sheet me rakne bol
Haaa,"Vo Dadar TT Circle ka khali ek baar confirm karna tha.... vo circle hai na jo sewri,vadala,..... ko connect karta hai na?? Ye barabar he kya?"
Kisne pucha ?,Diya Barabar he kya?
Haa Usko bol ki circle ke ek side pe total sports bhi hai,Ha He have to call PPL who have not showed up till 5.55 right?
5.50,Or more early as to ask where they are?
Yaa,Ok
Ya that's fine too,Both 1st and 2nd year?
Haa,Chalega
Ha,Will have take attendance 😂
Yaa😂😂,Hame kuch karna he kya?
Nhi Check the other exel for fe,FE  ka he hamare pas?
Haaa,thekna mera phone nahi he
Tera phone nahi hai ?,Ha screen guard change karvane lekar Gaye the Bat he kya?
Cricket ke liye ?,Ha Siddhesh puch Raha tha
Nahi re 🤦🏼🤦🏼Maine Aditya ko bola unko bolne Aur ghumke mere paas hi aaye ye,😂😂 Number Diya he kya sir ne bus driver ka?
Nahi,null Access lele spreadsheet ka
Haa Shivam Gupta Jkb TE.vcf (file attached) Well get bus Wale ka number from him,98812 81412 Dadar Driver Rahul Ji Sir ne bheja
Okk,Itne jaldi uut Gaya tu?
Haa,Chalega chal
Haaa,Vedant JKB Serior.vcf (file attached)
Chiranjeev Aman Shivam gupta Dropped off at mankhurd Vedant got off at chembur,null
null Hii Tujhe refund aaya hai kya donation ka ? Agar aaya hai to uska screenshot shot bhejo Ye msg sabko bgej,Group PE?
Nahi Personal me,Dadar me sabko?
Jo logo ne registration Kiya hai unko,Thik he To tu kyu nahi bhej raha he?
Mai bhi bhej raha hu Tu bhi bhej,Dono bhejke kya karenge?
Tu krisha ko bhej Diya ko bhej Mai baki logo ko bhejta hu,Thik he
Haa Aaya kya reply,Diya said she will tell me if she gets an refund Krishnaveni said she paid in cash and have not got any refund
Ok,kya re devansh ana thana follow up ko soya  tha  na?
Haa re Mai 4 baje utha tha Thoda padha Fir so gaya To utha hi nahi,🫡 4 bhaje kyu utha tha?
Padhne,4 baje?
Haa,🙃 its a nice thing you got serious with your studies
Yeah,but next sunday come for follow up
I'll complete most stuff in this week Haaa,chalega
Haa,writeup  ki padhaye
Padhaye,great!!! good luck
Haa,👍
👍🏼,chal phir. padle
Haaa,ajj shayad class nahi hoga
Haaa,next sunday offline
Sir ko bol lecture ls chalu karne Haa,ha JAVA karenge na
Haaa,shayad ye week se chalu hoga
Fir python bhi chalu karna hai Haa,python and mathss4
Haaa,thektehe
Haaa,agar nahi aya kuch to sir ko puch lenge
Ha wohi Chalega,kabhe chalu karne wale he
Kya ?,lets ask sir when he will start lecture if we don't get any updates
Haaa Chalse,chal phir padle
Haaa,kartekey se jyada lane he na all the best
Haaa Thankss,dont give up
Yesss,Rishabh ne group pe kya dala tha?
😊,usne delete kar diya
"Ye list =[2,4,6,8,10] total = sum(list) leng = len(list) res = total/leng print (res) What will be output for this ? list =[2,4,6,8,10] list.insert(0,10) print(list) total = sum(list) leng = len(list) res = total/leng print (res) Figure out how this works",6 if sum() is possible
Sum is a list func But 6 isn't the answer,"0,2,4,8,10,10 Or 2,4,6,8,10,0,10 6 sth"
Naaa 0 is the index And 10 is the value,I see
It's a index plus value pair And we can only insert one value at a time,I see
Somehow this works too,What's res?
Variable,For what? Average?
Initially it takes float type Haa But I converted it into int,Why is it initially taking float type?
For that 6.0 is the answer without int Because we are dividing it na,I see then it is double not float
Yaaa i guess,Compilars take double as default
Oh alright,U need to add 21f for float
21f ?,That's an example
Okk,You need to add f after a number for compiler to consider float And l for double I think
Ohokk It takes float as default,I see Sorry
Yàa It's alright,I thought c++ and python might have it same How do you do that? Class float?
You started c++ ?,Yaa
I'll start today,Ohh type huh Nice
Yaaa Python is was too easy for beginners,is was?
But it's compilation time for big programs is also rather big Way* It takes more time than Java to run a program,I see Yaa someone was telling that in college too
Like if Java takes 10 ms it will take 300 ms I've read it somewhere,That's 30times more
But it's user friendly Easy function Easy to debug,Well that would be fun
Yaaa And it is interpreted language,Btw Smita ma'am told me to come meet her
And dynamically typed,I am gonna go to college tomorrow for that reason
Did you get full in maths ?,I am pretty sure she called me for something related to mentor Boring things
Ohkk,Na they can't tell that before result
See if the results are out,Yaa I will
Yaa,Of they are will get pictures *if
Yaa,Then everyone are shocked
They might get before us Yaa Kt kt kt,Woah you sure are confident
I'll get 3 kts Dlca cg dsgt Don't tell anyone,Yaa then om is not gonna leave you alone
Ya i know,Badla for last 2 sem
Haaa I'm just kidding I won't get any,Ofc I know
Yaa Is the lecture for everyone or just for the absentees ?,Most probably for everyone
"Okk import java.util.Scanner; class converter{ double out1; public double america(double amt){ out1 = amt*83.11182212; return (out1); } public double swiss(double amt){ out1 = amt*96.36; System.out.println(out1); return (out1); } public double euro(double amt){ out1 = amt*90.13; return (out1); } public double britishpound(double amt){ out1 = amt*105.55; return (out1); } public double cdollar(double amt){ out1 = amt*62.01; return (out1); } public double adollar(double amt){ out1 = amt*54.86; return (out1); } public double sdollar(double amt){ out1 = amt*62.04; return (out1); } public double ndollar(double amt){ out1 = amt*50.99 ; return (out1); } public double kdinar(double amt){ out1 = amt*270.13; return (out1); } public double uae(double amt){ out1 = amt*22.63; return (out1); } } class reversecon extends converter{ double out; public double choice(double mon , int opt ){ switch (opt){ case 1: out=super.america(mon); return(out); case 2: out=super.swiss(mon); return(out); case 3: out=super.euro(mon); return(out); case 4: out=super.britishpound(mon); return(out); case 5: out=super.cdollar(mon); return(out); case 6: out=super.adollar(mon); return(out); case 7: out=super.sdollar(mon); return(out); case 8: out=super.ndollar(mon); return(out); case 9: out=super.kdinar(mon); return(out); case 10: out=super.uae(mon); return(out); } return 0; } public double america(double amt , int opt){ out = amt*0.012032; out = choice(out,opt); return (out); } public double swiss(double amt,int opt){ out = amt*0.010; out = choice(out,opt); return (out); } public double euro(double amt,int opt){ out = amt*0.011; out = choice(out,opt); return (out); } public double britishpound(double amt,int opt){ out = amt*0.0095; out = choice(out,opt); return (out); } public double cdollar(double amt,int opt){ out = amt*0.016; return (out); } public double adollar(double amt,int opt){ out = amt*0.018; out = choice(out,opt); return (out); } public double sdollar(double amt,int opt){ out = amt*0.016; out = choice(out,opt); return (out); } public double ndollar(double amt,int opt){ out = amt*0.020; out = choice(out,opt); return (out); } public double kdinar(double amt,int opt){ out = amt*0.0037; out = choice(out,opt); return (out); } public double uae(double amt,int opt){ out = amt*0.044; out = choice(out,opt); return (out); } } class CC{ public static void main(String[] args){ int opt,opt1; double output,money=0; Scanner sc = new Scanner(System.in); System.out.println(""Enter the amount you want to convert:""); money = sc.nextDouble(); System.out.println(""From:""); System.out.println(""1.)American dollars \n 2.)Swiss Franc \n 3.)Euro \n 4.) British Pound \n 5.)Canadian dollar \n 6.)Australian dollar \n 7.)Singapore dollar \n 8.)New Zealand dollar \n 9.)Kuwaiti Dinar \n 10.)UAE Dinar""); opt1 = sc.nextInt(); System.out.println(""Enter the option:""); System.out.println(""1.)American dollars \n 2.)Swiss Franc \n 3.)Euro \n 4.) British Pound \n 5.)Canadian dollar \n 6.)Australian dollar \n 7.)Singapore dollar \n 8.)New Zealand dollar \n 9.)Kuwaiti Dinar \n 10.)UAE Dinar""); opt = sc.nextInt(); reversecon con = new reversecon(); switch (opt) { case 1: output=con.america(money,opt1); System.out.println(""The converted value is in Dollars.""); System.out.println(output); break; case 2: output=con.swiss(money,opt1); System.out.println(""The converted value is in Swiss Franc.""); System.out.println(output); break; case 3: output=con.euro(money,opt1); System.out.println(""The converted value is in Euros.""); System.out.println(output); break; case 4: output=con.britishpound(money,opt1); System.out.println(""The converted value is in British Pound.""); System.out.println(output); break; case 5: output=con.cdollar(money,opt1); System.out.println(""The converted value is in Canadian Dollars.""); System.out.println(output); break; case 6: output=con.adollar(money,opt1); System.out.println(""The converted value is in Australlian Dollars.""); System.out.println(output); break; case 7: output=con.sdollar(money,opt1); System.out.println(""The converted value is in Singapore Dollars.""); System.out.println(output); break; case 8: output=con.ndollar(money,opt1); System.out.println(""The converted value is in New Zealand Dollars.""); System.out.println(output); break; case 9: output=con.kdinar(money,opt1); System.out.println(""The converted value is in Kuwaiti dinar.""); System.out.println(output); break; case 10: output=con.uae(money,opt1); System.out.println(""The converted value is in UAE Dinar.""); System.out.println(output); break; } } } chwck is theres anything wrong or the conversions are getting wrong and I also want to add conversion from and to Indian currencie",Why do you have 3 classes? Won't it be enough to have 2 classes?
Ya i know But I wanted to use inheritance,Ahh I see
Yeah Join nahi karna kya ? Koi aur hi lecture chalu hai,Ashmit is sending link
Ok,kya bol rahe he ye dono?
Kon dono ?,Shivam aur ashmit bohot jyada fast bola na?
Haaa Thikke abhi,lagahi mujhe last me jara slow hua jabhi mujhe realise hua tabhi
Haaa,shikna padega how to not be so excited during teaching
Ha 😂,Ye wala theka kya?
😂😂😂 Abhi dekha,bohot acha banaya ye wala
Haa 😂,aur vo bohot achese justified he
Haaaa,like not out of character
Ek ki kitli Haaa Ek ki fan,please continue
.,gaya sab panime
Kyu ?,ek ki fan? atleast make it ek ka fan
Ha i guess,start bohot acha tha
Ek ki kitli Ek ka fan,lekin donoko nahi mila jo tha vunka
Haaa,lekin phirbhi nahida ka image bohot acha banaya he
Haaa,photwa liya ka presentis ka?
Nahi,ye photwa chalega? You deleted this message
Haa Sunn Meko python ka dictionary wala send karna,Kisko bhejta tha mene?
Khudo ya om Do hi part the ?,+91 99309 35886 whose number is this?
I don't know,😨
Kyu kya hua ?,Sir ne message tala hena Tag the absentees Idk who that is
Kon hai wo ?,Kya pata
I haven't saved the number,Yaa atleast they could have had first name
"Yaaa import java.util.Scanner; class OperatorOVERDDN{ void operator(String str1, String str2){ String s = str1+str2; System.out.println(""Concatenated string""+s); } void operated(int a, int b){ int c = a+b; System.out.println(""addition = ""+c); } } class overload{ public static void main(String[] args){ int x,y; String first,second; Scanner dd = new Scanner(System.in); System.out.println(""Enter two numbers""); x = dd.nextInt(); y = dd.nextInt(); System.out.println(""Enter two String""); first = dd.nextLine(); second = dd.nextLine(); OperatorOVERDDN OB = new OperatorOVERDDN(); OB.operator(x,y); OB.operator(first,second); } } this is giving error Why is that giving error ?",you have names of both  the methods different in OperatorOVERDDN class you can change the name and everything will run properly
Are haaaa Noted,Likha python?
"Nahi Kya likhna hai ,?",Lab manual?
Diya hai sir ne ?,Nahi pata I think we still have to write something. Let's write definitions and stuff atleast If we did had to write something Mila kya likhna he?
Sabke definition aur syntax likhte hai Single side ya double side M ?,Single
Ok,Aim kya he?
Pata nhi,Acha Likha kya? Mene basic defination aur example likhe
Mere pass single side pages hi nahi hai,Late huga shayad mujhe Bus hi nahi he
Acha okk,Shayad sir ajj writeup thenge
"Haa Maybe # print(""****if-else statement****\n"") # print(""**************\n1.Even and Odd\n"") # a = int(input(""Enter the number:"")) # if a % 2 == 0: #     print(""The number is even \n"") # else: #     print(""The number is odd \n"") # print(""**************\n\n2.Eligible Voters\n"") # b = int(input(""Enter your age: "")) # if b >= 18: #     print(""Congratulations!! You are eligible for voting\n"") # else: #     print(""You are not eligible for voting\n"") # print(""**************\n3.Grade\n"") # c = int(input(""Enter your marks: "")) # if c < 40: #     print(""You failed\n"") # elif c < 60: #     print(""Third class"") # elif c <80: #     print(""Second class"") # elif c < 90: #     print(""First class"") # else: #     print(""Distinction"") print(""****while loop****\n"") print(""**************\n1.Palindrome\n"") def isPalindrome(str): for i in range(0, int(len(str)/2)): if str[i] != str[len(str)-i-1]: return False return True s = input(""Enter your String: "") ans = isPalindrome(s) if (ans): print(""The String is Palindrome"") else: print(""The String is not Palindrome"") print(""**************\n2.Fibonacci\n"") n = int(input(""Enter number of integers needed to be printed : "")) i = 1 a = 0 b = 1 c = 0 print(a) print(b) while(i != n): c = a + b print(c) a = b b = c i = i + 1 print(""**************\n3.Arstrong\n"") For loop Take numbers in list and add them Pattern Multiplication table",Kitne pages the? Kam the kya?
2 single,Sach me?
5 double,🤦‍♂️🤦‍♂️ null You deleted this message Mafhi
Maafi,Ahh maafi
Haa maafi bolde usko jo bolna hai ha ya na meko nahi magajmari karna uske saath,Ah yaa for now I am think of going with the project. Since we dont have to work alot and focus on python and other things
yaaa,Robotics/python/c++ and all The program is ready made and no real idea of future features he talk of
This message was deleted,So basically sir and copy that's fine for this sem as we have alot more to do
yaaa,*sit
haaaa,Add UIUX as well
i still haven't downloaded the illustrator,Tho we will have to compensate our lack of interest in this sem mp by doing this things ie. practice for real this programming languages
haaa yaaa do we have to extract the downloaded file ?,Yaa
okk,I would be doing this programming languages for real what about you?
ya me too,If you are in then let's go along his plan
i started c++ y,y?
then after java python ya,Ahh yaa alright
and uiux along with that,🫡
yaaa,Then let's go along after listening to om's response He got a take too in this
Haaa This message was deleted,You deleted this message
Haa,Since you are too open with it
Okk,😂😂
Ha re,Woah that just changes the mood
How ?,It made the talk lighter
Ohhhkk We'll talk tomorrow This message was deleted This message was deleted This message was deleted This message was deleted,Sure I don't mind
Yepp,That sounds like you are making contract to kill someone
😂😂😂,😂
Ya😂 It's supposed to be like this only na,ha congrats !!! you atlast have it
Haaaa You don't ?,I have it as well
ohkk,Call kyu Kiya tha? Mera phone charging par tha
Iske liye hi,Acha
Ha,Ajj tha kya tu follow up ko?
Abhi utha Study session le rahe hai sir ?,Pata nahi sir kuch bole nahi
Acha ok OS ka kya likha?,Kuch nahi Ma'am ko puchte he Do you have print out of AOA or OS?
Nope Aoa ka lab me nikalenge Program hai waha pe,Chalega OS?
And os ka we'll tell mam that we didn't take SS that day when we executed the commands and the program .,I will be late
Okk,Yaa Too much traffic Unexpected traffic
Yaa Mam will shout at you,Yaa nothing I can do
"Yaaa #include <stdio.h> int main(){ int i,j,n,index,min,flag = 0; printf(""Enter the number of elements in the array:""); scanf(""%d"",&n); int array[n]; printf(""Enter the elements of array\n""); for(i = 0; i < n; i ++){ printf(""Enter the element: ""); scanf(""%d"",&array[i]); } printf(""The given array is:\n""); for(i = 0;i < n; i ++){ printf(""%d\t "",array[i]); } min = array[0]; for(i = 0;i < n;i ++){ for(j = i + 1;j < n;j ++){ if(min > array[j]){ flag = 1; min = array[j]; index = j; }else{ continue; } } if(flag == 1){ array[index] = array[i]; array[i] = min; min = array[i + 1]; }else{ min = array[i + 1]; } } printf(""The sorted array is:\n""); for(i = 0;i < n; i ++){ printf(""%d\t "",array[i]); } return 0; } Q.Write a shell script to display current logged in user and current log name. $ vi loginfo.sh echo ""$(users)"" echo ""$(logname)"" $ sudo chmod a+x loginfo.sh [sudo] password for lab-317: ./loginfo.sh lab-317 lab-317",Tera bhi print layu kya? null
https://wutheringwaves.kurogame.com/m/en/cbt?inviterCode=a3zBQ6Kr&adtag=ownlink We can make 2 ppts That's it Nothing after that,So what about topics to put in ppt?
Don't we have it from last sem Just check the last projects ppt We'll have the points,"Introduction, literature survey, aim, problem statement?"
Yeah,Karega kya?
Haaa Send me some points SS or text,Thank you Bhejta hu
Haa,Sahi mil gaya Itna common he ye
Ha kya ? Ppt me copy paste karta hu,Pura he almost
Aur video ke kuch ss lagata hu,Mat
Nahi ? Ok,You have not made anything so don't put any ss
Okk type and send me Prajakta mams nam with designation,😂😂 Leave it blank Me sir ko result bhejke rak Raha hu
Okk Mai bhi bhejta hu fir,Devansh did you said you ONLY got 10pointer in 2 subjects? Tu call kar devansh. Message badme dal null
null Yaa,Result Maths 3 - 67/80 DSGT - 55/80 DS - 65/80 DLCA - 55/80 CG - 65/80 Total Pointer - 9.48
Result Maths 3 - 61/80 DSGT - 53/80 DS - 68/80 DLCA - 54/80 CG - 59/80 Total Pointer - 9.22 <This message was edited>,Woah devansh 61/80 maths! Great work!!! DS me age chale Gaya 🤟
yesss😎 mera ds acha hai,Ye sem me thektehe 😎 Maage kar abhi.🎉🎉🎊🎊🥳
Haaaa,*maja
Ha OS ki book leke aa Practical ki,Ahh haa pakka
"Haa . print(""\n3.Arstrong\n"") num = input(""Enter a number"") order = len(str(num)) sum = 0 temp = num while temp > 0: digit = temp % 10 sum += digit ** order temp //= 10 if num == sum: print(num,""is an Armstrong number"") else: print(num,""is not an Armstrong number"") just add int before the input you know how big is the diamond pattern code in python ?",No I don't
its 5 lines,Nice You deleted this message
"cesa-level2.netlify.app dell@dell-OptiPlex-5090:~$ sudo mysql [sudo] password for dell: Welcome to the MySQL monitor.  Commands end with ; or \g. Your MySQL connection id is 8 Server version: 8.0.32-0ubuntu0.20.04.2 (Ubuntu) Copyright (c) 2000, 2023, Oracle and/or its affiliates. Oracle is a registered trademark of Oracle Corporation and/or its affiliates. Other names may be trademarks of their respective owners. Type 'help;' or '\h' for help. Type '\c' to clear the current input statement. mysql> create database; ERROR 1064 (42000): You have an error in your SQL syntax; check the manual that corresponds to your MySQL server version for the right syntax to use near '' at line 1 mysql> create database devansh; Query OK, 1 row affected (0.20 sec) mysql> show databases; +--------------------+ | Database           | +--------------------+ | ADARSH             | | AKSHARA            | | Aksh               | | Arfeen             | | BUSINESS           | | Bank               | | COLLEGE            | | Chetan             | | College            | | College1           | | Company            | | E1                 | | ESHWARI            | | Employee           | | ExpThree           | | Expthree           | | INSTITUTE          | | NAH                | | Promotion          | | Restaurant         | | STUDENT            | | SURAJ              | | Sales              | | School             | | Store              | | Time               | | UNIVERSITY         | | WIPRO              | | aftab              | | ankit              | | atharva            | | batch3             | | classicmodels      | | college            | | customer           | | database_rahul     | | dept               | | devansh            | | emp                | | exam               | | exp2               | | hamfa              | | information_schema | | mysql              | | performance_schema | | pranay             | | products           | | purva              | | railway_system     | | sales              | | sandesh            | | sani               | | schoole            | | shop               | | student            | | subiya             | | swaleha            | | sys                | | vedh               | +--------------------+ 59 rows in set (0.00 sec) mysql> use devansh; Database changed mysql> create table marks; ERROR 4028 (HY000): A table must have at least one visible column. mysql> create table marks(subject(5),marks(5)) -> maths -> ; ERROR 1064 (42000): You have an error in your SQL syntax; check the manual that corresponds to your MySQL server version for the right syntax to use near '(5),marks(5)) maths' at line 1 mysql> desc devansh; ERROR 1146 (42S02): Table 'devansh.devansh' doesn't exist mysql> create table Class(VID varchar(20),name varchar(30),course varchar(20), marks varchar(20)); Query OK, 0 rows affected (0.62 sec) mysql> desc Class; +--------+-------------+------+-----+---------+-------+ | Field  | Type        | Null | Key | Default | Extra | +--------+-------------+------+-----+---------+-------+ | VID    | varchar(20) | YES  |     | NULL    |       | | name   | varchar(30) | YES  |     | NULL    |       | | course | varchar(20) | YES  |     | NULL    |       | | marks  | varchar(20) | YES  |     | NULL    |       | +--------+-------------+------+-----+---------+-------+ 4 rows in set (0.01 sec) AMEYYY!!!!!!!!!!!!!!!!!!!!!!!!!!!!!!!!!!!!!!!!!!!!!!!!",Ha?
OS,Ha?
Bahi bhejega,Kya?
Kabhi. Thanks,Ha No problem
Yepp,Agar ham abhi samne hote to tu ek do to marhi detana mujhe? 😂😂 Kushe me
Kyu?,Bheja nahi isleye
Haa to,Thektahu me tujhe kal
Haaa mai bhi dekhta hu,Dhekhe. Abhe ke liye likle. Ho jayga 10-15 minute me
Haaa,Jandu. Lab manual bhej raha he par follow up ko nahi araha
Mujhe os ke 1st esp ka writeup bhejna Offline hai aaj ?,Ahh ignore kar diya message Nahi pata
Chupp re Dekha maine Aoa aur DBMS likh raha tha Join karna padega ?,Ofc compulsory That's not more important than follow up. You can do that anytime. Kya yar devansh
Haa re Meeting link bhejna,SKY ke group par he
OS ka first bhej okk thanks,You deleted this message kiska ok?
iska,aur ye? 😂😂
iska,acha
haa javapoint ?,Geek wala. Badme khudse program bana dunga.
acha okk I made the program par sorted array print hi nahi ho raha,You put ss?
haa new one,Sabka program same hoga Maybe parameter send karneme gadbad ho Raha hoga?
"Ha shayad Dekhte hai kal Mai subah merge sort karunga #include <stdio.h> //function prototype int merge(); void mergeSort(); int main() { int n,i; printf(""Enter number of elements in array : ""); scanf(""%d"",&n); int arr[n]; for(i = 0;i < n;i ++){ printf(""Enter the element : ""); scanf(""%d"",&arr[i]); } printf(""Original array: ""); for (int i = 0; i < n; i++) { printf(""%d "", arr[i]); } mergeSort(arr, 0, n - 1); printf(""\nSorted array: ""); for (int i = 0; i < n; i++) { printf(""%d "", arr[i]); } return 0; } int merge(int a[], int lb, int mid, int ub) { int i=lb; int j=mid+1; int k=lb; int b[ub+1]; while(i<=mid && j<=ub){ if(a[i]<=a[j]){ b[k]=a[i]; i++; } else { b[k]=a[j]; j++; } k++; } if(i>mid){ while(j<=ub){ b[k]=a[j]; k++; j++; } } else{ while(i<=mid) { b[k]=a[i]; i++; k++; } } for(k=lb;k<=ub;k++){ a[k]=b[k]; } } void mergeSort(int a[], int lb, int ub) { if(lb<ub){ int mid =(lb+ub)/2; mergeSort(a,lb,mid); mergeSort(a,mid+1,ub); merge(a,lb,mid,ub); } } dsp-01@dsp-01:~$ pwd /home/dsp-01 dsp-01@dsp-01:~$ ls anaconda3     Desktop     hadoop-3.2.3          lq.c    Pictures   rstudio-2022.07.2-576-amd64.deb   tasm   TURBOC3 anaconda.sh   Documents  'kali linux'           masm    Pranav     selection.C                       TASM  'VirtualBox VMs' as            Downloads  'lineAR queue ADT.C'   Music   Public     snap                              TC dsp-01@dsp-01:~$ cd Desktop dsp-01@dsp-01:~/Desktop$ mkdir Amey132 dsp-01@dsp-01:~/Desktop$ cd Amey132 dsp-01@dsp-01:~/Desktop/Amey132$ cat >amey1 Hello! How are you? ^Z [1]+  Stopped                 cat > amey1 dsp-01@dsp-01:~/Desktop/Amey132$ cat >amey2 My name is Amey.What is your name? ^Z [2]+  Stopped                 cat > amey2 dsp-01@dsp-01:~/Desktop/Amey132$ cat >amey3 Hello WOrld! ^Z [3]+  Stopped                 cat > amey3 dsp-01@dsp-01:~/Desktop/Amey132$ cat >amey4 Welcome! ^Z [4]+  Stopped                 cat > amey4 dsp-01@dsp-01:~/Desktop/Amey132$ ls amey1  amey2  amey3  amey4 dsp-01@dsp-01:~/Desktop/Amey132$ rm amey4 dsp-01@dsp-01:~/Desktop/Amey132$ rm amey 1 rm: cannot remove 'amey': No such file or directory rm: cannot remove '1': No such file or directory dsp-01@dsp-01:~/Desktop/Amey132$ rm amey1 dsp-01@dsp-01:~/Desktop/Amey132$ ls amey2  amey3 dsp-01@dsp-01:~/Desktop/Amey132$ cd ../ dsp-01@dsp-01:~/Desktop$ ls 'Aaryan AOA'   Amey132   AOAprac4om.odt   Janhavi   Pranav   pranavAOA.odg   Quicksort.odt dsp-01@dsp-01:~/Desktop$ rm -r Amey132 dsp-01@dsp-01:~/Desktop$ ls 'Aaryan AOA'   AOAprac4om.odt   Janhavi   Pranav   pranavAOA.odg   Quicksort.odt dsp-01@dsp-01:~/Desktop$ cd ../ dsp-01@dsp-01:~$ cd Download bash: cd: Download: No such file or directory dsp-01@dsp-01:~$ cd Downloads dsp-01@dsp-01:~/Downloads$ dat Command 'dat' not found, but can be installed with: sudo apt install liballegro4-dev dsp-01@dsp-01:~/Downloads$ date Monday 12 February 2024 10:09:07 AM IST dsp-01@dsp-01:~/Downloads$ cal Command 'cal' not found, but can be installed with: sudo apt install ncal dsp-01@dsp-01:~/Downloads$ cat >Amey132 Hello!Bye! ^Z [5]+  Stopped                 cat > Amey132 dsp-01@dsp-01:~/Downloads$ ls Amey132                                         ekata1.c                                    LinearS.pdf                  'Updated_CG 1.docx' 'aoa ekata'                                     'EVALUATION OF POSTFIX THROUGH STACK.docx'   LOST.DIR                     'Updated_CG 2.docx' Autorun.inf                                    'Implement Binary Search Tree.docx'          OmAOA-Prac3.pdf              'Updated_CG 3.docx' binaryS                                        'Implement Circular Linked list.docx'        selectionS                   'Updated_CG 4.docx' 'BINARY SEARCH.docx'                            'Implement Linear Queue using array.docx'    selectionS.c                 'Updated_CG 5.1.docx' 'BREADTH FIRST SEARCH.docx'                     'Implement singly linked list.docx'         'stack adt using array.docx'  'Updated_CG 5.2.docx' 'Circular Queue by using array.docx'             lecture_note_420507181042070.pdf           'System Volume Information'   'Updated_CG 6.docx' 'convert infix to postfix using stackADT.docx'  'Linear Queue using Linked List.docx'       'Updated_CG 10.docx'          'Updated_CG 7.docx' 'DEPTH FIRST SEARCH.docx'                        LINEARs                                    'Updated_CG 11.docx'          'Updated_CG 9.docx' dsp-01@dsp-01:~/Downloads$ ls -l total 3104 -rw-rw-r-- 1 dsp-01 dsp-01      11 Feb 12 10:10  Amey132 drwxrwxr-x 2 dsp-01 dsp-01    4096 Feb  5 12:25 'aoa ekata' drwxr-xr-x 2 dsp-01 dsp-01    4096 Aug 19  2019  Autorun.inf -rw-rw-r-- 1 dsp-01 dsp-01     907 Feb  7 15:22  binaryS -rw-r--r-- 1 dsp-01 dsp-01       0 Jan 10 15:33 'BINARY SEARCH.docx' -rw-r--r-- 1 dsp-01 dsp-01   11739 Nov  6 00:38 'BREADTH FIRST SEARCH.docx' -rw-r--r-- 1 dsp-01 dsp-01   12556 Nov  6 00:01 'Circular Queue by using array.docx' -rw-r--r-- 1 dsp-01 dsp-01   11811 Nov  5 23:54 'convert infix to postfix using stackADT.docx' -rw-r--r-- 1 dsp-01 dsp-01   11697 Nov  6 00:35 'DEPTH FIRST SEARCH.docx' -rw-rw-r-- 1 dsp-01 dsp-01     438 Feb  5 12:20  ekata1.c -rw-r--r-- 1 dsp-01 dsp-01   12472 Nov  5 23:56 'EVALUATION OF POSTFIX THROUGH STACK.docx' -rw-r--r-- 1 dsp-01 dsp-01   17268 Nov  6 00:18 'Implement Binary Search Tree.docx' -rw-r--r-- 1 dsp-01 dsp-01   14903 Nov  6 00:08 'Implement Circular Linked list.docx' -rw-r--r-- 1 dsp-01 dsp-01       0 Feb  5 12:08 'Implement Linear Queue using array.docx' -rw-r--r-- 1 dsp-01 dsp-01   17176 Nov  6 00:05 'Implement singly linked list.docx' -rw-rw-r-- 1 dsp-01 dsp-01 2547250 Jan 10 15:08  lecture_note_420507181042070.pdf -rw-r--r-- 1 dsp-01 dsp-01   13405 Nov  6 00:12 'Linear Queue using Linked List.docx' -rw-rw-r-- 1 dsp-01 dsp-01     654 Feb  7 15:22  LINEARs -rw-rw-r-- 1 dsp-01 dsp-01  112135 Feb  7 14:32  LinearS.pdf drwxr-xr-x 2 dsp-01 dsp-01    4096 Jul  8  2023  LOST.DIR -rw-rw-r-- 1 dsp-01 dsp-01   77237 Feb 12 09:48  OmAOA-Prac3.pdf -rw-rw-r-- 1 dsp-01 dsp-01     729 Feb  7 15:22  selectionS -rw-rw-r-- 1 dsp-01 dsp-01     729 Feb  7 15:16  selectionS.c -rw-r--r-- 1 dsp-01 dsp-01   11935 Nov  5 23:51 'stack adt using array.docx' drwxr-xr-x 2 dsp-01 dsp-01    4096 Oct  7  2018 'System Volume Information' -rw-r--r-- 1 dsp-01 dsp-01   30803 Nov  3 18:08 'Updated_CG 10.docx' -rw-r--r-- 1 dsp-01 dsp-01   18727 Nov  3 18:08 'Updated_CG 11.docx' -rw-r--r-- 1 dsp-01 dsp-01   17028 Nov  3 18:09 'Updated_CG 1.docx' -rw-r--r-- 1 dsp-01 dsp-01   13325 Nov  3 18:09 'Updated_CG 2.docx' -rw-r--r-- 1 dsp-01 dsp-01   15499 Nov  3 18:09 'Updated_CG 3.docx' -rw-r--r-- 1 dsp-01 dsp-01   17756 Nov  3 18:09 'Updated_CG 4.docx' -rw-r--r-- 1 dsp-01 dsp-01   13587 Nov  3 18:09 'Updated_CG 5.1.docx' -rw-r--r-- 1 dsp-01 dsp-01   18875 Nov  3 18:09 'Updated_CG 5.2.docx' -rw-r--r-- 1 dsp-01 dsp-01   37401 Nov  3 18:09 'Updated_CG 6.docx' -rw-r--r-- 1 dsp-01 dsp-01   14047 Nov  3 18:09 'Updated_CG 7.docx' -rw-r--r-- 1 dsp-01 dsp-01   18335 Nov  3 18:08 'Updated_CG 9.docx' dsp-01@dsp-01:~/Downloads$ sudo chmod u=rwx Amey132 [sudo] password for dsp-01: dsp-01@dsp-01:~/Downloads$ ls -l total 3104 -rwxrw-r-- 1 dsp-01 dsp-01      11 Feb 12 10:10  Amey132 drwxrwxr-x 2 dsp-01 dsp-01    4096 Feb  5 12:25 'aoa ekata' drwxr-xr-x 2 dsp-01 dsp-01    4096 Aug 19  2019  Autorun.inf -rw-rw-r-- 1 dsp-01 dsp-01     907 Feb  7 15:22  binaryS -rw-r--r-- 1 dsp-01 dsp-01       0 Jan 10 15:33 'BINARY SEARCH.docx' -rw-r--r-- 1 dsp-01 dsp-01   11739 Nov  6 00:38 'BREADTH FIRST SEARCH.docx' -rw-r--r-- 1 dsp-01 dsp-01   12556 Nov  6 00:01 'Circular Queue by using array.docx' -rw-r--r-- 1 dsp-01 dsp-01   11811 Nov  5 23:54 'convert infix to postfix using stackADT.docx' -rw-r--r-- 1 dsp-01 dsp-01   11697 Nov  6 00:35 'DEPTH FIRST SEARCH.docx' -rw-rw-r-- 1 dsp-01 dsp-01     438 Feb  5 12:20  ekata1.c -rw-r--r-- 1 dsp-01 dsp-01   12472 Nov  5 23:56 'EVALUATION OF POSTFIX THROUGH STACK.docx' -rw-r--r-- 1 dsp-01 dsp-01   17268 Nov  6 00:18 'Implement Binary Search Tree.docx' -rw-r--r-- 1 dsp-01 dsp-01   14903 Nov  6 00:08 'Implement Circular Linked list.docx' -rw-r--r-- 1 dsp-01 dsp-01       0 Feb  5 12:08 'Implement Linear Queue using array.docx' -rw-r--r-- 1 dsp-01 dsp-01   17176 Nov  6 00:05 'Implement singly linked list.docx' -rw-rw-r-- 1 dsp-01 dsp-01 2547250 Jan 10 15:08  lecture_note_420507181042070.pdf -rw-r--r-- 1 dsp-01 dsp-01   13405 Nov  6 00:12 'Linear Queue using Linked List.docx' -rw-rw-r-- 1 dsp-01 dsp-01     654 Feb  7 15:22  LINEARs -rw-rw-r-- 1 dsp-01 dsp-01  112135 Feb  7 14:32  LinearS.pdf drwxr-xr-x 2 dsp-01 dsp-01    4096 Jul  8  2023  LOST.DIR -rw-rw-r-- 1 dsp-01 dsp-01   77237 Feb 12 09:48  OmAOA-Prac3.pdf -rw-rw-r-- 1 dsp-01 dsp-01     729 Feb  7 15:22  selectionS -rw-rw-r-- 1 dsp-01 dsp-01     729 Feb  7 15:16  selectionS.c -rw-r--r-- 1 dsp-01 dsp-01   11935 Nov  5 23:51 'stack adt using array.docx' drwxr-xr-x 2 dsp-01 dsp-01    4096 Oct  7  2018 'System Volume Information' -rw-r--r-- 1 dsp-01 dsp-01   30803 Nov  3 18:08 'Updated_CG 10.docx' -rw-r--r-- 1 dsp-01 dsp-01   18727 Nov  3 18:08 'Updated_CG 11.docx' -rw-r--r-- 1 dsp-01 dsp-01   17028 Nov  3 18:09 'Updated_CG 1.docx' -rw-r--r-- 1 dsp-01 dsp-01   13325 Nov  3 18:09 'Updated_CG 2.docx' -rw-r--r-- 1 dsp-01 dsp-01   15499 Nov  3 18:09 'Updated_CG 3.docx' -rw-r--r-- 1 dsp-01 dsp-01   17756 Nov  3 18:09 'Updated_CG 4.docx' -rw-r--r-- 1 dsp-01 dsp-01   13587 Nov  3 18:09 'Updated_CG 5.1.docx' -rw-r--r-- 1 dsp-01 dsp-01   18875 Nov  3 18:09 'Updated_CG 5.2.docx' -rw-r--r-- 1 dsp-01 dsp-01   37401 Nov  3 18:09 'Updated_CG 6.docx' -rw-r--r-- 1 dsp-01 dsp-01   14047 Nov  3 18:09 'Updated_CG 7.docx' -rw-r--r-- 1 dsp-01 dsp-01   18335 Nov  3 18:08 'Updated_CG 9.docx' dsp-01@dsp-01:~/Downloads$ whoami dsp-01 dsp-01@dsp-01:~/Downloads$ who dsp-01   tty2         2024-02-12 09:21 (tty2) dsp-01@dsp-01:~/Downloads$ uname -o GNU/Linux dsp-01@dsp-01:~/Downloads$ touch Amey dsp-01@dsp-01:~/Downloads$ ls A* Amey  Amey132 Autorun.inf: dsp-01@dsp-01:~/Downloads$ cat >amey.txt 32 45 76 12 93 ^Z [6]+  Stopped                 cat > amey.txt dsp-01@dsp-01:~/Downloads$ sort -r amey.txt 32 45 76 12 93 dsp-01@dsp-01:~/Downloads$ rm amey.txt dsp-01@dsp-01:~/Downloads$ cat >amey.txt 12 34 56 78 90 ^Z [7]+  Stopped                 cat > amey.txt dsp-01@dsp-01:~/Downloads$ rm amey.txt dsp-01@dsp-01:~/Downloads$ cat >amey.txt 12 34 56 78 90 ^Z [8]+  Stopped                 cat > amey.txt dsp-01@dsp-01:~/Downloads$ sort -r amey sort: cannot read: amey: No such file or directory dsp-01@dsp-01:~/Downloads$ sort -r amey.txt 90 78 56 34 12 dsp-01@dsp-01:~/Downloads$ head -3 amey.txt 12 34 56 dsp-01@dsp-01:~/Downloads$ tail -3 amey.txt 56 78 90 dsp-01@dsp-01:~/Downloads$ Monday 12 February 2024 10:09:05 AM IST dsp-3@dsp-02:~/Downloads$ cal February 2024 Su Mo Tu We Th Fr Sa 1  2  3 4  5  6  7  8  9 10 11 12 13 14 15 16 17 18 19 20 21 22 23 24 25 26 27 28 29 This message was deleted This message was deleted This message was deleted #include <stdio.h> struct process_table{ int AT,BT,FT,TAT,WT; }; struct process_table process[10]; //function prototype int next_process(); int scheduling(); int main(){ int n,i,j = 0,total_time = 0,avg_tat = 0,avg_wt = 0; printf(""Enter the number of processes : ""); scanf(""%d"",&n); printf(""Enter the Arrival Time and Burst Time of processes\n""); for(i = 0;i < n;i ++){ printf(""Details of process %d\n"",i+1); printf(""Arrival Time : ""); scanf(""%d"",&process[i].AT); printf(""Burst Time : ""); scanf(""%d"",&process[i].BT); } for(j = 0;j < n;j ++){ i = next_process(n); total_time += process[j].BT; process[j].FT =  total_time; } j = 0; //tat and WT for(j = 0;j < n;j ++){ process[j].TAT = process[j].FT - process[j].AT; process[j].WT = process[j].TAT - process[j].BT; } //avg tat and WT for(j = 0;j < n;j ++){ avg_wt += process[j].WT; avg_tat += process[j].TAT; } //printing result printf(""Process\tBurst\tFinish\tTAT\tWT\n""); for(i = 0;i < n;i ++){ printf(""%d\t%d\t%d\t%d\t%d\n"",(i+1),process[i].BT,process[i].FT,process[i].TAT,process[i].WT); } avg_wt = avg_wt/n; avg_tat = avg_tat/n; printf(""Avarage WT : %d\nAvarage TAT : %d"",avg_wt,avg_tat); return 0; } int next_process(int n){ int temp; for(int i = 0;i < n;i ++){ for(int j = i + 1;j < n; j ++){ if(process[i].BT > process[j].BT){ temp = j; } else if(process[i].BT == process[j].BT){ if(process[i].AT > process[j].AT){ temp = j; } else{ temp = i; } } else temp = i; } } return temp; } int scheduling(){ } wrong ahe program Khatarnak*",Are yar 🤦‍♂️
2 hai 100/100 maths,Rushikesh a Raha he bola Aur kon? Ayush aya?
Okk Busy bata raha hai,Acha message dal se *de
Network issue bol raha hai wo,Acha Group PE dalde
Thoda late join karega wo bola Haa Bhej,Ayush?
Kya,Ayush will join late?
Haa He said,Dala to tune
Haa Porgaram bhej,"Sir ka? import java.util.Scanner; public class BankApplication { public static void main(String[] args) { Scanner sc = new Scanner(System.in); System.out.println(""Enter your 'Name' and 'CustomerId' to access your Bank account:""); String name=sc.nextLine(); String customerId=sc.nextLine(); BankAccount obj1 = new BankAccount(name,customerId); obj1.menu(); } } class BankAccount{ double bal; double prevTrans; String customerName; String customerId; BankAccount(String customerName,String customerId){ this.customerName=customerName; this.customerId=customerId; } void deposit(double amount){ if(amount!=0){ bal+=amount; prevTrans=amount; } } void withdraw(double amt){ if(amt!=0 && bal>=amt){ bal-=amt; prevTrans = -amt; } else if(bal<amt){ System.out.println(""Bank balance insufficient""); } } void getPreviousTrans(){ if(prevTrans>0){ System.out.println(""Deposited: ""+prevTrans); } else if(prevTrans<0){ System.out.println(""Withdrawn: ""+Math.abs(prevTrans)); } else{ System.out.println(""No transaction occurred""); } } void menu(){ char option; Scanner sc =new Scanner(System.in); System.out.println(""Welcome ""+customerName); System.out.println(""Your ID:""+customerId); System.out.println(""\n""); System.out.println(""a) Check Balance""); System.out.println(""b) Deposit Amount""); System.out.println(""c) Withdraw Amount""); System.out.println(""d) Previous Transaction""); System.out.println(""e) Exit""); do{ System.out.println(""********************************************""); System.out.println(""Choose an option""); option = sc.next().charAt(0); System.out.println(""\n""); switch (option){ case 'a': System.out.println(""......................""); System.out.println(""Balance =""+bal); System.out.println(""......................""); System.out.println(""\n""); break; case 'b': System.out.println(""......................""); System.out.println(""Enter an amount to deposit :""); System.out.println(""......................""); double amt=sc.nextDouble(); deposit(amt); System.out.println(""\n""); break; case 'c': System.out.println(""......................""); System.out.println(""Enter an amount to Withdraw :""); System.out.println(""......................""); double amtW=sc.nextDouble(); withdraw(amtW); System.out.println(""\n""); break; case 'd': System.out.println(""......................""); System.out.println(""Previous Transaction:""); getPreviousTrans(); System.out.println(""......................""); System.out.println(""\n""); break; case 'e': System.out.println(""......................""); break; default: System.out.println(""Choose a correct option to proceed""); break; } }while(option!='e'); System.out.println(""Thank you for using our banking services""); } }"
Yes Kya message karna hai Team Jkb ko ?,Ha Kiya
Are kya par,I am interested and sir has shortlisted me for L3PP. Ye kiya he
Okk Ye number ko na,Ha
Okk,Kal jara jaldi ana Batt kartehe group of 4 ke bareme.
Ha chalega,9.30 tak ya 9.15 tak
haaaa Haaaa Aa gaya,👍
"import java.util.Scanner; class converter{ double out1; public double america(double amt){ out1 = amt*83.11182212; return (out1); } public double swiss(double amt){ out1 = amt*96.36; System.out.println(out1); return (out1); } public double euro(double amt){ out1 = amt*90.13; return (out1); } public double britishpound(double amt){ out1 = amt*105.55; return (out1); } public double cdollar(double amt){ out1 = amt*62.01; return (out1); } public double adollar(double amt){ out1 = amt*54.86; return (out1); } public double sdollar(double amt){ out1 = amt*62.04; return (out1); } public double ndollar(double amt){ out1 = amt*50.99 ; return (out1); } public double kdinar(double amt){ out1 = amt*270.13; return (out1); } public double uae(double amt){ out1 = amt*22.63; return (out1); } } class reversecon extends converter{ double out; public double choice(double mon , int opt ){ switch (opt){ case 1: out=super.america(mon); return(out); case 2: out=super.swiss(mon); return(out); case 3: out=super.euro(mon); return(out); case 4: out=super.britishpound(mon); return(out); case 5: out=super.cdollar(mon); return(out); case 6: out=super.adollar(mon); return(out); case 7: out=super.sdollar(mon); return(out); case 8: out=super.ndollar(mon); return(out); case 9: out=super.kdinar(mon); return(out); case 10: out=super.uae(mon); return(out); } return 0; } public double america(double amt , int opt){ out = amt*0.012032; out = choice(out,opt); return (out); } public double swiss(double amt,int opt){ out = amt*0.010; out = choice(out,opt); return (out); } public double euro(double amt,int opt){ out = amt*0.011; out = choice(out,opt); return (out); } public double britishpound(double amt,int opt){ out = amt*0.0095; out = choice(out,opt); return (out); } public double cdollar(double amt,int opt){ out = amt*0.016; return (out); } public double adollar(double amt,int opt){ out = amt*0.018; out = choice(out,opt); return (out); } public double sdollar(double amt,int opt){ out = amt*0.016; out = choice(out,opt); return (out); } public double ndollar(double amt,int opt){ out = amt*0.020; out = choice(out,opt); return (out); } public double kdinar(double amt,int opt){ out = amt*0.0037; out = choice(out,opt); return (out); } public double uae(double amt,int opt){ out = amt*0.044; out = choice(out,opt); return (out); } } class CC{ public static void main(String[] args){ int opt,opt1; double output,money=0; Scanner sc = new Scanner(System.in); System.out.println(""Enter the amount you want to convert:""); money = sc.nextDouble(); System.out.println(""From:""); System.out.println(""1.)American dollars \n 2.)Swiss Franc \n 3.)Euro \n 4.) British Pound \n 5.)Canadian dollar \n 6.)Australian dollar \n 7.)Singapore dollar \n 8.)New Zealand dollar \n 9.)Kuwaiti Dinar \n 10.)UAE Dinar""); opt1 = sc.nextInt(); System.out.println(""Enter the option:""); System.out.println(""1.)American dollars \n 2.)Swiss Franc \n 3.)Euro \n 4.) British Pound \n 5.)Canadian dollar \n 6.)Australian dollar \n 7.)Singapore dollar \n 8.)New Zealand dollar \n 9.)Kuwaiti Dinar \n 10.)UAE Dinar""); opt = sc.nextInt(); reversecon con = new reversecon(); switch (opt) { case 1: output=con.america(money,opt1); System.out.println(""The converted value is in Dollars.""); System.out.println(output); break; case 2: output=con.swiss(money,opt1); System.out.println(""The converted value is in Swiss Franc.""); System.out.println(output); break; case 3: output=con.euro(money,opt1); System.out.println(""The converted value is in Euros.""); System.out.println(output); break; case 4: output=con.britishpound(money,opt1); System.out.println(""The converted value is in British Pound.""); System.out.println(output); break; case 5: output=con.cdollar(money,opt1); System.out.println(""The converted value is in Canadian Dollars.""); System.out.println(output); break; case 6: output=con.adollar(money,opt1); System.out.println(""The converted value is in Australlian Dollars.""); System.out.println(output); break; case 7: output=con.sdollar(money,opt1); System.out.println(""The converted value is in Singapore Dollars.""); System.out.println(output); break; case 8: output=con.ndollar(money,opt1); System.out.println(""The converted value is in New Zealand Dollars.""); System.out.println(output); break; case 9: output=con.kdinar(money,opt1); System.out.println(""The converted value is in Kuwaiti dinar.""); System.out.println(output); break; case 10: output=con.uae(money,opt1); System.out.println(""The converted value is in UAE Dinar.""); System.out.println(output); break; } } }",Honeke bad call karna Paper honeke badd
Ho gaya,os ka kahase likhana he?
Kartikey ko pucho,You deleted this message What about output?
https://www.ducumon.click/2016/01/pokemon-omega-ruby.html We'll have output for 1 and 3 2 and 4 we'll have to take from someone This should run on your phone,Ok
OS,Sir attendance le rahe he Danyavad dbms ka commands ka ss bhej na
Exp 3 Exp 4 Exp 5,sir ko mene pucha. he said to run on command prompt
Ha to wo kal hi karna padega,danyavad
Practical me,chalega
Haa,me run karke aajayunga
Kahape ? Command prompt ?,ha I downloaded sql
Kiya ?,ha
Okk Mai bhi karta hu,yt par search kar
Haaa,ruck me bhejtahu
Haa,https://youtu.be/qBBXBZXKi0w?si=eY_F5ycV1jINIPcn
Thanks,lekin yehe sab commands execute karne he na?
Ha Lab manual me bhi dekh le Koi missing rahega to bata mujhe,chalega os ka writeup bhada he kya?
Nahi,do we have to make same table or different? same as your student>
Anything will do,i made a table now how do i add values in it? i think it was there too
Insertion of values is in 4th,so you have not done integrity constriants and modifying existing columns
I did na See in the second ss Alter wala,there was primary key is integrity constraint? you didn't modify
Yaa,you altered
I see Okk,python ka likke bhej dena
"Saare programs ho gaye ? Inheritance bhejna class employee: def __init__(self): self.name = input(""Enter name:"") self.id = int(input(""Enter your id:"")) self.basic_sal = int(input(""Enter your basic salary:"")) def logic(self): self.ta = (10*self.basic_sal)/100 self.da = (30*self.basic_sal)/100 self.hra = (15*self.basic_sal)/100 self.gross = self.basic_sal + self.ta + self.da + self.hra def display(self): print(""name of employee"",self.name) print(""id of empoyee"",self.id) print(""Gross salary"",self.gross) e=employee() e.logic() e.display() class functions: a = int(input(""Enter first number"")) b = int(input(""Enter second number"")) def sum(self): self.c = self.a + self.b print(""Addition of the two numbers is "",self.c) def mul(self): self.d = self.a*self.b print(""Multiplication of the two numbers is "", self.d) def sub(self): self.e = self.a - self.b print(""Subtraction of the two numbers is "", self.e) def div(self): self.f = float(self.a/self.b) print(""Division of the two numbers is "", self.f) s=functions(); ch = 1 while (ch!=5): print(""1.)ADD\n2.)MULTIPLICATION\n3.)SUBTRACTION\n4.)DIVISION\n5.)EXIT"") ch = int(input(""Enter your choice:"")) if ch==1: s.sum() elif ch==2: s.mul() elif ch==3: s.sub() elif ch==4: s.div() i = 1 while i<=5: n = int(input(""Please enter nubers between 1 to 5:"")) if n==1: try: a = int(input(""Please enter a number a"")) b = int(input(""Please enter a number b"")) c = a/b except ZeroDivisionError: print(""OOPS!Number divisible by zero exception occurs"") else: print(""Division is "",c) elif n==2: try: a = int(input(""Please enter a number a"")) b = int(input(""Please enter a number b"")) c = a/b except ValueError: print(""OOPS!Value Error exception occurs"") else: print(""Division is "",c) elif n==3: try: a = int(input(""Please enter a number a"")) b = int(input(""Please enter a number b"")) c = a/b except NameError: print(""OOPS!Name Error exception occurs"") else: print(""Division is "",c) elif n==4: try: n == '2'+2 except TypeError: print(""OOPS!Type error exception occurs"") else: print(""Division is "",c) elif n==5: try: n = int(input(""PLease enter nos betweem 2 and 3"")) assert n>=2 and n<=3 print(""The number enterd is "",n) except AssertionError: print(""OOPS!Assertion Error exception occurs"") else: print(""Division is "",c) thanks","class Person(): def Person(self, name, age): self.name = name self.age = age def display(self): print(self.name, self.age) class Student(Person): def Student(self, name, age): self.sName = name self.sAge = age super().Person(""Soohamm"",20) def displayInfo(self): print(self.sName, self.sAge) obj = Student(""Amey"", 19) obj.display() obj.displayInfo() deva ooo deva error yeto ahe bhug jara"
Kya dekhu isme inheritance kahape hai,ye he inheritance
par isme inheritance kahape hai,class Student(Person): most probably this yar phir mene galat kiya he
aayien ?,"print(""______Class and object______"") class employee: def _init_(self): self.name = input(""Enter name:"") self.id = int(input(""Enter your id:"")) self.basic_sal = float(input(""Enter your basic salary:"")) def logic(self): self.ta = 0.1*self.basic_sal self.da = 0.3*self.basic_sal self.hra = 0.15*self.basic_sal self.gross = self.basic_sal + self.ta + self.da + self.hra def display(self): print(""name of employee"",self.name) print(""id of empoyee"",self.id) print(""Gross salary"",self.gross) e=employee() e.logic() e.display() run karke thek ye"
inheritance chai peene gaya hai thodi der baad aayega,ha class and object ka program he
haa wo bhi error de raha hai,kyu? sir ka program he na phir bhi?
haaa,varna gfg se uthavu kya?
haaa,"print(""______Functions______"") class functions: a = int(input(""Enter first number"")) b = int(input(""Enter second number"")) def sum(self): self.c = self.a + self.b print(""Addition of the two numbers is "",self.c) def mul(self): self.d = self.a*self.b print(""Multiplication of the two numbers is "", self.d) def sub(self): self.e = self.a - self.b print(""Subtraction of the two numbers is "", self.e) def div(self): self.f = float(self.a/self.b) print(""Division of the two numbers is "", self.f) s=functions() ch = 1 while (ch!=5): print(""1.)ADD\n2.)MULTIPLICATION\n3.)SUBTRACTION\n4.)DIVISION\n5.)EXIT"") ch = int(input(""Enter your choice:"")) if ch==1: s.sum() elif ch==2: s.mul() elif ch==3: s.sub() elif ch==4: s.div() else : print(""Thank you"") print(""______Class and object______"") class employee: def __init__(self,name,id,basic_sal): self.name = name self.id = id self.basic_sal = basic_sal def logic(self): self.ta = 0.1*self.basic_sal self.da = 0.3*self.basic_sal self.hra = 0.15*self.basic_sal self.gross = self.basic_sal + self.ta + self.da + self.hra def display(self): print(""name of employee"",self.name) print(""id of empoyee"",self.id) print(""Gross salary"",self.gross) name = input(""Enter name:"") id = int(input(""Enter your id:"")) basic_sal = float(input(""Enter your basic salary:"")) e=employee(name,id,basic_sal) e.logic() e.display() print(""______Inheritance______"") class Person(object): def __init__(self, name, idnumber): self.name = name self.idnumber = idnumber def display(self): print(self.name) print(self.idnumber) class Employee(Person): def __init__(self, name, idnumber, salary, post): self.salary = salary self.post = post Person.__init__(self, name, idnumber) a = Employee('Rahul', 886012, 200000, ""Intern"") a.display() print(""______Exception Handling______"") i = 1 while i<=5: n = int(input(""Please enter nubers between 1 to 5:"")) if n==1: try: a = int(input(""Please enter a number a"")) b = int(input(""Please enter a number b"")) c = a/b except ZeroDivisionError: print(""OOPS!Number divisible by zero exception occurs"") else: print(""Division is "",c) elif n==2: try: a = int(input(""Please enter a number a"")) b = int(input(""Please enter a number b"")) c = a/b except ValueError: print(""OOPS!Value Error exception occurs"") else: print(""Division is "",c) elif n==3: try: a = int(input(""Please enter a number a"")) b = int(input(""Please enter a number b"")) c = a/b except NameError: print(""OOPS!Name Error exception occurs"") else: print(""Division is "",c) elif n==4: try: n == '2'+2 except TypeError: print(""OOPS!Type error exception occurs"") else: print(""Division is "",c) elif n==5: try: n = int(input(""PLease enter nos betweem 2 and 3"")) assert n>=2 and n<=3 print(""The number enterd is "",n) except AssertionError: print(""OOPS!Assertion Error exception occurs"") else: print(""Division is "",c) hua run"
class and object wala error de raha hai,exception handling bekar che. thamto nathi
output nikalke bhej na nahi ho raha mere se,"print(""______Functions______"") class functions: a = int(input(""Enter first number"")) b = int(input(""Enter second number"")) def sum(self): self.c = self.a + self.b print(""Addition of the two numbers is "",self.c) def mul(self): self.d = self.a*self.b print(""Multiplication of the two numbers is "", self.d) def sub(self): self.e = self.a - self.b print(""Subtraction of the two numbers is "", self.e) def div(self): self.f = float(self.a/self.b) print(""Division of the two numbers is "", self.f) s=functions() ch = 1 while (ch!=5): print(""1.)ADD\n2.)MULTIPLICATION\n3.)SUBTRACTION\n4.)DIVISION\n5.)EXIT"") ch = int(input(""Enter your choice:"")) if ch==1: s.sum() elif ch==2: s.mul() elif ch==3: s.sub() elif ch==4: s.div() else : print(""Thank you"") print(""______Class and object______"") class employee: def __init__(self,name,id,basic_sal): self.name = name self.id = id self.basic_sal = basic_sal def logic(self): self.ta = 0.1*self.basic_sal self.da = 0.3*self.basic_sal self.hra = 0.15*self.basic_sal self.gross = self.basic_sal + self.ta + self.da + self.hra def display(self): print(""name of employee"",self.name) print(""id of empoyee"",self.id) print(""Gross salary"",self.gross) name = input(""Enter name:"") id = int(input(""Enter your id:"")) basic_sal = float(input(""Enter your basic salary:"")) e=employee(name,id,basic_sal) e.logic() e.display() print(""______Inheritance______"") class Person(object): def __init__(self, name, idnumber): self.name = name self.idnumber = idnumber def display(self): print(self.name) print(self.idnumber) class Employee(Person): def __init__(self, name, idnumber, salary, post): self.salary = salary self.post = post Person.__init__(self, name, idnumber) a = Employee('Rahul', 886012, 200000, ""Intern"") a.display() print(""______Exception Handling______"") i = 1 while i<=5: n = int(input(""Please enter nubers between 1 to 5:"")) if n==1: try: a = int(input(""Please enter a number a"")) b = int(input(""Please enter a number b"")) c = a/b except ZeroDivisionError: print(""OOPS!Number divisible by zero exception occurs"") else: print(""Division is "",c) elif n==2: try: a = int(input(""Please enter a number a"")) b = int(input(""Please enter a number b"")) c = a/b except ValueError: print(""OOPS!Value Error exception occurs"") else: print(""Division is "",c) elif n==3: try: a = int(input(""Please enter a number a"")) b = int(input(""Please enter a number b"")) c = a/b except NameError: print(""OOPS!Name Error exception occurs"") else: print(""Division is "",c) elif n==4: try: n == '2'+2 except TypeError: print(""OOPS!Type error exception occurs"") else: print(""Division is "",c) elif n==5: try: n = int(input(""PLease enter nos betweem 2 and 3"")) assert n>=2 and n<=3 print(""The number enterd is "",n) except AssertionError: print(""OOPS!Assertion Error exception occurs"") else: print(""Division is "",c) ______Functions______ Enter first number1 Enter second number2 1.)ADD 2.)MULTIPLICATION 3.)SUBTRACTION 4.)DIVISION 5.)EXIT Enter your choice:5 Thank you ______Class and object______ Enter name:amey Enter your id:132 Enter your basic salary:1200000 name of employee amey id of empoyee 132 Gross salary 1860000.0 ______Inheritance______ Rahul 886012 ______Exception Handling______ Please enter nubers between 1 to 5:1 Please enter a number a12 Please enter a number b0 OOPS!Number divisible by zero exception occurs Please enter nubers between 1 to 5:2 Please enter a number a-1i OOPS!Value Error exception occurs practical 3 na?"
Haaa thanks kal bohot sare pages leke aana blank print bohot hai kal Ameeeeeeyyyyyyyyy Sblc W R I T E U P,I don't have them
We'll have to buy tomorrow,Yaa I will write OS experiment 4 tomorrow... Will go sleep.
Alright,Later
Yepp https://www.ducumon.click/2016/01/pokemon-y.html,First page bhejde 12copy na? 4 for each of us
Haa,Invert?
Nahi hua Kaam hi kar rahe hai,To DBMS? Practical ke time pe le lete he Agar sir bole without invert chalega to likal thenke
https://hexrom.com/pokemon-y/download/ Pokemon y,Konsa karna he? null Mewtwo bhi he?
Ye mat kar Maine dusra link dhundha hai Usme fast ho raha hai Link ka kuch problem tha Run karke batata hu,Tu download karke run karke mujhe bata Ha
Haa,Ha
Haa,Ha re
Haaqq,Haee Nahi it's most probably website error
Ha wohi re This message was deleted This message was deleted This message was deleted This message was deleted https://happyroms.com/download/mod/pokemon-y-33191-691/ This one is good,Chalega Karta hu Phir batata hu
Haa Are? Extract kiya ?,🤦‍♂️ 🤟
Wo kar,Same araha he
Aisa aayega Jo folder me extract kiya wo folder khol,Konsa directory select Kiya?
Maine alag directory banaya hai Jisme dono games hai,Acha Kese?
Haa Files me jaake create kar Fir copy paste kar de Aise we file copy paste kar Rar ya zip wala nahi,Ye alag wala he na? Isn't it different files?
Haa,My extention is 3d and yours cita
Extract karne ke baad ek alag file banta hai Wo dhundh,Yee??
Haa Ha ye,Age? *aage?
Copy paste Kiya ? Ya to ye directory yaad rakh,Ah he alag folder me he hee
Aur yahipe Citra ka path set kar,It says my room is encrypted. How do I decrypt it? *rom
Where does it say that ? Tujhe Aisa icon dikh raha hai ?,Nahi na
Aise icons hi khulte hai Tu file barabar open nahi kar raha,How do you open it then? I will have to decrypt the file first
That's not needed re I extracted the file then moved the new file created And it opened,Where did you moved it in citra folder?
Noo,Citraka download link bhej
Wo playstore se kiya,Nahi chal Raha he It needs to be decrypted
I'll see it on sunday,I think you send me decryped file by mistake
No re,Thekta hu me
I sent you the same link i used Haa Ohhh nice Expense tracker,Are waa
"I'll send you the code when I'm done import java.util.*; class setexpense{ String cat[] = new String[100]; int cash[] = new int[100]; int i=0,sum=0,rembud=0,k=1,n=0; int BUDGET=0; public void setbudget(int budget){ BUDGET += budget; rembud += budget; System.out.println(""YOUR BUDGET IS :""+BUDGET); } public void LIST(){ int out; String in; Scanner sc = new Scanner(System.in); while(k==1){ System.out.println(""Enter Category""); in=sc.next(); System.out.println(""Enter expense amount""); out= sc.nextInt(); if(rembud>out){ cash[i]=out; cat[i]=in; } else if(rembud!=0 && rembud<out){ System.out.println(""INSUFFICIENT BUDGET""); cash[i]=out; cat[i]=in; } System.out.println(""Enter 0 to exit""); i++; n++; rembud -=out; sum +=out; k = sc.nextInt(); if(k==0) break; } System.out.println(""ORIGINAL BUDGET :""+BUDGET); System.out.println(""REMAINING BUDGET:""+rembud); System.out.println(""TOTAL EXPENDITURE:""+sum); } } class checkexpense extends setexpense{ void display(){ System.out.println(""  CATEGORY     EXPENSE""); for(i=0;i<n;i++){ System.out.println(i+1+"" ""+cat[i]+""              ""+cash[i]); } } void sortlist(){ int b[]= cash.clone(); String a[]=cat.clone(); String temp; int tem; for(i = 0;i<n;i++){ for(int j=0;j<n;j++){ if(b[j]>b[j+1]){ tem = b[j]; temp = a[j]; b[j] = b[j+1]; a[j] = a[j+1]; b[j+1]= tem; a[j+1]= temp; } } } for(i=1;i<n+1;i++){ System.out.println(b[i]+""  ""+a[i]); } } } public class Main { public static void main(String[] args) { int ch=6,bud; Scanner sc = new Scanner(System.in); System.out.println(""WELCOME TO EXPENSE TRCKER""); checkexpense budget = new checkexpense(); do{ System.out.println(""MAIN MENU""); System.out.println(""1.)SET/UPDATE BUDGET""); System.out.println(""2.)ENTER EXPENSE""); System.out.println(""3.)CHECK EXPENSE HISTORY""); System.out.println(""4.)CHECK REMAINING BUDGET""); System.out.println(""5.)CHECK TOTAL EXPENSE""); System.out.println(""6.)SORT EXPENSES IN ASCENDING ORDER: ""); System.out.println(""7.)EXIT""); ch = sc.nextInt(); System.out.println(""\n\n""); switch(ch){ case 1: System.out.println(""Enter your budget:""); bud = sc.nextInt(); budget.setbudget(bud); break; case 2: budget.LIST(); break; case 3: budget.display(); break; case 4: System.out.println(""ORIGINAL BUDGET:""+budget.BUDGET); System.out.println(""REMAINING BUDGET:""+budget.rembud); case 5: System.out.println(""TOTAL EXPENDITURE:""+budget.sum); break; case 6: budget.sortlist(); break; } }while(ch!=6); } } its smoll aur kuch daal sakte hai kya ?",Make it look good
Like ?,Use /n /t add ------- or ****** to seperate Like that
ohokk any new features ?,"if you want add dates not a lot you can add tho you  can separate things like necessities, entertainment. then allocate certain budget for it"
Yaa I'm adding that Yaaa Should I show it to sir ?,sure show it to sir
Isn't it too simple,Yaa it is mostly a condition then addition or substraction
so should I or not,Don't contemplate so much Go with what you want If it's simple sir will say it's simple. What's the big deal with it? It's not like we are selling it
"alright let me getb the date done then ill tell sir import java.util.Scanner; import java.util.Date; import java.text.SimpleDateFormat; class setexpense{ String cat[] = new String[100]; int cash[] = new int[100]; String dat[] = new String[100]; int i=0,sum=0,rembud=0,k=1,n=0; int BUDGET=0; public void setbudget(int budget){ BUDGET += budget; rembud += budget; System.out.println(""YOUR BUDGET IS :""+BUDGET); } public void LIST(){ int out; String in,d=null; Scanner sc = new Scanner(System.in); while(k==1){ System.out.println(""Enter Category""); in=sc.next(); System.out.println(""Enter expense amount""); out= sc.nextInt(); System.out.println(""Enter date(Press 1 for current date):""); d = sc.next(); Date date = new Date(); SimpleDateFormat formatter = new SimpleDateFormat(""dd/MM/yyyy""); dat[i] = formatter.format(date); System.out.println(dat[i]); if(rembud>out){ cash[i]=out; cat[i]=in; if(d==null) System.out.println(""\n""); else dat[i]=d; } else if(rembud==0 || rembud<out){ System.out.println(""INSUFFICIENT BUDGET""); cash[i]=out; cat[i]=in; if(d==null) System.out.println(""\n""); else dat[i]=d; } System.out.println(""Enter 1 to continue""); i++; n++; rembud -=out; sum +=out; k = sc.nextInt(); if(k==0) break; } System.out.println(""ORIGINAL BUDGET :""+BUDGET); System.out.println(""REMAINING BUDGET:""+rembud); System.out.println(""TOTAL EXPENDITURE:""+sum); } } class checkexpense extends setexpense{ void display(){ System.out.println(""  CATEGORY     EXPENSE      DATE""); for(i=0;i<n;i++){ System.out.println(i+1+"" ""+cat[i]+""              ""+cash[i]+""    ""+dat[i]); } } void sortlist(){ int b[]= cash.clone(); String a[]=cat.clone(); String temp; int tem; for(i = 0;i<n;i++){ for(int j=0;j<n;j++){ if(b[j]>b[j+1]){ tem = b[j]; temp = a[j]; b[j] = b[j+1]; a[j] = a[j+1]; b[j+1]= tem; a[j+1]= temp; } } } for(i=1;i<n+1;i++){ System.out.println(b[i]+""  ""+a[i]); } } } public class Main { public static void main(String[] args) { int ch=6,bud; Scanner sc = new Scanner(System.in); System.out.println(""WELCOME TO EXPENSE TRCKER""); checkexpense budget = new checkexpense(); do{ System.out.println(""MAIN MENU""); System.out.println(""1.)SET/UPDATE BUDGET""); System.out.println(""2.)ENTER EXPENSE""); System.out.println(""3.)CHECK EXPENSE HISTORY""); System.out.println(""4.)CHECK REMAINING BUDGET""); System.out.println(""5.)CHECK TOTAL EXPENSE""); System.out.println(""6.)SORT EXPENSES IN ASCENDING ORDER: ""); System.out.println(""7.)EXIT""); ch = sc.nextInt(); System.out.println(""\n\n""); switch(ch){ case 1: System.out.println(""Enter your budget:""); bud = sc.nextInt(); budget.setbudget(bud); break; case 2: budget.LIST(); break; case 3: budget.display(); break; case 4: System.out.println(""ORIGINAL BUDGET:""+budget.BUDGET); System.out.println(""REMAINING BUDGET:""+budget.rembud); case 5: System.out.println(""TOTAL EXPENDITURE:""+budget.sum); break; case 6: budget.sortlist(); break; } }while(ch!=6); } }",join kar follow up
https://www.instagram.com/reel/C3P1wzjI7Oi/?igsh=M25sNGZ4aWFnbjR1 aoa assignment 1 bhej na thanku,Don't send to anyone
program nahi chahiye tgha,Even in our group
haaa im just checking the answers,It was WAP. Which is write a program
haa I know i meant i didn't want it,Ahh acha samjha Haa
haa,Ha
ha thanku,🧐 Welcomu
"Haq yepp #include <stdio.h> void display(int a[],int n){ int i; for(i=0;i<n;i++) { printf(""%d "",a[i]); } } int partition(int a[],int lb,int ub){ int pivot = a[lb]; int start = lb; int end = ub; int temp; while(start<end){ while(a[start]<=pivot) start++; while(a[start]>pivot) end--; if(start < end){ temp = a[start]; a[start] = a[end]; a[end] = temp; } } temp =a[lb]; a[lb]=a[end]; a[end] = temp; return end; } int quicksort(int a[], int lb, int ub){ int loc,i,n; if(lb<ub){ loc = partition(a,lb,ub); quicksort(a,lb,loc-1); quicksort(a,loc+1,ub); } } int main() { int i,j,n,temp,flag; int a[100]; printf(""Enter the number of elementsin the array:""); scanf(""%d"",&n); a[n]; for(i=0;i<n;i++) { printf(""Enter the elements of the array:""); scanf(""%d"",&a[i]); } quicksort(a,0,n-1); display(a,n); } can you run this program and see",you can declare a variable two times You deleted this message nahi pata kya error he
Amey,Devansh
This message was deleted This message was deleted This message was deleted This message was deleted This message was deleted This message was deleted Amey This message was deleted,Send ss of maths4 Syllabus Not the whole thing null
Bheja Dekh,null
Tyani file mam la dili aahe Tyachya kade nahi aahe,Mug Kay karacha ahe?
Haa re mila Udya lihu Mam la vicharun,Chalel
Hoo,Chalel
Hooo Amyyeyeyeyeyyeyeyeey,Su che?
Mane papars mokal ne <This message was edited> Badha,Mene lagyu tame modak Jav che
🤦🏼 Question papers mokal Mane Print leva,Mokalu chu
Haa,Me tane Gmail bhi Karu sake chu
Atlaj che ? Nai bass Thai gayu,Edit kese karte he group PE?
Msg ?,Haa
Hold karke rakh For uper ke 3 dots pe click kar,Maybe not available in group
It should be Ha it ain't,MurJAVA
😭,We have to do DBMS exp5
yaa Thanku,You deleted this message You deleted this message
hello tera kaam karna,".model small .data array1 db 02H,07H,04H,09H,01H array2 db 00H .code mov ax,@data mov ds,ax mov es,ax lea si,array1 lea di,array2 mov cx,05H cld rep movsb int 03H ends end You deleted this message You deleted this message You deleted this message DBMS ka hone wala he kya lecture?"
Nahi,sblc ka file handling aur exp5 bhej na mujhe chapna he write up and program?
here,thank  yoou
yepp,Tune kiya kya python?
"Nahi from tkinter import * root = Tk() root.geometry('500x500') root.title(""Registration Form"") l0 = Label(root, text=""Registration form"", width=20, font=(""bold"", 20)) l0.place(x=90, y=20) l1 = Label(root, text=""First Name"", width=15, font=(""bold"", 12)) l1.place(x=50, y=65) e1 = Entry(root) e1.place(x=240, y=65) l2 = Label(root, text=""Last Name"", width=15, font=(""bold"", 12)) l2.place(x=50, y=105) e2 = Entry(root) e2.place(x=240, y=105) l3 = Label(root, text=""Email Address"", width=15, font=(""bold"", 12)) l3.place(x=50, y=145) e3 = Entry(root) e3.place(x=240, y=145) l4 = Label(root, text=""Gender"", width=15, font=(""bold"", 12)) l4.place(x=50, y=185) var_gender = IntVar() Radiobutton(root, text=""Male"", padx=5, variable=var_gender, value=1).place(x=225, y=185) Radiobutton(root, text=""Female"", padx=20, variable=var_gender, value=2).place(x=290, y=185) l5 = Label(root, text=""Age"", width=15, font=(""bold"", 12)) l5.place(x=50, y=225) e5 = Entry(root) e5.place(x=240, y=225) l6 = Label(root, text=""Courses:"", width=15, font=(""bold"", 12)) l6.place(x=50, y=265) var_courses_python = IntVar() Checkbutton(root, text=""Python"", variable=var_courses_python).place(x=230, y=265) var_courses_java = IntVar() Checkbutton(root, text=""Java"", variable=var_courses_java).place(x=300, y=265) var_courses_cpp = IntVar() Checkbutton(root, text=""C++"", variable=var_courses_cpp).place(x=360, y=265) l7 = Label(root, text=""Country : "", width=15, font=(""bold"", 12)) l7.place(x=50, y=305) countries = [""India"", ""America"", ""England"", ""South Africa""] var_country = StringVar() var_country.set(countries[0]) country_dropdown = OptionMenu(root, var_country, *countries) country_dropdown.place(x=240, y=305) def display(): print(""Registration Complete"") FN = e1.get() LN = e2.get() EA = e3.get() G = var_gender.get() A = e5.get() PY = var_courses_python.get() JAVA = var_courses_java.get() CPP = var_courses_cpp.get() C = var_country.get() print(FN) print(LN) print(EA) print(G) print(A) print(PY) print(JAVA) print(CPP) print(C) Button(root, text='Submit', width=15, bg='brown', fg='white', command = lambda : display()).place(x=150, y=370) root.mainloop() Ohh Konsa gamua hai ?",Ruby
It isn't working?,Yaait shows that message
It did show me that too But then it went away after some time,You kept it open?
Naa I opened after some time,Will do that then
Yaa Join the follow up,Hu me... Are wa devansh ajj join Kiya he Nahake aya?
Naa 5.30 ko utha lekin nahaya nahi,🤟😂
Do you like dialga palkia and giratina ?,I like giratina
Then download Pokemon platinum I'm also doing,Naa tune ekbar dokha Diya abhi thekenge
Are Maine download Kiya Chal raha hai Smooth,Thekenge
ha I deleted it and downloaded white 2,...
chal raha hai Ameya Sun Left shift right shift ka mam ne kuch bola tha na Mup ke,Ha
Wo bhejna,Khake bhejta hu
Ha chalse Thanku,10 rupees for each word
Vasuli baba,*word and number Naa extortion
You're the one who's extorting now,Nahi I am putting value. It's business Hamara balance katam ho gaya 😂😂
Balance khatam ho Gaya ?,Exactly 1 hr and at 12 AM Yesterday was my last day of balance  😂😂
Haaa 😂,So at 1hr mark it was 12AM Such timing
Wow,1min difference
1 hour 1 min 0 seconds,Mujhe phirbhe bhedana padega. 13% charging Timing 🤟🔥
Yeaah Chal,Chal good night Agar tu soraha hoga to
Haa Good night,Haa
Haa,We should stop studying engineering. It's not worth
Yeah probably 😂😂😂 Eat like a chapati bhaji now,😂😂 Ab tere bari
https://www.instagram.com/reel/C3vGYdDygUQ/?igsh=djZqODhlc3phaWFo,Link bhejraha he ye banda
Are it's something interesting Search about the rabit r1 I had the same Idea a while back,Their website is pretty bad What does rabit r1 do?
Search it up It's cool,I searched it still didn't got it Is it sth that helps in running out app?
https://youtu.be/uJnhh7YSr5Q?si=QHSRLGspYR1tKdgh naya shabd mil gaya 😎 Yehi haina list,Full Stack :- Kshitij Vyas Jai Parmar Devansh Mayatra Varad Naik Sahil Kamble Atharva Rajpurkar Khush Godani Android IOS :- Shivam Pachpute Sairaj Sawant Aum Patel Manav Shah Amey Pacharkar Ashmit Shelke Kaustubh Gondkar Parth Amberkar
Yes 👍🏼 Mai bhi yehi bhejta hu,Are photova bhej de
Photo bheju ? Thikk Excel sheet ?,Ye bhejde Varna photo bhej Mat itna soch
Acha thikke Photva bhejta hu,null
call kiya tha ?,Rath ko Ajj araha he kya isleye
Okk Module 1 Q1 . Define OS Q2. State advantages and disadvantages of OS Q3. Explain functions of OS Q4.Explain evolution of OS Module 2. Q1. Preemptive vs Non Preemptive Sheduking algorithms Q2. FCFS Q3 SJF Q4 SRTF Q5 Round Robin Q6.Priority preemptive n non preemptive Q7. Process Control block Module 3 Q1 interprocess communication Q2. producer consumrr problem Q3 define deadlock,https://sb-auth.skillsbuild.org/signup?ngo-id=0120 She yar. Kitna Ganda photova nikala
acha to hai,Kahi wrong ahet Ani kahi complete nahi
thanku https://www.instagram.com/reel/C2P8842S6xV/?igsh=MTB0OGZvd2U2eGt6Mg== Your 11th is wrong Linear algebra,Acha Kal bata de Kuch bhi mat bhej 11.30 ko hena exam?
11,Time table bhej
This message was deleted,10 ko he
10 ko paper hai ?,Ha yhek *tthek
Ha,samjo abhi kya tha jo sir ne bheja tha
Haa Sir ne kuch lecture liya ? Kuch padha ya likha tune ?,Padha sirf What were questions ma'am gave for OS?
.,What were the topics ma'am said when we asked
Fcfc vs sjf Pcb,Got it
send me the dbms ka answer na of that relational schema bank management thanku,Welcomeva
Is this correct?,Er have to connect the tables to
Ok,Do you have kartikey's solution?
Na,PC (P*3) RAMEL
PC (P*3) RAMEL Mup internal kt,marJAVA
Margaya Ameya Bhejna Tu Jo bhi karega Photwa,I only did from ma'am IA notes and techknowledge
Alright,Will have to do pin diagram in college along with exp program and notebook notes
I also did some topics Teach me too I did programs,Time nahi hoga. Rath le abhi Anything else?
Interrupt service routine Shift operators Daa 8085 vs 8086,Chalega
Haa Call me when you start your doubt session,Chalega join kar
You didn't call,ha did you had doubt?
Na Sir ko puch Ki agar abhi nahi kiya robotics to baadme kar sakte haina,Pranav ka lecture chalu he kya?
Pata nhi,Pranav underground ho gaya kya?
Mera bhi nahi utha Raha hai,Chalega
Haa https://www.instagram.com/reel/C31wNKrrSRq/?igsh=eWFlcWlhNzlkejN5,"ARRAYLIST:- 1)   .add() import java.util.*; public class Main { public static void main(String[] args) { ArrayList<String> a1 = new ArrayList<>(); a1.add(""Welcome""); a1.add(""JKB""); a1.add(1,""To""); System.out.println(a1); } } Output: [Welcome, To, JKB] 2)   .set() import java.util.*; public class Main { public static void main(String[] args) { ArrayList<String> a1 = new ArrayList<>(); a1.add(""Hello""); a1.add(""World""); a1.add(1,""Hello""); System.out.println(""Initial arraylist : ""+a1); a1.set(1,""World""); a1.set(2,""!""); System.out.println(""Final arraylist : ""+a1); } } Output: Initial arraylist : [Hello, Hello, World] Final arraylist : [Hello, World, !] 3)  .indexOf() , .remove(), .size() import java.util.ArrayList; public class Main { public static void main(String[] args) { ArrayList<String> planets = new ArrayList<>(); planets.add(""Mercury""); planets.add(""Earth""); planets.add(""Jupiter""); planets.add(""Saturn""); System.out.println(planets); int index = planets.indexOf(""Earth""); planets.remove(index); planets.add(index,""Venus""); System.out.println(""Size is : ""+planets.size()); for(String str : planets){ System.out.println(str); } } } Output: [Mercury, Earth, Jupiter, Saturn] Size is : 4 Mercury Venus Jupiter Saturn 4) .get() import java.util.ArrayList; public class Main { public static void main(String[] args) { ArrayList<String> al = new ArrayList<>(); al.add(""C++""); al.add(""Python""); al.add(""JAVA""); for(int i = 0;i < al.size(); i++){ System.out.print(al.get(i)+"" \t""); } System.out.println(); for(String str : al){ System.out.print(str + "" \t""); } } } Output: C++     Python  JAVA C++     Python  JAVA 5) .toArray() import java.util.ArrayList; public class Main { public static void main(String[] args) { ArrayList<String> language = new ArrayList<>(); language.add(""Idle""); language.add(""Vada""); language.add(""Dosa""); System.out.println(""ArrayList : ""+language); String[] arr = new String[language.size()]; language.toArray(arr); System.out.println(""Array : ""); for(String item : arr){ System.out.print(item + "" \t""); } } } Output: ArrayList : [Idle, Vada, Dosa] Array : Idle    Vada    Dosa 6) ArrayList of ArrayList import java.util.ArrayList; public class Main { public static void main(String[] args) { int n = 3; ArrayList<ArrayList <Integer>> aList = new ArrayList<ArrayList <Integer>>(n); ArrayList<Integer> a1 = new ArrayList<Integer>(); a1.add(1); a1.add(2); aList.add(a1); System.out.println(""ArrayList a1 : ""+a1); ArrayList<Integer> a2 = new ArrayList<Integer>(); a2.add(5); aList.add(a2); System.out.println(""ArrayList a2 : ""+a2); ArrayList<Integer> a3 = new ArrayList<Integer>(); a3.add(10); a3.add(20); a3.add(30); aList.add(a3); System.out.println(""ArrayList a3 : ""+a3); ArrayList<Integer> a4 = new ArrayList<Integer>(); a3.add(11); a3.add(22); System.out.println(""ArrayList a4 : ""+a3); System.out.println(""ArrayList of ArrayList is :""+aList); } } Output: ArrayList a2 : [5] ArrayList a2 : [10, 20, 30] ArrayList a2 : [10, 20, 30, 11, 22] ArrayList of ArrayList is :[[1, 2], [5], [10, 20, 30, 11, 22]]"
Kiya tha save maine,sir was gonna take l3pp meeting na?
"Tell sir #include <stdio.h> struct jobs{ int weight; int profit; float pi; }; int main() { struct jobs work[100],copy[100],temp[100]; int i,n,w,j,sum,flag,profit; printf(""Enter the number of jobs""); scanf(""%d"",&n); work[n],copy[n]; int soln[n]; printf(""Enter the jobs weight and profit""); for(i=0;i<n;i++){ printf(""Enter details of job %d"",i+1); printf(""\nWEIGHT""); scanf(""%d"",&work[i].weight); printf(""\nPROFIT\n""); scanf(""%d"",&work[i].profit); work[i].pi = (float)work[i].profit/work[i].weight; copy[i] = work[i]; } printf(""Enter the weight constraint ""); scanf(""%d"",&w); printf("" Weight      Profit      Ratio\n""); for(i=0;i<n;i++){ printf(""%d       %d        %f\n"",copy[i].weight,copy[i].profit,copy[i].pi); } for(i=0;i<n;i++){ for(j= 0;j<n-1-i;j++){ if(copy[j].pi<copy[j+1].pi){ temp[j]=copy[j]; copy[j]=copy[j+1]; copy[j+1]=temp[j]; } } } printf(""\n\n Weight      Profit      Ratio\n""); for(i=0;i<n;i++){ printf(""%d       %d        %f\n"",copy[i].weight,copy[i].profit,copy[i].pi); } for(i=0;i<n;i++){ if(sum+copy[i].weight<=w){ soln[i]=1; w -=copy[i].weight; sum +=copy[i].weight; profit +=copy[i].profit; } else if(copy[i].weight>w) sum += (float) w/copy[i].weight; else soln[i]=0; } printf(""%d "",profit); return 0; } https://www.indiabix.com/logical-reasoning/questions-and-answers/","#include <stdio.h> struct bag { int weight,profit; float profit_per_weight; }; struct bag things[10]; // void swap1(float *a, float *b) { //     float temp = *a; //     *a = *b; //     *b = temp; // } // void swap2(int *a, int *b) { //     int temp = *a; //     *a = *b; //     *b = temp; // } int main() { int i,j,total_weight_constraint,n,remaining_weight = 0,b; float solution_set[10],total_profit,a; printf(""Enter total number of elements in problem : ""); scanf(""%d"",&n); printf(""Enter the weight and profit of the items\n""); //take input for(i = 0;i < n;i ++) { printf(""Enter weight : ""); scanf(""%d"",&things[i].weight); printf(""Enter profit : ""); scanf(""%d"",&things[i].profit); things[i].profit_per_weight = (float)things[i].profit / things[i].weight; } printf(""Enter the total weight constraint for the problem : ""); scanf(""%d"",&total_weight_constraint); remaining_weight = total_weight_constraint; //print given Knapsack printf(""\n\nThe given Knapsack problem is : \n""); for(i = 0;i < n;i ++) { printf(""%d\t%d\n"",things[i].weight,things[i].profit); } //sort in decending order for(i = 0;i < n;i ++) { for(j = i + 1;j < n;j ++) { if(things[i].profit_per_weight < things[j].profit_per_weight) { a = things[i].profit_per_weight; things[i].profit_per_weight = things[j].profit_per_weight; things[j].profit_per_weight = a; b = things[i].weight; things[i].weight = things[j].weight; things[j].weight = b; b = things[i].profit; things[i].profit = things[j].profit; things[j].profit = b; } } } printf(""\n\nThe given Knapsack problem is : \n""); for(i = 0;i < n;i ++) { printf(""%d\t%d\t%f\n"",things[i].weight,things[i].profit,things[i].profit_per_weight); } //solution set for(i = 0;i < n;i ++) { if(things[i].weight < remaining_weight) { solution_set[i] = 1; remaining_weight -= things[i].weight; total_profit += things[i].profit; } else if(things[i].weight > remaining_weight) { solution_set[i] = (float)remaining_weight / things[i].weight; total_profit += (float)remaining_weight * things[i].profit_per_weight; break; } else { solution_set[i] = 0; } } //print solution set printf(""\n\n\nThe solution set is : ""); for(i = 0;i < n;i ++) { printf(""%f\n"",solution_set[i]); } printf("":Total profit is : %f"",total_profit); return 0; }"
"This message was deleted This message was deleted This message was deleted #include <stdio.h> struct jobs{ int weight; int profit; float pi; }; int main() { struct jobs work[100],copy[100],temp[100]; int i,n,w,j,flag,sum; float profit; printf(""Enter the number of jobs""); scanf(""%d"",&n); work[n],copy[n]; float soln[n]; //Enther the jab details printf(""Enter the jobs weight and profit""); for(i=0;i<n;i++){ printf(""Enter details of job %d"",i+1); printf(""\nWEIGHT\n""); scanf(""%d"",&work[i].weight); printf(""PROFIT\n""); scanf(""%d"",&work[i].profit); work[i].pi = (float)work[i].profit/work[i].weight; copy[i] = work[i]; } //Enther the jab constraint printf(""Enter the weight constraint ""); scanf(""%d"",&w); // to print the jab list printf(""Weight\tProfit\tRatio\n""); for(i=0;i<n;i++){ printf(""%d\t%d\t%f\n"",copy[i].weight,copy[i].profit,copy[i].pi); } //sort the jab list for(i=0;i<n;i++){ for(j= 0;j<n-1-i;j++){ if(copy[j].pi<copy[j+1].pi){ temp[j]=copy[j]; copy[j]=copy[j+1]; copy[j+1]=temp[j]; } } } //to print the sorted jab list printf(""\n\nWeight\tProfit\tRatio\n""); for(i=0;i<n;i++){ printf(""%d\t%d\t%f\n"",copy[i].weight,copy[i].profit,copy[i].pi); } // to find the maximum profit for(i=0;i<n;i++){ //if jab weight is greater than the limit weight if(copy[i].weight<w && w!= 0){ soln[i]=1; w -=copy[i].weight; sum +=copy[i].weight; profit +=copy[i].profit; } // if the jab weight is less than the required limit jab weight else if(copy[i].weight>w && w!= 0){ sum += (float) copy[i].weight/copy[i].profit; profit += (float) w*copy[i].pi; soln[i]=(float) w/copy[i].weight; w =0; } //When the Constraint is foul put aal the the remaaing jobs as ""shunya"" in the selusion set else{ soln[i]=0; printf(""\n%d"",w); } } //PROFIT printf(""\nProfit = %.3f "",profit); //SOLUTION printf(""\n Solution Set = ""); for(i=0;i<n;i++){ printf(""|%.3f"",soln[i]); } return 0; } Brain nasty combing fire breathing knapsack program #include <stdio.h> struct jobs{ int weight; int profit; float pi; }; int main() { struct jobs work[100],copy[100],temp[100]; int i,n,w,j,flag,sum; float profit; printf(""Enter the number of jobs""); scanf(""%d"",&n); work[n],copy[n]; float soln[n]; printf(""Enter the jobs weight and profit""); for(i=0;i<n;i++){ printf(""Enter details of job %d"",i+1); printf(""\nWEIGHT\n""); scanf(""%d"",&work[i].weight); printf(""PROFIT\n""); scanf(""%d"",&work[i].profit); work[i].pi = (float)work[i].profit/work[i].weight; copy[i] = work[i]; } printf(""Enter the weight constraint ""); scanf(""%d"",&w); printf(""Weight\tProfit\tRatio\n""); for(i=0;i<n;i++){ printf(""%d\t%d\t%f\n"",copy[i].weight,copy[i].profit,copy[i].pi); } for(i=0;i<n;i++){ for(j= 0;j<n-1-i;j++){ if(copy[j].pi<copy[j+1].pi){ temp[j]=copy[j]; copy[j]=copy[j+1]; copy[j+1]=temp[j]; } } } printf(""\n\nWeight\tProfit\tRatio\n""); for(i=0;i<n;i++){ printf(""%d\t%d\t%f\n"",copy[i].weight,copy[i].profit,copy[i].pi); } for(i=0;i<n;i++){ if(copy[i].weight<w && w!= 0){ soln[i]=1; w -=copy[i].weight; sum +=copy[i].weight; profit +=copy[i].profit; } else if(copy[i].weight>w && w!= 0){ sum += (float) copy[i].weight/copy[i].profit; profit += (float) w*copy[i].pi; soln[i]=(float) w/copy[i].weight; w =0; } else{ soln[i]=0; printf(""\n%d"",w); } } printf(""\nProfit = %.3f "",profit); printf(""\n Solution Set = ""); for(i=0;i<n;i++){ printf(""|%.3f"",soln[i]); } return 0; } NORMAL KNAPSACK PROGRAM",Ajj lecture hoga na?
"haaa timetable me to hai #include <stdio.h> struct jobs{ int weight; int profit; float pi; float soln; }; int main() { struct jobs work[100],copy[100],temp[100]; int i,n,w,j,flag,sum; float profit; printf(""Enter the number of jobs:""); scanf(""%d"",&n); work[n],copy[n]; float soln[n]; printf(""Enter the jobs weight and profit:""); for(i=0;i<n;i++){ printf(""Enter details of job %d"",i+1); printf(""\nWEIGHT:""); scanf(""%d"",&work[i].weight); printf(""PROFIT:""); scanf(""%d"",&work[i].profit); work[i].pi = (float)work[i].profit/work[i].weight; copy[i] = work[i]; } printf(""Enter the weight constraint: ""); scanf(""%d"",&w); printf(""\nJob table:""); printf(""\nWeight\tProfit\tRatio\n""); for(i=0;i<n;i++){ printf(""%d\t%d\t%f\n"",copy[i].weight,copy[i].profit,copy[i].pi); } for(i=0;i<n;i++){ for(j= 0;j<n-1-i;j++){ if(copy[j].pi<copy[j+1].pi){ temp[j]=copy[j]; copy[j]=copy[j+1]; copy[j+1]=temp[j]; } } } printf(""\nTable after Sorting the jobs""); printf(""\nWeight\tProfit\tRatio\n""); for(i=0;i<n;i++){ printf(""%d\t%d\t%f\n"",copy[i].weight,copy[i].profit,copy[i].pi); } for(i=0;i<n;i++){ if(copy[i].weight<w && w!= 0){ soln[i]=1; w -=copy[i].weight; sum +=copy[i].weight; profit +=copy[i].profit; } else if(copy[i].weight>w && w!= 0){ sum += (float) copy[i].weight/copy[i].profit; profit += (float) w*copy[i].pi; soln[i]=(float) w/copy[i].weight; w =0; } else{ soln[i]=0; printf(""\n%d"",w); } } for(i=0;i<n;i++){ for(j=0;j<n;j++){ if(work[i].profit==copy[j].profit){ work[i].soln=soln[j]; } } } printf(""\nFinal solutution table:""); printf(""\nWeight\tProfit\tRatio\t\tSoln\n""); for(i=0;i<n;i++){ printf(""%d\t%d\t%f\t%f\n"",work[i].weight,work[i].profit,work[i].pi,work[i].soln); } printf(""\nProfit = %.3f "",profit); printf(""\n Solution Set = ""); for(i=0;i<n;i++){ printf(""|%.3f"",work[i].soln); } return 0; } try this program",kiske barebe sir baat kar rahe the? 500-1000?
Nptel,acha
Haaa,jane de phir
Aur Mai gdsc ka puch raha tha,ha tu bol raha da na
Haaaa,Maths tutorial 2 ka solution bhej na
2 ka kyu ?,He kya tere pas pdf?
Nikalna padega,Rehene de phir
Oki,Python ka assignment likha kya?
Nahi Pages nahi hai 9 baje aaa,Ha koshish karta hu
Hua kya sum ?,nahi kiya mene sum python kar raha hu
assignment ?,ha
maine khareeda hi nahi papers marJAVA your face and your reaction dont resemble each other,ha mil nahi raha he
ha,me dar  gaya
kyu,how did you hacked my web camera then realised zoom
😂😂 Ameeeey Abhi meeting rakha hai ???? Mai bahar hu bhai,Chalega Matt aa phir
Are ?? Chalega ? Mai kya Karu fir Program ka part,Are join if you can or will just put you in a part later
Mere liye rakhna Kuch,Thekte he
"Okk Chalse #include <stdio.h> #include <string.h> int main() { int i,j,a,b,flag = 1; char s[100]; printf(""Enter string:""); gets(s); int len= strlen(s); printf(""%d\n"",len); puts(s); for(i=0;i<len;i++){ if(s[i]==' '){ for(j=i;j<len;j++){ s[j]=s[j+1]; } } } a = 65; b = 97; while(a < 91, b < 123) { for(i=0;i<len;i++){ if((s[i]==(char)a) || (s[i] == (char)b)) { flag = 1; break; } else { flag = 0; } } a ++; b ++; } if(flag == 1){ printf(""String is devansh""); } else { printf(""String is not devansh""); } printf(""\n%s"",s); return 0; } PANGRAM 217 https://meet.google.com/juo-edce-ipf join kar",sir aye he nahi na? mene sir ko message karke rakha he
Nahi ayee,FE bhe ageye?
Haaa,Resident evil?
Naa I told you about it yesterday,Dont remember 😅
Assassin's creed,That's asssin's creed?
Yaa Assassin's creed brotherhood,I thought I was the mission from resident evil
There are two parts Future and past,I see
That's future,Cool
Yeah https://www.instagram.com/reel/C4QnEuNNoop/?igsh=YWJ4cmd6cXM0aG90 Check his account For questions https://www.instagram.com/reel/C3f4C-stkzK/?igsh=bGEwZ3NoazB2eHRj His too,10.30 karte he. Mujhe late hogaya uthene. Sorry
Chalse,10.30 dadar
Ok,Me likle gayo
Me pan It took me an hour to take out all the juice,I thought it was vorn *corn
This full vati Now we have this much 👽,Cool Don't burn the house
Roger that,That would be enough Is that the serup or you gonna make it?
It's just the juice I made the sugar syrup I'll have to let it cool and then mix them Amey popat Green wala,Kya hua?
Mirchi khane wala popat,😂😂
Ha😂,For some reason I am energetic than any other day
I'm tired,Bemar he na
I don't wanna sit for sky Ya my throat is hurting,Thekle agar bohot jyada ho Raha hoga to mat bhet. Varna SKY se acha lagega
Haaaa,Haaaaaaaa
Haa,Haaaa pranit ne bheja he
Yep this is it Amey Kya boli mam  ?,Not sure Treat it as normal working day
"Mam boli ? Alright Thank you to bol deta #include <stdio.h> struct graph { int edge_weight,source,destination; }; struct graph node[10],temp; int main(){ int n,i,j; printf(""Enter total number of edges in graph : ""); scanf(""%d"",&n); printf(""Enter all the edges of the graph along with their weight, source and destination \n""); for(i = 0;i < n;i ++) { printf(""Enter the weight of %d edge : "",i + 1); scanf(""%d"",&node[i].edge_weight); printf(""Enter the source of %d edge : "",i + 1); scanf(""%d"",&node[i].source); printf(""Enter the destination of %d edge : "",i + 1); scanf(""%d"",&node[i].destination); printf(""______________________________________\n""); } for(i = 0;i < n;i ++) { for(j = i + 1;j < n;j ++) { if(node[i].edge_weight > node[j].edge_weight) { temp = node[i]; node[i] = node[j]; node[j] = temp; } } } for(i = 0;i < n;i ++) { printf(""Source : %d\tWeight : %d\tDestination : %d\n"",node[i].source,node[i].edge_weight,node[i].destination); } return 0; }",Arleccheno ka drop marketing dekha?
Haa Amey Meeting join kar Mera program dekhte hai,Sai hena Bhai ko leke ana he
Haaaa Cool hai Acha thikke,Phir ghaneko leke anahe
Acha thikke,More 40 days
Lecture haina aaj,She will be out when we have exams right? Ho
Probably * * * * * * * * * * * * * * * * * * * * * * * * * * * * * * * * * * * * * * * * * * * * * * * * * * * * * * * * * * * * * * * * * * * * * * * * * * * * * write a program to print this pattern,"public class Main { public static void main(String[] args) { //7 int i,j,k = 0; while(k < 30) { for( i = 0;i < 7;i ++) { for( j = 0;j < i;j ++) { System.out.print("" ""); } System.out.println(""*""); } for( i = 6;i > -1;i --) { for( j = 0;j < i;j ++) { System.out.print("" ""); } System.out.println(""*""); } k ++; } } }"
Nice Kal Jana haina Subah,Kaha?
Buzines,Time?
Let's mee at 10 dadar Meet,Daba?
Dadar We'll keep at my home Come to my place then,Yaa Will call you when I get to lowerparel
Yep,I will be at your place at around 9-9.30 Will let you know
Alright Bring small packets of chaat masala laal mirch and namak,null Tu likal neke baad call kar Me bhi likalta hu station ke liye Phir dono atehe mere ghar
Ha,Ghar pohochaneke baad call karna Phir sir ko call karke boltehe
Phovhkaya,?? Call karna he?
Pohochgaya Khana khane d bhaiya,Chalega
Haa Solo ?,nahi you think a ar55 non-whale account can solo with furina? you will need c6 for that
Ohhh What was the team,First half - Raiden xq Bennet xl Second half - Navia furina fishcl gmc It was really fun tho I might have gotten 3stars in floor12 if my fishcl and gmc were not death
alright ohhhh,Yaa I only got 2 stars
alright,maza kar ajj web me
Maja aaya Jitna Gyan college ke seminar me nahi milta inhone ded ghante me Dr diya Mast hai,Acha kal me bhe thekta hu
Haaaa,College he kal?
Pata nhi Mai to nhi aara,Chalega
Haa Harshit ne bol Diya nahi hai matlab nahi hai See this,Kya hua?
The above emoji string is a palindrome Almost if not for 1 emoji,Woah idk what to say
I noticed it just now,Yaa You are gonna go today right? Will have to ask for address at jogeshwari as well
Haaaaa,You deleted this message You deleted this message
What is this error,Idk what's the program? Maybe you didn't put class name right
Hotel menu card I did It's only showing there,Code send kar
"v import java.util.ArrayList; import java.util.Map; import java.util.HashMap; import java.util.Scanner; public class HotelManagement{ public static void main(String[] args){ Map<Integer,HotelMenucard> menucard = new HashMap<>(); Scanner sc = new Scanner(System.in); menucard.put(1,new HotelMenucard(""Schezwan Rice"",100.0D,1)); menucard.put(2,new HotelMenucard(""Pulao"",80.0D,1)); menucard.put(3,new HotelMenucard(""Paneer Masala"",150.0D,1)); menucard.put(4,new HotelMenucard(""Veg Biryani"",200.0D,1)); menucard.put(5,new HotelMenucard(""Tandoori Roti"",80.0D,1)); menucard.put(6,new HotelMenucard(""Roomali Roti"",70.0D,1)); ArrayList<HotelMenucard> order = new ArrayList(); double finalbill= 0.0D; boolean flag = true; System.out.println(""Welcome to our restraunt""); while(flag){ System.out.println(""Here is our menu card""); System.out.println(""Dish name\t Per quantity price""); for(Integer val : menucard.keySet()){ System.out.println(val+"". ""+menucard.get(val).name+""   ""+menucard.get(val).price+""INR""); } System.out.println(""\nKindly place your order""); System.out.println(""Dish number""); int choice = sc.nextInt(); System.out.println(""Enter quantity""); int quant = sc.nextInt(); order.add(new HotelMenucard(menucard.get(choice).name,menucard.get(choice).price,quant)); System.out.println(""Enter 1 to continue ordering and 0 to exit""); int des = sc.nextInt(); if(des==1) flag=true; else flag=false; } int size = order.size(); System.out.println(""Your Order: ""); for(int i=0; i < size;i++){ double bill = order(i).price * order(i).quantity; double gst = (10/bill)*100; double billa = bill+gst; finalbill +=billa; System.out.println(i+1+"".)""+order(i).name+"" ""+order(i).price+"" ""+order(i).quantity+"" ""+bill+"" ""+billa); } System.out.println(""your final bill is ""+finalbill); System.out.println(""BYEEEEEEEEEEEEE""); } } public class HotelMenucard{ String name; double price; int quantity; public HotelMenucard(String name, double price, int quantity){ this.name=name; this.price=price; this.quantity=quantity; } }","import java.util.ArrayList; import java.util.Map; import java.util.HashMap; import java.util.Scanner; public class HotelManagement{ public static void main(String[] args){ Map<Integer,HotelMenucard> menucard = new HashMap<>(); Scanner sc = new Scanner(System.in); menucard.put(1,new HotelMenucard(""Schezwan Rice"",100.0D,1)); menucard.put(2,new HotelMenucard(""Pulao"",80.0D,1)); menucard.put(3,new HotelMenucard(""Paneer Masala"",150.0D,1)); menucard.put(4,new HotelMenucard(""Veg Biryani"",200.0D,1)); menucard.put(5,new HotelMenucard(""Tandoori Roti"",80.0D,1)); menucard.put(6,new HotelMenucard(""Roomali Roti"",70.0D,1)); ArrayList<HotelMenucard> order = new ArrayList(); double finalbill= 0.0D; boolean flag = true; System.out.println(""Welcome to our restraunt""); while(flag){ System.out.println(""Here is our menu card""); System.out.println(""Dish name\t Per quantity price""); for(Integer val : menucard.keySet()){ System.out.println(val+"". ""+menucard.get(val).name+""   ""+menucard.get(val).price+""INR""); } System.out.println(""\nKindly place your order""); System.out.println(""Dish number""); int choice = sc.nextInt(); System.out.println(""Enter quantity""); int quant = sc.nextInt(); order.add(new HotelMenucard(menucard.get(choice).name,menucard.get(choice).price,quant)); System.out.println(""Enter 1 to continue ordering and 0 to exit""); int des = sc.nextInt(); if(des==1) flag=true; else flag=false; } int size = order.size(); System.out.println(""Your Order: ""); for(int i=0; i < size;i++){ double bill = order.get(i).price * order.get(i).quantity; double gst = (10/bill)*100; double billa = bill+gst; finalbill +=billa; System.out.println(i+1+"".)""+order.get(i).name+"" ""+order.get(i).price+"" ""+order.get(i).quantity+"" ""+bill+"" ""+billa); } System.out.println(""your final bill is ""+finalbill); System.out.println(""BYEEEEEEEEEEEEE""); } } use order.get(I).price"
Ohhh I didn't use get,yaa
Alright Thanks,Join kar devansh
Call kar deta Soya tha mai,Mujhe laga you didn't wanted to sit for residue
I was sleeping Is sir still taking?,Koi nahi. Sir taylor aur Laurent series le rahe he
Ohkk Sir kuch bole ?,Kuch nahi
Okk Sir ne java liya ?,No
Alright Kar raha hai robotics?,nahi
"Okk import java.util.Scanner; public class Main { public static void main(String[] args) { int[] array; Scanner sc = new Scanner(System.in); System.out.print(""Enter the size of the array:""); int size = sc.nextInt(); array = new int[size]; for(int i=0;i<size;i++){ System.out.print(""ENter the elements of the array:""); array[i]=sc.nextInt(); } int count=0,temp=0,i; for(int key : array){ temp =0; while(key!=0){ key = key/10; temp++; } if(temp%2 == 0) count++; } System.out.println(""The number of even number in the array is ""+count); } }","#include <stdio.h> int main() { int row, col; printf(""Enter the Row and Column of the matrix:\n""); scanf(""%d"",&row); scanf(""%d"",&col); int allocation[row][col], max[row][col], available[col]; printf(""Enter the Allocation matrix:\n""); for(int i=0;i<row;i++) for(int j=0;j<col;j++) scanf(""%d"",&allocation[i][j]); printf(""Allocation matrix:\n""); for(int i=0;i<row;i++){ for(int j=0;j<col;j++) printf(""%d\t"",allocation[i][j]); printf(""\n""); } printf(""___________________________________\n""); printf(""Enter the Max matrix:""); for(int i=0;i<row;i++) for(int j=0;j<col;j++) scanf(""%d"",&max[i][j]); printf(""Max matrix:\n""); for(int i=0;i<row;i++){ for(int j=0;j<col;j++) printf(""%d\t"",max[i][j]); printf(""\n""); } printf(""___________________________________\n""); printf(""Enter the Available matrix:""); for(int i=0;i<row;i++){ scanf(""%d"",&available[i]); } printf(""The available matrix is : \n""); for(int i = 0;i < col; i ++) printf(""%d\t"",available[i]); printf(""\n""); printf(""___________________________________\n""); int need[row][col]; int safe_sequence[row]; printf(""Banker's Algorithm\n""); // findNeedMatrix(max, allocation, need, n, m); // safetyAlgorithm(max, allocation, available, need, safe_sequence, n, m); for(int i = 0;i < row; i ++) for(int j = 0;j < col;j ++) need[i][j] =max[i][j] - allocation[i][j]; printf(""___________________________________\n""); printf(""The need matrix is : \n""); for(int i = 0;i < row; i ++) { for(int j = 0;j < col;j ++) printf(""%d\t"",need[i][j]); printf(""\n""); } int check_if_safe[row], a = -1; for(int i = 0;i < 10;i ++) check_if_safe[i] = 0; //we use k to iterate and check the check_if_safe to backtrack for(int k = 0; k < row; k ++) //simply for processes for(int i = 0; i < row; i ++) if(check_if_safe[i] == 0) { int flag = 0; //to check  types of resources for(int j = 0; j < col; j ++) { printf(""___________________________________\n""); printf(""Need : %d && i = %d j = %d\t"",need[i][j],i,j); printf(""available : %d && i = %d j = %d\n"",available[j],i,j); if(need[i][j] > available[j]) { flag = 1; break; } } printf(""Flag for process%d is %d\n"",i,flag); //if safe do this or else skip if(flag == 0) { safe_sequence[++ a] = i; for (int j = 0; j < col; j ++) available[j] += allocation[i][j]; check_if_safe[i] = 1; } } printf(""___________________________________\n""); int flag = 0; for(int i = 0; i < row;i ++) if(check_if_safe[i] == 0) { flag = 1; printf(""The Given system is not in safe state""); break; } if(flag == 0) { printf(""The System is in safe state\nThe safe sequence is  : ""); for(int i = 0; i < row; i ++) { if(i == row - 1) printf(""Process%d "",safe_sequence[i]); else printf(""Process%d --> "",safe_sequence[i]); } } return 0; }"
Python ka bhej,mujhe nahi lakta mene save kiya tha
You didn't ? I have your program,vohi bollu kaha gaya mera program
haaaa,are waaa
SQL wala was pain in the ass,great work konsa sq?
Yeah Python me sql,ahh yaa vishal was struggling too when we went to check my assignment
Yeah,did you completed it ??
Haaaa,saire
I deleted the same table 10 times to get it right,kal bata mujhe
I didn't take an ss,me abhi jatahu khana khane output?
Haaaa Ya that i have,abhi lecture hua
Haaaa,no ss but output? copy paste?
Only table Ss,chalega chal phir
Yaaa,kal miltehe
Chal Haaa,writeup likha?
Nahi,likha raha he?
Likhne baithungA,chalega
Ha,konsa konsa likhana he?
6 and 8,DB in python and?
Stack queue,chalega 7th? gui/
That's django,acha
5th I think,chalega
Haaa,theklenge chal phir
Haaa,bye bye
Hachal Bye,python ka experiment list he kya?
Nhi Aur mere paas pen nahi hai likhne,mujhe de Diya na?
haa i forgot to buy new one,Sir nahi rahe *aaa rahe
https://expensetracker23032024.netlify.app/,Ye kyu bheja he?
aise hi,ho gaya bohot easy tha
Ho gaya ?,Ohhh mene save nahi Kiya 🤦‍♂️🤦‍♂️
Program save nahi kiya ?,Haa 🤦‍♂️ Abhe tune pucha to yaad aaya Save he nahi kiya Abhi nahi kar raha me Lekin abhe samaj Gaya na
Haaa Mai karta hu aaj Tu Jaya question nikal,Naya? 😂 Bhej ta hu me badme
Haaaa,"kijiye, kijiye na"
Ye kya hai bhai 👽,Left side me question he
"Ha dekha Samjha kya karna hai import java.util.ArrayList; import java.util.Map; import java.util.HashMap; import java.util.Scanner; public class HotelManagement{ public static void main(String[] args){ Map<Integer,HotelMenucard> menucard = new HashMap<>(); Scanner sc = new Scanner(System.in); menucard.put(1,new HotelMenucard(""Schezwan Rice"",100.0D,1)); menucard.put(2,new HotelMenucard(""Pulao"",80.0D,1)); menucard.put(3,new HotelMenucard(""Paneer Masala"",150.0D,1)); menucard.put(4,new HotelMenucard(""Veg Biryani"",200.0D,1)); menucard.put(5,new HotelMenucard(""Tandoori Roti"",80.0D,1)); menucard.put(6,new HotelMenucard(""Roomali Roti"",70.0D,1)); ArrayList<HotelMenucard> order = new ArrayList(); double finalbill= 0.0D; boolean flag = true; System.out.println(""Welcome to our restraunt""); while(flag){ System.out.println(""Here is our menu card""); System.out.println(""Dish name\t Per quantity price""); for(Integer val : menucard.keySet()){ System.out.println(val+"". ""+menucard.get(val).name+""   ""+menucard.get(val).price+""INR""); } System.out.println(""\nKindly place your order""); System.out.println(""Dish number""); int choice = sc.nextInt(); System.out.println(""Enter quantity""); int quant = sc.nextInt(); order.add(new HotelMenucard(menucard.get(choice).name,menucard.get(choice).price,quant)); System.out.println(""Enter 1 to continue ordering and 0 to exit""); int des = sc.nextInt(); if(des==1) flag=true; else flag=false; } int size = order.size(); System.out.println(""Your Order: ""); for(int i=0; i < size;i++){ double bill = order.get(i).price * order.get(i).quantity; double gst = (10/bill)*100; double billa = bill+gst; finalbill +=billa; System.out.println(""ORDER NAME\tPER PIECE\tQUANTITY\tTOTAL\tAMT TO PAY""); System.out.println(i+1+"".)""+order.get(i).name+""\t""+order.get(i).price+""\t""+order.get(i).quantity+""\t""+bill+""\t""+billa); } System.out.println(""Your final Bill is ""+finalbill); System.out.println(""BYEEEEEEEEEEEEE""); } } public class HotelMenucard{ String name; double price; int quantity; public HotelMenucard(String name, double price, int quantity){ this.name=name; this.price=price; this.quantity=quantity; } } make two different files Ho gaya what is this error",are waaa I have not used math just search the error
Then ? I did kuch mil nahi raha If else lagake karna padega fir,thek  le
"Haa class Solution { public static int trap(int[] elevationLevel, int finale) { int holes = 0,dada=0; for (int i = 1; i < finale - 1; i++){ int left = elevationLevel[i]; for (int j = 0; j < i; j++){ if(left<elevationLevel[j]) left=elevationLevel[j]; } int right = elevationLevel[i]; for (int j = i + 1; j < finale; j++){ if(right<elevationLevel[j]) right=elevationLevel[j]; } if(left<right) dada=left; else dada=right; holes += dada - elevationLevel[i]; } return holes; } public static void main(String[] args){ Scanner sc = new Scanner(System.in); int[] elevationLevel ={0,1,0,2,1,0,1,3,2,1,2,1}; int finale = elevationLevel.length; int ret = new Solution().trap(elevationLevel, finale); System.out.print(ret); } } I downloaded the hardest romhack of pokemon x and this is the first encounter I get and I killed all of them",Lag free?
Yeah It's ok pc On,I see
Yeah It's Pokemon ancestral x look at wulfrics team 😨,sai chal raha he tera holi
diantha and az im dead,you downloaded a spreadsheet for the game?
It came with the game,the game is that hard that the creator gave spreadsheet? good luck buddy
I lost to the first gym 3 times She has 6 Pokemon with 15 and 16 levels And my 4 were 20!!,have fun
Their moveset is just nuts,it is strategic game when you download a modded pokemon game not just unga bunga
Ya I got to know that now Well there's a plus,the hard way
We can buy rare candys,"""buy"" not even free"
It's 10 pokemoney,you are lucky the game doesnt have lvl cap
Yeah,how much it is sold for?
10 money And the lumious city is so hard to navigate,Sadly it is not infinite moneh
Wouldn't that make the game easy,Yaa it would
Kabhi to phone uthaya kar Mai Aaj nahi join kar raha Bahar hu Sir ko boldena,Me bhe Me dhekta hu join Kiya to Kiya Sir ko bool dunga travel kar raha hu
Okk Mai to nhi kar raha,Thik he
Boldena sir ko Ha,Are agar mene call utha Diya to tujhe pareshani kese hoge? Pareshani hona chahiye
Sale,😂
Kamine,😂😂
😂 Amey Bhosle Wo lost sorted haina Array,Haa re
"Wo question ka naam kya hai ? import java.util.Scanner; public class Main { public static int binSearch(int[] a, int low, int high, int ele){ int mid; while(low<=high){ mid=low+high/2; if(ele==a[mid]) return mid; else if(ele>a[mid]) low=mid+1; else high=mid-1; } return -1; } public static int infiniteSearch(int[] array, int a){ int l=0,h=1; while(array[h]<a){ l=h; h=2*h; } return binSearch(array,l,h,a); } public static void main(String[] args){ Scanner sc = new Scanner(System.in); int[] array = {2,5,8,10,23,45,67,89,223,456,789,1234,1235,12346,12347,12348,12349,123490}; System.out.println(""Enter the element you want to find""); int ele = sc.nextInt(); int found = infiniteSearch(array,ele); if(found==-1) System.out.println(""Element not found""); else System.out.println(""Element found ""+array[found]+"" at index ""+found); } }",Lost? Saire logic barabar he. Even finding of end element
kya?? mai submit kaise karu leetcode me question number hi pata nhi mere laptop pe ho raha hai Make me a ui design for expense tracker,It's from gfg What all do you need on the website? Tell me the details on what the website does?
Haa https://youtu.be/Hej48pi_lOc?si=OhJdiwB9RJCDSqx2 Humara alag alag doc bana 👍🏼 Kutrya,"You deleted this message #include <stdio.h> //function prototype // void firstFitALgorithm(); // void bestFitALgorithm(); // void worstFitALgorithm(); struct process { int size, empty; }; int main() { printf(""_____Placement Algorithm_____\n""); int no_of_partitions, allocated; printf(""Enter the number of partitions of the memory : ""); scanf(""%d"",&no_of_partitions); printf(""Enter the number of processes to be allocated in the memory : ""); scanf(""%d"",&allocated); int memory_partition[no_of_partitions][2]; struct process processes[allocated]; printf(""Enter the size of partitions in the memory\n""); for(int i = 0;i < no_of_partitions; i ++) { scanf(""%d"",&memory_partition[i][0]); memory_partition[i][1] = 0; } printf(""Enter the size of processes\n""); for(int i = 0;i < allocated; i ++) { scanf(""%d"",&processes[i].size); processes[i].empty = 0; } printf(""_____________First Fit Placement Algorithm___________\n""); // firstFitALgorithm(memory_partition, no_of_partitions, processes, allocated); for(int j = 0; j < allocated; j ++) { for(int i = 0; i < no_of_partitions; i ++) { if(memory_partition[i][0] >= processes[j].size) { if(memory_partition[i][1] == 0) { memory_partition[i][1] = processes[j].size; processes[j].empty = 1; break; } } } } printf(""Size\tProcess_Size\n""); for(int i = 0; i < no_of_partitions; i ++) { printf(""%d\t%d\n"",memory_partition[i][0],memory_partition[i][1]); memory_partition[i][1] = 0; } printf(""_____________Best Fit Placement Algorithm___________\n""); int compatible = 0; for(int j = 0; j < allocated; j ++) { for(int i = 0;i < no_of_partitions; i ++) { if(memory_partition[compatible][0] < memory_partition[i][0]){ if(memory_partition[i][1] == 0){ compatible = i; } } } for(int i = 0; i < no_of_partitions; i ++) { if(memory_partition[i][0] >= processes[j].size) { if(memory_partition[i][0] < memory_partition[compatible][0]) { if(memory_partition[i][1] == 0) { compatible = i; } } } } memory_partition[compatible][1] = processes[j].size; processes[j].empty = 1; } printf(""Size\tProcess_Size\n""); for(int i = 0; i < no_of_partitions; i ++) { printf(""%d\t%d\n"",memory_partition[i][0],memory_partition[i][1]); memory_partition[i][1] = 0; } printf(""_____________Worst Fit Placement Algorithm___________\n""); for(int i = 0;i < no_of_partitions; i ++) { for(int j = i + 1; j < no_of_partitions; j ++) { if(memory_partition[i][0] < memory_partition[j][0]) { int temp = memory_partition[i][0]; memory_partition[i][0] = memory_partition[j][0]; memory_partition[j][0] = temp; } } } for(int j = 0; j < allocated; j ++) { for(int i = 0; i < no_of_partitions; i ++) { if(memory_partition[i][0] >= processes[j].size) { if(memory_partition[i][1] == 0) { memory_partition[i][1] = processes[j].size; processes[j].empty = 1; break; } } } } printf(""Size\tProcess_Size\n""); for(int i = 0; i < no_of_partitions; i ++) { printf(""%d\t%d\n"",memory_partition[i][0],memory_partition[i][1]); } return 0; } // void firstFitALgorithm(int **memory_partition, int no_of_partitions, struct process *processes, int allocated) { // } // void bestFitALgorithm(int memory_partition[][], int no_of_partitions, int processes[], int allocated) { // } // void worstFitALgorithm(int memory_partition[][], int no_of_partitions, int processes[], int allocated) { // }"
What's this,Ui
Okk,Wireframe he
Acha,Badme color karke bhejta hu
"Ha chalse 👍🏿👍🏿 This message was deleted #include <stdio.h> int isEven(int variable){ if(variable%2==0) return 1; else return 0; } int main() { int randomvariable,num1,num2,fake,Solution,choice,option; do{ randomvariable = rand() % 85 + 1; //printf(""Randomvariable is :%d \n"",randomvariable); printf(""MENU OPTIONS\n""); printf(""************\n""); printf(""1. Addition\n""); printf(""2. Subtraction\n""); // printf(""3. Multiplication\n""); // printf(""4. Division\n""); // printf(""5. Modulus\n""); printf(""6. Exit\n""); printf(""\n""); printf(""Enter two numbers and your choice:\n""); scanf(""%d %d "",&num1,&num2); scanf(""%d"", &choice); switch(choice){ case 1: fake=num1; if(isEven(randomvariable)) fake=num1+1; Solution=fake+num2; printf(""Addition of the two numbers is %d\n"",Solution); printf(""Is the answer Correct yes or no ??(1/0)\n""); scanf(""%d"",&option); if(option==1 && num1+num2!=Solution) printf(""Bade heavy driver ho ji\n""); else if(option==1 && num1+num2==Solution) printf(""Thikke sahi answer hai\n""); else if(option==0 && num1+num2==Solution) printf(""Sahi answer to diye hai\n""); else if(option==0 && num1+num2!=Solution){ printf(""Fir sahai answer kya hai ?\n""); scanf(""%d"",&fake); if(fake==num1+num2) printf(""Sahi answer hai\n""); else printf(""Fir bhi galat answer diye aise kaise chalega\n""); } break; case 2: fake=num1; if(isEven(randomvariable)) fake=num1-1; Solution=fake-num2; printf(""subtraction of the two numbers is %d\n"",Solution); printf(""Is the answer Correct yes or no ??(1/0)\n""); scanf(""%d"",&option); if(option==1 && num1-num2!=Solution) printf(""Bade heavy driver ho ji\n""); else if(option==1 && num1-num2==Solution) printf(""Thikke sahi answer hai\n""); else if(option==0 && num1-num2==Solution) printf(""Sahi answer to diye hai\n""); else if(option==0 && num1-num2!=Solution){ printf(""Fir sahai answer kya hai ?\n""); scanf(""%d"",&fake); if(fake==num1-num2) printf(""Sahi answer hai\n""); else printf(""Fir bhi galat answer diye aise kaise chalega\n""); } break; } }while(choice!=6); return 0; } just run the program and dont see it see it afterwards",that's intentional?
Are option as in 1 or 2 Why are you putting 12,it doesnt say what it is takng I thought it is taking 3 nums tho that's pretty cool it made it smile
Put two numbers and the option,ha kiya mene you sure are bored
Yaaa Yepp I'll do it for other operators also later,sure
Yeah,atleast make a website for you l3pp
I did,instead of c do tp in web
I have to make some changes to my resume website,nice
Yeah,sir said do UIUX in app literally
Wow We haven't started css yet Then he'll tell us too,Devansh iska print Lana he ma'am bole Kal ke liye
Kyu ?,For probability Ma'am said she wanted atleast 1  physical copies in a group
Okk Leke aau print?,Haa aur ye hame suns me lagega In exam they will provide this tables Tho for our practice we should have it as well
Okk I'll get it Wow That's fast,Yaa
👍🏼 3 bhi,You deleted this message You deleted this message You deleted this message You deleted this message You deleted this message You deleted this message You deleted this message You deleted this message You deleted this message Good luck finding what you need
What https://youtu.be/7VcdptiQcT0?si=NPn9EOHKBT28O7rF https://youtu.be/i0JesTevAcA?si=OgZ2-VGEWLnnlZbu,Sai
i have the source code for this but i dont know how to run this,😅 Kal thektehe College me leke aaa
Laptop ?,Ha Varna pc nahi milega We don't have lab
Yeah Ok I'll bring it,Mahavir sir ahe he
ok Hi 133 143 132 141 DSE 04 01 05 03 06 02,Suu che? Temna suu joye che? Admission form?
Admission form ?,Jone Form barvanu che Khabar nathi Kam joye che
Ha bharvanu che 8 pachi,devansh chat me gale mat de exam mate joye che?
Gali nathi,joyo python likha? mena nahi likha kal assignment likhek check karva dunga dbms likhna padega
ha mujhe bhi,"<Media omitted> 05/04/2024, 10:00 am - You pinned a message Thanks Thanks 7th wala?"
Nahi hai usme,Tune kiya he kya 7th?
nahi likha hai,Acha Django ka part he kya?
Haaa,Thik he thekta hu me
Haa,"""bye"" gujarati me kya bolte he?"
dekhnaa padega,puchle ek bar
Haa Puchta hu Kal aa raha hai ?,Session 1 ko araha hu Ek bar confirm karta hu
Okk 8 se 10 wala na,Ha Tu? Dono araha he?
Nhiii Soch raha tha Lekin ek ko hi rukta hu Tere saath nikal jaaunga,Acha thik he chalega
Haa,Dadar station ko milke sab eksath Jane Wale he na?
Sab kon ? Tu mei Shivam bass,Bass kon he?
Bass mera dost hai,Vo bhi araha he kya?
Haa,Chalega Sir ko bataya?
Haa,Thikhe phir Me bandra ko Chadta hu Varna ulta huga
Meko chalega Shivam ko puch le,Ha mene usko message dala he Shayad so Gaya he vo Vo bola kandivali se ek sath jayenge To tum dono dadar milke mujhe kandivali mil jana
Okk,Aaraha he na ajj? Blank paper ka kya karna he?
Haa Blank paper?,Ha for printout?
Om ke pass hai,Araha he kya vo ajj?
Ha,Thanks. Mera paper ka leke. Likh uspehe
Haaokk,saina
Wow error,...
what of that,Put the strings In command line argument
ohhhh,Puch le sir ko
Kyaa,Optional subjects Jo he vunke bareme ADBMS aur IP na?
Haa Okk To adbms Lena hai ?,Sir bole to Lena he
Chalse,Haa 😂
Donation......,😂😂 Gatar me donation 😂😂
Sahi 😂😂,Kyu bhetehe hum?
Kya pata,College me ADBMS kon sikha ta he?
Mostly pankaj sir,puchke thekte he ekbar college me
Haa python me hai chalse na python and mysqlute3 mysqlite3 isme budget set nahi ho raha baki ho gaya hai https://youtu.be/8eh23-8s6H8?si=7csBzrBS-COv1kwF,Devansh project degrade hote ja Raha he 😅 Node ka nahi hua kya?
Nahi ho raha Try karta hu wapis,Kyu? Back end ka kuch download karna tha kya?
Haaa,Connect barabar Kiya?
Online karna hai download nahi Nahi ho raha wohi Kaise karu nahi samajh raha,Chiranjiv ko puchke thek Varna ekbar
Puchu kya ?,Ha puchle na. Use pata he kya how to connect vo wala database with node Lekin achese puchana
Tu puchna,Vo Tera PT he aur me puchu
Puchna re Meko nahi pata kaise puchu,Kya connect karna he?
Node ko database se,So send him Bhaiya how can we connect database with node program?
Are unko achese kaise puchu nahi pata,Devansh mujhe project ke bareme nahi pata he 😅
Mujhe bhi kaha kuch pata hai Unko bol ki humne files download ki hai Run hua lekin database kaise connect kare nahi samajh raha Entries nahi le raha,Dalta hu me message vune Chod Varna sir ko pata chal Gaya to Gaye hum
Ha wohi Dekhta hu Mai kuch,Are tujhe kuch nahi bolenge
Kyu ?,Kyuki vo tujhe sekhate he Practice trainer So you can ask this doubts
Areeee to mai puchu ?,Ask in a way that it looks like you are curious
Mujhe message likh ke bhej Mai bhejta hu unhe,How to connect database in a node program? I have been trying to do that for my mini project but can't figure it out Add bhaiya before all that
Haa,And be respectful to him
Ha ofcourse https://invoice08042024.netlify.app/invoice,Suche?
Dekhto,Bill? Sai he
Yehi haina unka number Le Bas ?,Ha 😊
29k wow,kahape? woah kya he vo ??
Node wala,package?
Pehele se tha usme,me dar gaya. devansh 29k lines ka program likh raha he karke kuch bole bhaiya?
Nhi Wo pehele wala bhi run nahi ho raha abhi to,kyu?
Kya pata Nhi ho raha Saare commands try kiye,naya folder bana ke tehk thek maybe ho jye
Kiya try Nahi ho raha wo 2 baje ke baad meeting leke batayenge,Chalega me bhe ayu kya? Chalega thekle Vo shayad collectivity bata denge
haa dekhte hai,Om ne reply Diya kya?
Maine message hi nahi kiya,Mera message he nahi theka
Ha wo nahi dekhta,Message tu bhe dalke rack To call kare?
Haa dala maine Karde,Kya bollu usko call kar devansh ko? 😂
Mera message dekhne bol,Yvast he Om ne theka kya?
Message dekha Kuch reply nahi kiya,Call karle phir
Mai nhi kar raha Kal ke print ke liye pages leke aa Bohot saare,Abhe sab band ho gaya hoga
Subah,Subah khulla hona chahiye Hua to leke ata hu
Haaa,Ek bandal
Mai bhi dekhta hu Formal pehenke aa,Thik he
Haa,Kyu? Ma'am ne bola he kya?
Haa,Late ho jayga Varna paper nahi la paunga
Kya de raha hai domain ? Internship ke liye ?,Sir ko puchana padega
Thikke,We don't care what type of internship it is. Till the time we get stipend or ppo Abhe yadd aya
Kya? Yeah that's true We should tell them that any is fine But we should still ask sir,Ok
Yeah Boldete hai kya kuch ? Pareshan karte rahega wo,To bolde web me boltahu app
Java development bhi add kar,Me nahi kar raha Java development
Kyu ?,Nahi karna Java development mujhe
Jitne jyada choices utne jyada chances internship milneke Apneko stipend ya PPO se matlab haina,Or let's message sir we are only interested in stipend or ppo internships
Abe 😂😂 Pagal samjhenge,?? Kyu?
Aise koi nhi bolta,Kyu? Bina stipend or ppo ke intership kar lega?
Nahi To sir ko personal PE message kar Group PE nahi,Ha group PE nahi bol Raha tha
Ha to thikke Aisa bolte hai ki We are looking for PPO or stipend internship But we are not looking for any specific domain,Varna sir ko call karna he kya?
Apne sir ko ?,Ha
Ha chalega Kar call aur mujhe conference pe le,null
null null null Kya bole sir,Message nahi theka he
Acha thikke Ki baat sir se ?,Nahi Sir ne message nahi dheka he Abhe tak
acha thikke dekhte hai kyurem is better or garchomp ?,I have no idea just search online
I caught a kyurem,Woah
yeah,Is to random?
it was in a cave,Or guaranteed encounter? So random huh Those are pretty good encounters
yeah i know right i was roaming in that place for half an hour just for kyurem,You deleted this message Atleast you got him 😂😂
yeah then another 15 mins trying to catch him i used around 70 ultra balls,Was he even worth 70?
I guess His health is 289 at level 75,is it good?
Yeah,Sir aye to message kar mujhe null
null null null,5minute me message karta hu
Ha chalega,Sir I don't mind any domains for internship until it provides either a stipend or PPO <This message was edited> ye kesa he?
Haa chalega,Bhejte he phir
Haa Pehele bata kon hai I am Devansh from your mentor batch,Acha veshe Chalega I am Amey from your mentor batch
Haa Hello sir I am Devansh Mayatra from your mentor batch For wo message,Thek he
Ha,Bhej tune?
Haa,Thikhe I am open to interning in any domain as long as it offers either a stipend or the possibility of a pre-placement offer (PPO). ye edit karke dal de null
Ho gaya,Great
Yep,Sir ne bheja update on group Abhe?
Ha same Kya karna hai ?,pata nahi ishe liye tujhe pucha
Daaldete hai na,kya dalega?
Same copy paste Sir vir hata de,varna sir ko kal puchete he
Ha thikke Milte hai sir ko,Chalega
Ha,Dadar ko pohochane ke liye tujhe kitna time lagta he bus se? College to Dadar station?
20-25 mins,Chalega Tu kal araha he sir ne bola tha vaha?
Dekhta hu 9B3AMTCQZYQ9 EAKA5BU9HHRM WTKBMBD8ZZRZ,Mila thanks Me abhe 12 ko ghar aya
Waah,Hololab me mile codes
Okk,Ha kharahe the hum bohot sara
Kya khaya,Sirf region dalo aur redeem
Oh sahi,Are khau galee me Gaye the
Ohhh,"To pav bhaji, sandwich, dhai Puri, dosa, etc"
Ohhh,Ha hum sab lunch karke aye Phir seda 10 ko gaya Sab mare the
Ha to bhuk lagi hogi,Ana chaheye tha Chiranjiv bhe aya tha
Haa dekha photo,Ha
Haa next time,Jarur
Haa,Chalel phir *chal Gn
Haa,Me soooooraha hu
Gn Mai bhi,Me phone charge hone ke liye bheta hu Chaleye miltehe Sunday
Haa chalega,Kal Jai puch raha tha devansh ki girlfriend he kya Usne tere story par thekha tha
Haa dekha hoga Kya bola tune ?,Ha bola
Sir ne nahi suna na,Sir thabe melehe nahi the
Acha to fir thikke,Lekin usko mene sirf ha bola details nahi deye
Acha thikke chalega,8104066957 Ravi Pande Sir's number vinayak sirrani kaal dilela ha number tya number varti message karaycha aahe ki  I am ready for database and notes updates agar interested he to bhejde name sir ko
Okk Tune kya message Kiya hai bata Fir I'll send,Kiya he mene message
Okk Maine bhi kardiya,Jandu logo reply bhe nahi kiya kuch
Kisne ?,Tune
Acha okk,Nind me he?
Haa,😂😂
Solve kar raha hu abhi,Acha kar kar
Haq,Me bhe NLPP ka last 6 kar raha hu
Okk Chalse,WhatsApp ne 'online' aur 'typing' ka first letter  capital me kar diya.
Kardiya matlab ? Pehele chota tha ?,Ha Pehele 'typing' aur 'online' tha
Achaa,Abhe 'Online' aur 'Typing' ho gaya
Ohhh https://drive.google.com/drive/folders/1pCpCWz8leswq-JJ8CLJJM1VRqWCNyEju You will find bunch of excel files here You guys need to update the cutoffs in each excel For all categories use this except ai For ai use this From Ravi sir for data entry,Contact kshitij and kaustubh regarding the same
Already did,Ask them if they are free today before our session
Haa,And then tell sir accordingly Hamara kabhi bhe chalega
Haa Kaustubh ha bola Kshitij 2 3 din nahi kar paayega kuch bola wo,Batade sir ko ki ek Jan 2-3 din nahi kar payega Bakeke 2 junko chalega
Haa Raat ko 9:30 ke baad meeting mai milenge sir ke saath,Chalega null
null https://www.mahafra.org/?q=home,https://ay24-25.mahafraportal.org/ssi_prp_23/outer.php?q=fee_search_report Kiya kuch DBMS?
Nhi Karna hai,Thik he thekle mujhe kuch cheze nahi samje Thekna padega
Acha thikke,Pehele OS complete kar raha hu abhe
Kya nahi samjha ? Acha okk OS ka kya kya kar raha hai mujhe bhi bata,View vala aur normalization ke sums
Okk,Sums aur phir theory
Okk Pokémon Omega ruby randomizer ?,Chalega lekin mere phone PE nahi chala dha omega ruby Is it with latios?
the blue one Laptop pe khelte hai na,Ha chalega Video hoga to bhej de download ke liye yaphir tujhe batana padega
citra ka link bhejta hu download karke setup karde,Chalega
OR ka bhi bhejta hu https://www.ducumon.click/2020/04/pokemoner-omega-ruby-randomizer.html,.html? kya bhej raha he?
chal nahi raha ?,You deleted this message
https://drive.google.com/file/d/14Rl-xgbqqnG_-IHTRS8_jMes1XTd8hVa/view?usp=drivesdk Citra ke liye,virus  nahi he na?
nhii,thik he
mere laptop pe bohot time se  hai aur wo mere drive pw hai,cheats use kar sathe he kya? for rc?
pata nhi maine try nhi kiya https://www.ducumon.click/2020/04/pokemoner-omega-ruby-randomizer,nahi ho raha he
ducumon pe jaake search kar Pokémon Omega ruby randomizer,documon bhe nahi khul raha he security reasons
ohh okk,ha abhe?
dusra koi website try karta hu https://happyroms.com/pokemon-omega-ruby-randomizer/ try kar,ho raha he 1.5GB
1.15 haa,ha 1.15
karte hai download ?,ha ho raha he
okk,hone ke badd message karta hu
okk kitna time bata raha hai ?,10min'
okk mujhe 15 hours,restart kar
haa,tera bohot sara data ja raha he
haa karta hu mai abhi jana padega puja hai,acha chalega me dhekta hu cheat for rc
rc ?,rare candy btw ajj milke kartehe database ka kam kaustubh ko bhe bata de
haa aaj karte hai mai pichle wale website se kar raha hu dono same hi hai mere isme uska kuch issue hai,chalega
3 days dikha raha hai abh,😂😂
ha bhai dusra koi dekhta hu sun moon chalega ?,Where to extract the game folder? ...
are rukk i cant download it on my pc aur links bhi nahi mill rahe,Chalega lekin mujhe to bata konsa folder me extract Karu? Cetra ke?
nhi koi bhi kar,To citra ke foldel me dal du?
fir tujhe citra se wo folder dhundhna padega jarurat nhi hai,Lekin dal sactehe na?
ha shayad maine try nahi kiya kabhi,nahi arahe
select folder kar,nahi araha
mera idher hi hai downloads me,mujhe ase araha he
nhi bass pokemon select kar folder,abhe?
aise select karneka extract kiya ?,ye sab aya
ohh ye kya hai pata hai,nahi
omga ruby alag se download karna padega fir usme files daalne pedenge read me padh mujhe ss bhej,it says thank you
bas?,"This game is hacked by Pokemoner.com. and you downloaded from Pokemoner.com. If you want to share this game, you should share with dl.pokemoner.com or pokemoner.com. If you want to upload this. remember to write this game is hacked by hacked by Pokemoner.com. thank you!"
first file pe click kar,to ruby download karu?
rukk mujhe pehele download karne de,"thik he app kijeye download phir hame bata dena Brief guide that can help along some youtube videos if you are having a lot of trouble. You need: The game in .3ds, Pk3ds and Packhacks. 1- Create a folder named Randomizer. 2- Copy and paste the game inside. 3- Create a subfolder (inside randomizer)named Pk3ds and extract pk3ds inside. 4- Create another subfolder (inside randomizer) named Packhacks and extract packhacks inside. 5- Create another subfolder (inside randomizer) and name it New (this one is only where you will randomize stuff in and is most of the time empty). 6- Install packhacks. 7- Copy the game again and paste it inside packhacks (you will have 3 .exe files and the game.3ds). 8- Open the filemodifier (1 of the .exe) and decompile the .3ds file. (This is done by typing on the prompt 'd' then typing the file name and confirming with 'y'. 9- Copy everything inside packhacks and paste on new folder. 10- Go to pk3ds and open the .exe. 11 - Select the entire new folder and start randomizing. 12- Copy Extracted Rom (I cant remember the correct name / Will edit when I turn on my computer) abd paste it inside packhacks again (It will say that there are a lot of stuff that wants to replace so do it). 13- Open packhacks .exe again and and rebuild the file using the 'r' option. 14- When ita rebuile you will have a new .3ds with the name filename_edited.3ds (file name is the name of your file). 15- Rename the file and put it on citra and test it. 16- Delete everything inside new and use the cleantool inside packhacks to clean the folder. Ps: You dont need to delete everything inside new because you can just keep randomizing the same file there and just keep pasting the extracted rom inside packhacks and rebuilding it again. ye mila mujhe"
kahase ?,reddit
okk mera pokemon moon randomizer download ho raha hai wo setup hua to batata hu,Chalega Par moon acha game he kya?
haa maine suna to hai search ultra moon hai,Chalega ghelte he
DONE,randomized?
yeah,tell me how to do it after lecture
https://romsfun.com/roms/3ds/pokemon-ultra-moon-randomizer-sleeplocke.html okk call karna lecture mai hai tu ?,ha
okk,download karu ye?
haa,1hr
its 1.6 gb,ha
keep trying agar nhi hoga to kuch aur dekhna padega,thik he
haa,45 minutes
okk hoga matlab,ha
haa,abhe? me badme call karta hu dinner time
Open that in citra The same path as above,ho gaya?
Ha Now play,fullscreen nahi he?
You can customise that Go in view,ok will do that later will eat now
Okk,null null
1-4-7-10-13,khela tune game?
nhi chalu nhi kiya,Acha chalega
haa abhi to database ka karna haina karde meet Kaustubh bhi aa raha hai,Chalega bhejta hu me link https://us04web.zoom.us/j/76522468171?pwd=FT8WFdaY4ZD1nyZZsQPrJuTLoalrV5.1
kaustubh ko bhi bhej,bheja
okk,bana naya meeting
https://meet.google.com/bvj-dndg-txy,sooo gaya devansh <This message was edited> uthene ke baad agar message theka to good night (agar night hoga to) mera 82 hua he more 40 left ye bohot bada he r
haa bohot bada hai Rizvi Aaj coll ge gaya,??
Aaj chutti haina Usko laga Aaj paper hai,Acha
Haa College gaya wo Game kabhi chalu karna hai ?,Kam khatam karne ke baad MuP padna bhe he na?
haa kaisa hai ?,Acha he. Formal thek raha he Refined
haa,Sun he na ko game?
MOON,Usme konsa legendary milta he?
ultra moon hai,sun?
ye milega,acha he vo?
haa,khelna he abhe?
10 min rukk mai assignment upload karta hu,abhe vo options nahi theka raha
cross pe daba esc,nahi ho raha he
exit karke wapis try kar https://myresume-16012005v3.netlify.app/,nahi horaha kiya try center align kar
Nahi ho raha Gadbad ho Jaa Raha hai Tune Citra qt hi open Kiya na mera aa raha hai kya kiya re tune,yadd nahi kuch to in view
Crtl q try kar,nahi hua
mera bhi ho gaya,ho gaya
Kaise kiya,change citra settings emulator- configuration- graphics
Usme kya,default kar sab ya phir acording how you want
Ho gaya Isme cheats daal sakte hai,ha thkena padega kese
Are view me jaa Full screen off kar,mera view bhenahi raha
Bahar nikal ke kar Citra ke main page pe Ye rakh,Are vie wnahi araha he
Citra ka main page Bahar nikal ke,aya pura reset kiya mene
Game gaya ? null devansh.mayatra,Kya hua?
mujhe laga tune cut kiya,Reconnecting issue Game laggy ho gaya
okk second sencounter null,It hanged before save
So you didn't save ?,Still locked
Wow,Yaa I am giving up Too much work now
Okk Should I search for another game or not?,For now don't. Exam and submissions
Yeah okk So can I continue my game ?,Ha kar na
Okk,Tu diamond lele me pearl leta hu. To we won't have same things. Even if it's not randomised it's fine
Okk chalega im trying pokemon sword kia tune download ? pearl ?,Nahi Kal thekte he
okk Mup ka assignment bhej na mapping wala sum,Vinayak sir ko boltehe 1-2 Jun aur le letehe Atleast 1 more
Haa,Tujhe 19/20 in Maths4 Question1 ke 1 me ghan kiya
Haa Pura solve nahi kiya tha null Sunnn Koi puchega to Mai tere gharpe hu,Kaha pe he tu? null
Bahar,Ghar janeke baad call karna Ye he kya tere pas ki nahi?
Nhi,College kabhe se chalu hua?
Chalu ho jata hai,Are date
Lekin labs 9 baje khulte hai 8th January,For date entries in log book
Ha,Late huga mujhe Me abhe utha Vuske liye he call Kiya tha
Okk https://operationidroid.com/pokemonblack2normal.html Try all the download links it will start downloading,Kal karta hu Phone PE karna he?
haaa data bhi bharna hai,Aur 3ds?
drastic,Haa
nds,Chalega Konsa download karna he? Tune konsa kiya?
Konsa matlab ? 3 options hai na Haa,Tune konsa kiya? I will do different one then
Teeno PE dabayega to page not found aayega,😂😂
To baar baar randomly daba Automatically ho jaayega download chalu,Tera konsa he?
Pata nhi randomly kiya 2nd wala shayad,Me 1st Wale pe dabate raheta hu
Okk,First try
Ho jaayega Ho gaya ?,Ha 1st try
Nice,Nds ka link he?
This message was deleted https://drastic.en.uptodown.com/android/post-download/126707726 Good good We'll have to put cheats in it Rate candy,Ha we can put it later Tho I hope we downloaded different randomiser
Do we need master ball ?,I mean then all encounters will be guaranteed
And instead of rate candy we can do exp multiplier Yaa All the cheats are in hexadecimal you know,Then we might overlevel you know Rare candy is controlled lvling
ya true,All my starters are decent xD
starters ?,Ha
you started ?,Haa
ohkk,I won't be playing alot tho
okk,Have to do Android
okk then tell me when you play next ill start theb thtn,"I got mawile My options were kidda bad mawile, skitty, voltorb"
mawile ie better than rest steel type atleast,Yaa that's why I choose mawile
yaa,I played till catching first Pokemon
ohh i got bastiodon,Ahh he is good
Group or rock type https://data-flair.training/blogs/expense-tracker-python/,"'pip' is not recognized as an internal or external command, operable program or batch file."
BASTIODON charmander,damn lucky I got this guy wanna continue?
Yeah I saw Yepp,will start then
Ive saved at the Pokemon centre in that town,I hope I have some good encounters in future
Ya but if your cloyster dies then charmander also dies na,I didn't saved my progress Ha
You didn't ?,Oh It did saved my progress
Ya it saves it,Rare candy's cheat?
94000130 FFFB0000 B2000024 00000000 00019550 03840032 I found this,Rare candy?
Yep It gives 900 rc,Which one?
which one ?,Which one of them give rc?
thats the full code copy full,How to activate it?
go to menu custom cheats,Done Then?
then press select and all buttons start and all buttons,All buttons? In any order?
arrows  a b x y any order would do actually only one works but i dont know which one then check your bag,😂😂 Got it 900
good yeah,If I do onces one do I get 1800?
maybe,I don't get 1800 Well I will lvl up till 7 Then continue
it gives another 900,Oh then maybe I did it wrong Well let's share our next encounter and if anyone does *dies
so no sharing till now ?,We are sharing
alright and lets keep a level cab for every gym since we have rare candy,Mawile to bastiodon Cloystar to charmender
yepp,What's lvl cap for gym 1? 14?
every gym,"<Media omitted> 20/04/2024, 7:07 pm - You pinned a message"
okk,Woah 1 and 2 have really close caps
+1?,??
gym leader +1? cap,No gym leader Ace lvl is cap *next Ohh no
so for now its 13 ?,Yaa
okk,I meant to say next gym leader's ace's level is lvl cap
yeah so the level cap will go in that same order,Ya
okk,And if you overlvl then that Pokemon is benched till you get over the lvl cap You deleted this message 😂
waaah,On next route
my phone is on charge nice nice ill start in 10 15 mins,A random girl brought out a blaziken and haxarus
what,😂😂 Yaa
so i have to start again too ?,Yaa Well all 3 Pokemons died
great,😂😂 Tho that girl is crazy
waah,A two legged chicken and a dragon
punching chicken,My apologies
yes yes,It has same Pokemon even if I start over
It does ?,Yaa It doesn't randomised on run time It is already set They changed it manually
Let's do one thing Delete it and extract it again,It will be same
How ?,They have specified on their site It will be same if I wish to change playthough download another randomised from 3 Tho let's try It's same I tried
Is it So what to do ?,Continue it Since it is a randomiser
Continue?,And it's not guaranteed that our encounters will be same
Yaa,Continue same randomiser but restart progress
Okk,Press and hold up + select +B On screen where you see legendary to delete your data and restart
To do what ?,Clear data Or else you can't save on your new game
"Where you see legendary,m ?",Title screen
Oh,It tells you to press start
Haa Haha Haha Haha Haha Rigged,You restarted? Starter? Woah
Yeah Same,Not gonna restart?
It's restarted Starter same,It is a encounter? Woah
Yeah,What do I do? Go for pokeball or run? If I don't catch and die it's reset Or we loss your electrivire null
Pokeball,Death 😂😂
Restart ?,Yaa it is so small chance to catch a legendary with pokeball
You know I thought I would be the one to die the most,😂😂 Let me tell yah something I can't pick miwale Since my rival pick skitty and it is normal type
Waah,The only attack miwale learn is ghoust ttpe So it's guaranteed death
Waaah,Yaa will go with voltorb
Yaa You defeat the first gym Then I'll start,😂😂 We cant do that What if I died *u
Hmmm,Saysthe guy who died twice
Yeah Just don't die,I will try
I defeated an infernape earlier Ya,You have good starter atleast Who do u have for.starter choices? This starters are so bad 1) Mawile will die to skitty cuz of typing 2) voltorb will die to mawile cuz of not very effective tackle and mawile does alot of dmg 3) skitty will die to voltorb cuz skitty sucks 😂😂 Their is no way around
You..... Good thing I didn't go ahead,Should I change to another randomiser? What is your randomiser number? 2 or 3?
Yeah Do that,Your number? Check the zip.file
Mine is 2,Ok
Omega Ruby randomizer ?,Ye wala he karte he na Vo phir lag hua to?
To pehele first gym Tak pohochke bata,I had choices from mudkip togrtic and a rock Pokemon I got mudkip
Good Don't die,Run or catch?
Catch,I hope no one shot
Yeah,Pokeballs are so bad It is so impossible to catch this Pokemon I am at last 2
Yeah I know,Not even single tick Just breaks
I once used 30 ultraballs to catch a kyurem,Ikr Should I just kill?
Then I can't catch a pkmn there,Almost.
We'll either way I wouldn't be able too,3 ticks but no star Yaa
What if you run ?,No Pokemon there
Kill it,Why? For xp?
Do you have another choice?,No
Your pokeballs are finished na,0pokeballs Yaa
Then why are you asking 😭 You already used up your chance right,Yaa 😂😂 All legendary encounters
Waah My battery is down I can't play,Yaa will try getting it
Yaa Tell me where you save,Well another death encounter
He died ?,Killed him since both my Pokemon are in red
😐,That's life It gives you things you can have 😂😂 Starters and legendary Pokemon have really high catch rate Pokeball can't catch them
Ohh,Yaa
Yaa,My encounters are good but at wrong time
Yeah,Atleast a ultra balls are needed with status
Yeah,Like paralize or sleep
Yeah,Or use master ball
That's guaranteed,Yaa that's why So that we atleast have encounters Not like me 2/4
Let's do 100% catch rate Since we only catch one from each area,So restart? Or just go and catch this mons?
Naa Put that cheat Go back to the routes and catch what you see first,Oh that's a good idea Will do that
Yeah Send me the cheat,Low battery will send cheat
521AF850 7820D203 121AF850 000046C0 D2000000 00000000 where did you save ?,Till barn Will continue and catch 2 Pokemon
okk I will catch though,Got this now have to catch in barn
ohh nice hes strong,I wish I get a tyranitar His ability is boost speed in sandstorm
is it hell learn good moves ofcourse it is,I found lasvesta as well After this thing
waah,"Yaa along with moltres, venasaur and torchic"
.........,I stopped after completing 1st gym
okk electriwire,Starter - Mudkip 1st route - Growlet 2nd route - exadrill Barn - celebii Add yours beside mine So we know who are linked
yepp,You got it again? Cool
yeah Starter - Mudkip  --  Bastiodon 1st route - Growlet  --  E;ectrivire 2nd route - exadrill  --  Gabite Barn - celebii  --  Manaphy,Woah gabite
Yeah Report bana aaj expense tracker ka format ke hisaab se,Thik he yeva he kya?
Pehele wala hai,to latest wala?
Jo mam ko bataya wo hai ye,acha chalega what are software and hardware requirements?
Daalde kuchbhi Basic,Arahahe kya college?
Haa,null null Kaha pe ho? null null null null null
317,null null null Sir mujhe kuch bolle kya! *? Chellaya kya?
Kuch nhi bole,Acha
Wo kisne 32 in 60 prepare Kiya hai unka naam le rahe the,Mujhe laga sir chelaye kyuke Mera video band tha Chalega
Haa Round 1 planning of 32 in 60 Go for Round 2 planning of 32 in 60 Yehi na,Yes
If done with Round 1 planning of 32 in 60 Go for Round 2 planning of 32 in 60 Ya ye ?,Ha
Done,great work
Yess,"https://www.oracle.com/java/technologies/javase/codeconventions-namingconventions.html#:~:text=Common%20names%20for%20temporary%20variables,d%20%2C%20and%20e%20for%20characters.&text=The%20names%20of%20variables%20declared,%2C%20for%20ease%20of%20debugging.) 32GB ka preinstall woah that's too much for one update"
for laptop na,Ha phir bhe 32GB is not a joke for a single update
Yes yes yes yes 9.5 GB on phone,That's so bad
My phone is 125 gb now Out of 128,Woah It's gonna be really slow I will wait and see how low it will get tomorrow
Yeah,It is like downloading genshinnonce again
Alright What did sir say about elective ?,ADBMS
Alright,I got jean
This message was deleted That's why I didn't get a message,😂😂 Naa I pulled after you send the picture
Ohkk,Tho I won't reach pity again
Alright,So maybe early pity or else bye bye
I'm at 46 in weapon banner,Yaa you are close 14more
14 ?,Yaa 60 is soft pity for weapon
Okk,Tho I am hocked on simulated universe ngl It's too much fun
Star rail ? ohkk thats huge,That's a Pokemon?
yeah wailord,You can play football On that
yeah😂😂😂,mujhe sabke output ke files bhej na
Kiske ?,os aur aoa Thanks
rest i have dbms on 26,Thanks Ha ajja tu bhe
apna presentation hai na 26 ko,30 ko mini project schedule for batch C will be on 30/04/24 because of external not available on 26/04/24
ohh 30 ko bhi hai mera practical,ha hamaranahi he Hamara L3PP changed to Tuesday
ohhh humara sunday ko hai,ha bola tha tu
Mere practical ke dates ek baar check karna Saare,26/4/24 -DBMS 30/4/24 -AOA 2/5/24 -OS
Thanks,Kahase mele the ye OS ke programs?
"kartikey ke pass se a,b,c,d ?","Naming thek A,b,c,d Dala he"
a kahape dikh raha hai,Chod Jane de
thikke,Is there an easy way to remember the commands in OS?
"Probably not 24/04/2024, 8:35 pm - Dovansh pinned a message",We can put all the dates in one group to be organised
Okk,Since we can't pin more than 1
Alright,Put all the exam dates Like viva and final sem exam
Yeah,And only put those things don't chat there
Ok,So we don't have to search
Yeah,Which is important and what is chats
Okk,Devansh Hsr luck for aventurine See all my luck went to hsr instead of genshin
Whoa You have great luck in hsr,Yep Tho hsr has alot of things
yeah it does,Ngl hsr is pretty pace changing with been turn based
is it,Yaa really have to use brain in boss fights
ohkk,Since I am mostly playing against lvl75 bosses who can pretty much one shot with underbuild characters The real fun starts after lvl60
ohhh alright kya bol raha hai grp pe tu ?,check if we have any format for ppt before makng it or else we will have to change it on monday
alright Mam ko bolde hum bhi Monday ko karenge,ho
Okk,how good is arlechheno?
I haven't tried her,so you only pulled for her and then left?
Yeah I'm not getting time to play My phone does not have charging I'll charge it tonight and play tomorrow,I see let me know if she is good
Yeah,she didn't seem that good in trials
I think you should wait for chlorinde,I got the feeling you ult and then use skill
Her animation is so so good,the red moon in background na? that was really cool why is that?
You basically never use ult only when you need healing or reset her skill For her animation,there are leaks for  her too?
Skill and burst It's just another level Better than arlechino Yeah just yesterday,i thought it was skill setup then na skill ult skill
I was shook when I saw her animation,woah i thought her main dmg is skill is it not?
Her skill and na is her main source for attacks Use na,na and not ca?
Then her blood bond gets above a certain level All her na becomes Pyro damage,i see if you say i will wait for chlorinde i think they are making animations good for characters so ppl  will pull
Yeah true HAHAHAHAHAHA HAHAHAHAHAHA,Let's goo Maja kar abhe
Haa Maje hi maje It looks cool She's gonna be my main dps till endgame,Ha
This message was deleted This message was deleted myresume-16012005v4.netlify.app try it on mobile and laptop,Laptop: There is too much space between your photo and details The spacing is kidda bad Mobile: Search bar is gone. Your car images I have to scroll. Make them vertical instead of horizontal for mobile Overall: Change color
Yeah I know there is too much space there but that's how portfolio sites are As for search bar I removed it For pictures I'll have to change the  table further for laptop too And that won't look good,So why keep it in laptop? It looks like you just put it offscreen You can't make it change according to device? Like it takes the size of screen and then put grids?
I can change css according to device,I see then keep it in center na
That's what I've done That doesn't look good I tried We can't change html according to device Atleast I can't right now,Ahh I see Got it
Yeah Ya,How does it sound?
Yeah alright,I got snivy and him. I killed snivy Ahh I can't catch him. Same route as exadrill Starter - Mudkip  --  Bastiodon 1st route - Growlet  --  E;ectrivire 2nd route - exadrill  --  Gabite Barn - celebii  --  Manaphy Vingbark Complex - reyquaza
Raquaza ? Damn,Yaa and I got 2nd badge as well Hopefully we get a good pair
You reached second gym ?? Waah I'm still there only,Yaa I mean you just go there and fight No story at all
Yeah,Story is after gym
Ya it's simple,Boring one
Ya,I only defeated the gym and then saved
Okk I'll do the same,Yaa let me know who you get
Yeah Starter - Mudkip  --  Bastiodon 1st route - Growlet  --  Electrivire 2nd route - exadrill  --  Gabite Barn - celebii  --  Manaphy Vingbark Complex - reyquaza -- mew,fitting partner we can already have Mudkip  --  Bastiodon exadrill  --  Gabite reyquaza -- mew if they don't die
Yeah https://docs.google.com/forms/d/e/1FAIpQLSerKVrSWkLiPEQCb3gH8bqKGn8q6Ywtud0kT2mnVBDcJDRVNg/viewform,Likala he kya print? Ki nikal Gaye tumlok?
Mai nikal gaya Jitna nikala tha utna hi hai Mai log book banake laaunga kal,Acha chalega
Haa,Me bhe abhe likal gaya
"Acha thikke Careers IDZ Digital internship opportunities for SE, TE and BE students Job Description for Software Developer Looking for Android App Developers who can develops code for apps Strong knowledge on java/ android/ android studio Should have excellent IT and programming skills Should be able to think out of the box. Should have a logical approach We are willing to offer internship to the students Internship Stipend-8K About us: IDZ Digital's humble beginnings can be traced back to 2004 when we began creating websites. In 2010, we became one of India's first mobile app developers, having launched our first app. Today, we are among the leading developers of apps and games for kids, with over 200 million downloads and over 100,000 5-star reviews. Life at IDZ Digital is stimulating, energetic, and immensely rewarding. Our team of more than 100 enthusiastic minds is always trying out new things and concepts to make our ideas come to life. We have development centers in Borivali and Thane providing a vibrant and joyful working environment. We're proud to give people a happy, open, and welcoming place to work. We give them responsibilities early on so they can work on their skills, learn faster and move up in their careers. Thane 101-102, Opal Square IT Park, Wagle Industrial Estate, M.I.D.C Thane  400604. Borivali B-607, Western Edge II, Behind Metro Supermarket, Near Su-Swagat Restaurant, Borivali East, Mumbai 400066. Registration link:  https://forms.gle/srUPpE755obtFF1y7 Deadline: Tuesday, April 30, 2024 (6.00 p.m.) Swapnil Desai Head, T&P Department, VPPCOE&VA. Bharte hai",Kahase dunda?
Group PE aaya Official,Ahh ha Mujhe 1-2 din Dede thekta hu me
Areee Kal last date hai,Ha thekta hu me rukhja <This message was edited>
Haa Whats wrong in this ?,The dream of all people who own a company
😂😂 But whats wrong in the program,Nothing
There is Will the last else be ever executed ?,No that's what this was
Yaaa But somethings wrong with the program too,What's wrong?
The last else When will it be executed?,Never That's the beauty
Ya that's wrong,Are it is intentional Basically a joke saying you will never die and only keep working
You want to live forever? Areee 😂😂,Samja?
Haaa,😂😂
Though it should be outside while For the program to be logical,No necessary tho. You can just put closing condition for work() and then you can die() in while <This message was edited> Devansh try pressing esc when arleccheno is glitching
Yeah I already tried On mobile though,oh she turns all dark
Yeah I know,Mera Pokemon game crash ho Raha he When I try to go in Pokemon studio
Kyuu?,Pata nahi
Dekhhhh,Are mene try Kiya phir se karne ko lekin vo crash ho Raha he Ase kese re har ek game mere isme nahi chal Raha he
Acha Dekhta hu mai mera Skill issue,Acha Thek phir tu
Haa 😂,?? Me paka ninme tha Kya meaning he iska
Kiska ? Dies while burst I didn't face any issues In the studio,Yaa idk why I faced the issue Oh I mean in burst you get i-frames So she died before and then healed up
Yeah,That's so cool It looks like adult bennet
Oh yeah it does Arlechino 80 Weapon 80 CR 76 CD 174 Atk 2000 Talent 6-2-2,That's good
yeah i got her a new flower though it has less cd it was of her set i just need one more piece to complete her set and her attacks will go above 100k,NA?
yeah,Woah that's alot of dmg
the first one in that video did 79k her talent is 6 too ill have to level that up,Woah along with lvling her and her weapon
yeah ill get 9 cd too from ascending her,Her lvl > her weapon lvl > talent lvl > artifact Yaa
yeah i was farming that boss only but im all out of resin now,Yaa resin makes grinding really boring
yeah i have 9 boss mats i need 11 more i changes her circlet,Tho do it in this order so you don't waste alot of resin on artifact To cd?
its either 63/210 or 76/174 depending on cd or dr circlet,76/174 is better
okk i was playing with that only rn i got a cr circlet but it had onlt 7 cd the one i have now has 26 how can i even top that now,Naa it's too hard
and the feather has 13 cd and cr,It's better that way
but both are of different sets ill have to replace atleast one,What r u replacing?
the 4 piece will give me another 54% damage increase,U r set really
i dont have anything to replace right now,Just run arleccheno on 1side and ayaka in other And u can do 36 stars
it can ?,If they are build then yes
the abyss has vape buff rn right,Yaa
thats good,Mostly Pyro buff instead of vap
ill have to check the builds of supports ill do it tomorrow after practical,Yaa
her burst does a measly 21k and na does 79k,As specially kazuha
yeah i gave him vv 4 piece,That's alot for lvl2 talent Good
is it in videos i saw 200k well it was crowned,Don't compare to videos
triple crowned,They do alot of crt hunting
ill just crown her na and 8 other two,Yaa do that
yeah,Ahh well rn I am doing simulated universe
ohh,Yaa world 7
i have literally stopped playing star rail you went that ahead ? difficulty ?,It's world 7 u know I have done all world 9 already on diff 3
whoa,I am cleaning up all the previous worlds for first time rewards
i might've been on 3 or 4 okk,Aventurine and acheron are just carrying
waah will i get some rewards if i join now ?,Have to keep a tab on shield and debuffs
okk,I mean there is no event going on for log in Maybe returner
anniversary rewards ?,Maybe not sure There are 3 anniversary rewards and a 10pull mail
im downloading it okk,*3 anniv events
whats its size ?,Idk about mobile maybe 20 tops
im downloading on laptop re,Maybe 40
its showing 32 gb,Yaa that would be it Next week we are getting Robin and the cowboy
ill just get robin then,Yaa I am planning on her if she is good Or else loucha Tho NGL nihility carries world 9 It is so much easy with nihility Tho u need to time your path resonance
Ohkk Alright,Each world has its useful path
Yeah I know I cleared one with hunt I don't remember which Before 4 only,Yaa hunt is not really a good path It's mostly for alot of turns in one go Which very little characters can use
I have seele,Ahh yes you did have her
yeaaaaaaah,We have to complete CET marksheet excel 2-3 din betke complete kar dete he
Haa,Allthe best for viva exam
Yes yes Thanks,devansh send me the link for cutoff and fee wala I cant find it
https://www.mahafra.org/?q=home https://ay24-25.mahafraportal.org/ssi_prp_23/outer.php?q=fee_search_report,Thanks Kal aa follow up ke liye
Haa,aja devansh
Aaya,current highest dmg in GnG
Gng ? That's a big number,"Good and gear, it is the part of simulated universe Yaa 3.5mil Because of blessings of erudition I can pretty much clear true sting in one acheron ult"
Ohhhh Nicd nice,Nicd?
Nice you know what meta data is,more faster way of retrieving stored data? 11 ko database ka kartte he
Paper ? Meta data is data about the data,paper?
Ye,I see
Ha chalega,link bana raha he kya? You deleted this message https://meet.google.com/gja-qhte-ucu Araha he kya?
Acha tu aise 11 bola Mujhe laga 11 date ko,"Thanks 07/05/2024, 11:17 pm - Dovansh pinned a message"
https://drive.google.com/drive/folders/1pCpCWz8leswq-JJ8CLJJM1VRqWCNyEju,Database Progress Done - 201-300 Ongoing - 1 - 100         - devansh 101 - 200     - amey 501 - 600     - kaustubh 601 - 700     - parth Remaining - 301 - 400 401 - 500 701 - 800 801 - 900 901 - 1000 1001 - 1100 1101 - 1200 1201 - 1300
Parth bhi ?,ha Kaustubh bola sir said ok
Okk,update and resent once done
Ha I'll do it tonight You continue,chalel
Later I'm staying awake tonight,chalega just done die
Haa Ha😂 is she good ?,She is a support which boosts atk dmg% and action forward all your allies when u use ult. She is good tho how good idk since she came out today
Ohh I'm getting a new phone,Great which one?
Samsung s23,Tu vohi bol Raha tha na tu lega karke? Good for you Abhe le Raha he?
Haa Aaj order karunga,Saihe mujhe laga tha tu exam ke baad lega phone
abhi sale laga tha,Ahh kitne me Mila?
50 ka hai mere phone ka discount karke 40 me,After sale? Or before sale?
After sale Normally it's 70k,57% discount? That's a win
That's why I went ahead with it,Yaa good call There is a summer sale too right?
Yaa,Is it over or in future?
It gets over today,Ahh I see
Yaa,Maybe they will have a sale tomorrow too
Why tomorrow? Flipkart ka and Samsung ka is ending today,I see
Amazon ka ended on 7th And all offline stores ended also on 7th Atleast around my area,I see Well congrats u got your new phone When is it good nna arrive? *gonna
today only it just shipped from thane,Wahh!? Too fast
yeah,U got premium or sth?
it was showing free priority delivery so I chose that,😂😂
or else it was showing on saturday and from flipkart it was showing 14 on our exam day,I see
yeah so I chose this 👽,this account is too cracked
tw0!!,second time
what !!! what was the first time ?,more cracked
WHAT !! is aventurine good ? I couldhave waited for firefly,yaa he carries my acheron team as a solo sustain
waah hes a shield na,ya I meant she is gonna be in her robot form
yeah sam,yaa he is good tho no heals like the pink solo sustain yaa
pink ?,fu hua or sth
there is fu hua in game ?,fu xuan
fu Xuan ?,yaa
ohhh,he gives stackable shield
I forgot about her,whereas she takes their dmg and can heal herself
the short one na,yaa
ohkk stackable shield btter,yaa tho at lvl5 of GnG and Swarm the boss can oneshot through my shield since they are so weak its all about sustain then dmg
ohkk alrighr,and my jingliu sustains are kidda bad still need a better sustain
hmmm whos the best healer curr ?,i think luochca not sure tho
ohkk,What did u do?
I created sticker from photos,Wait really? This are stickers?
Yeah,How do u do that?
It's a feature Click and hold a pic and it create a cutout,Oh wait you got your new phone?
Yeah,Cool
Yaa,How is your new phone?
It's great I can play genshin in higher settings now,Woah How much different is it?
I can play 60 fps And high settings,Yaa you need that to play once in a decade
Yaya I'll play regularly after exam,Now you also one of Samsung users like me
Yeah It's screen is small though,U won't be playing WuW?
I will,That is alittle down side
I have enough space now 256 gb,Ram?
8gb,Yaa u r good
Yeah,I heard WuW is gonna be 10gb or sth at launch
Ohhh Nicee Do you have maths ka solved pdf My WhatsApp got wiped,What even is this? Which questions?
Arlecchino glitch Solved practice problems And send me the paper mam has uploaded on the classroom,U don't have classroom?
Yeah I don't remember the password for the college email Thanks,I don't think I will get arlecheno this time <This message was edited>
Just 2 days remaining,yaa its not possible I am at 50pity and I did event as well
Whoa,so no more wishes
You already  completed it ?,its like 1 or 2 too small
I started today,yaa it is short
Okk I haven't even started studying,if u start tomorrow u can finish it in 3-4 hrs
Okk,naa then forget the event
Yaa I don't even know what to study except for maths,just study maths for now
Alright Which paper has 1 day holiday ?,aoa
Okk,ha abhe to maths padh do all your 32 in 60 firsy
Yaaa,then revise easy topics like matrice lpp then hard ones
Ok,you can complete your 32 in 60 today
Ya I'll do that,and maybe start with easy topics if u wanna stay up late
I'm gonna stay up late I want to atleast,yaa then complete 32 in 60
Haa Okk,https://meet.google.com/nmd-iyzf-jrb araha he kya?
haa Do you like dendro reactions ?,Yaa I do why?
Then pull for chlorinde,Ok Is her kit based on dendro?
she is electro but I saw leaks of her in a dendro team and it was good,I see Well electro can be used in alot of dendro teams really
yeah I know that's why I asked you im gonna either c1 arlecchino or get chiori,Choiri?
chiori geo sword came out last patch or ill get zhongli,I see nice I might waitnfor natlan tho
okkk ill see ill pull if theres a dragon,are you gonna give paper today?
Yeah Send the paper,https://meet.google.com/vtt-jjfv-gon aja meet me https://yutsumura.com/diagonalize-a-2-by-2-matrix-a-and-calculate-the-power-a100/
kartikey ka solution,Same thing then
yaa,We don't have this sum in syllabus
We don't? That's good We might get level 100 characters in 5.0,Characters? Cool more tedious farming. I hope they change the lvling system then since lvl90 is already not worth for alot of characters or give lvl100 something more than just stats
Yeah Well if they are giving special abilities or something then the ascension cost would be high too,yaa
Yaa,AoA ka paper solve karte he 2.30 ko Revision vagere kar dena
Haa,Me shayad nahi kar payunga 2.30 ko Book gayup ho gaya mera
Kyu ?,Pata nahi Mil nahi Raha Tech knowledge aur notebook bhe
😂 Kaisa hai re Book ghuma diya,Patanahi Yadd bhe nahi
Sahi Abdul brar Yt pe hai Use padh le,Acha thik he
Haa Mai bhi use hi pafh raha hu,"Thanks Nilargha Mitra, Shinghare Paritosh, E. DIYANSH EATHAKOTTI Do your submission of MUP before exam of today otherwise I will take some strict action & come to your examination hall Iske vagese aye the ma'am Abhe theka"
Haaa Submission nahi kiya tha unhone,Ajj to ma'am ne usko fail he kar Diya
Fail Kar diya ?,Patalab fail ho jata vo agar ma'am usko bohot jyada der eke jate to
Ha bhai 67k ????,😤 All my other characters has 53k Cool na? I have seen like 100k+ shields
Whaaaat,It's the wonder of preservation path and GnG dices And I do like 1M dmg total with path resonance dmg And like 50k-300k of quade dmg
Whoa,It's fun but it depends on somuch luck of getting blessings on time
Ya that's true,And difficulty 5 is no joke too One wrong turn and u r full death
Is that so,Before my first clear (my 1 and only clear) I had to do so many reruns
To get it right ?,Yaa it is really tuff and u can increase difficulty of difficulty 5
Increase even more?,Highest is 12. So the only viable choice we have is preservation path or else it is one shot to any boss
12 ??💀 That's death,Yaa diff5 has difficulty know as con sth No it's highest difficulty of diff5
Ohokk,And the boss simply one shot u Through shield and all
Through 67k shield?,The only thing saving u is destruction 3-star blessing which spreads any dmg to all your allies equally I have not even cleared diff5 con2 And 67k I only got it onces today 😂 Told yah it is super lucky dependent
Ohh😅😂 Yaaaa,Did u do the quest *?
Doing it right now,Trial is different
Is Ir It Aventurine sounds gay,Woah u had perfect timing Why?
He just does He's like Sounds goouuood Baaut,Um sure? Tho I still get why He is really good character
That I'm not denying,Where are u in story?
Thay are checking in the hotel My name isn't in the list,Ah yaa so total beginning nice
Yeah,Did you saw boothill? He is total jojo character
Not yet,Wait
Sunday and Robin just got here,It's his stand before ultimate Total jojo pose
Ohhhh,They just pick him out of jojo world
Yeah,Ahh yaa I liked him I made him say 'cool hump!' all the time
Yeah me too,My mobile and laptop can't meet the bare minimum of playing WuW <This message was edited>
What 😂😂😂,Yaa it's like snapdragon 7 or sth. And i7 gen9 for laptop <This message was edited> My laptop don't even have i5
Ya snapdragon 7 series above and i7 and above I can play,Yaa right I will be on lowest even on my laptop
That's why I told you get a new laptop,Or maybe it is for playing on highest settings Na not gonna happen
Ya maybe,Well let's see when it comesout anyways
Yeah 5 days,Yep
soja,😅
Uth gaya?,Ha kyu?
Aise hi,Acha Good morning
Ya Good morning,Saihe re 20
"https://youtu.be/3z3ljTq4mcE?si=PTwnxJCBoLUTC1pO The brand new open-world ARPG, Wuthering Waves, is upcoming. Participate in the event to win the 5-Star Echo, Astrite, and other amazing rewards! #WutheringWaves https://webevent-echoes-a.kurogames-global.com/share/96b94ea5a6a59ba0e3bc7483a9be9c24c82bb427 Tap now for a chance to claim 【Electro Predator (3-star)】 for your account! Wuthering Waves, a brand new open-world ARPG #WutheringWaves https://webevent-echoes-a.kurogames-global.com/share/99c525c4c16cc9dbd0cd41d5a5c09f15d3394c8c","The Wuthering Waves file size for PC is 30 GB according to its Epic Store page. Keep in mind that as Wuthering Waves will have regular updates, the amount of space it takes up will grow. 30GB? is there nothing as reduced space complexity?"
That's pretty low,for ver1.0?
Yeah I guess Check for genshin impact,a gacha game? genshin had  10GB
Ya just saw Then it is pretty high Then I guess it would be pretty high intensive game It has various mechanics too,😅
It's 357 mb,for me rn and I don't have enko unlocked yet its well around 400 oh wait its mb <This message was edited>
Ya but the app Data would me more na,yaa it would be around 90 or sth
Yaa That's too much That's why i deleted it <This message was edited>,it will grow more in size tho yaa
I would rather play ghost of tshushima or forward horizon,i will delete it too mostly or else not gonna play wuw yaa true genshin has so much useless space
Hmm Ya but phone ha is reduced It's kinda small now compared to before,even if i only have fontaine as the whole game the gameplay would be same for me
Yaa,since i never use other regions they shuld make it so that we can delete stuff we don't want
Genshin is 27 gb now,for mobile?
It was around 17 18 when it got updated Yaa,woah it is so much more less
Yaaa And I have already deleted the other language voice over and previous game data You can,Genshin Impact requires 72.5 GB of storage space on PC
Waah That's too much,i meant delete whole region ikr just to play for 5min and then dip
Not that much They have given an option to delete unwanted data,i mean how many ppl really go to monstade? maybe 1%? who does to inazuma?
No one maybe,only when we have event or mat farming
Yaa,that's all it is unwanted data
They should turn on remote farming We can enter from anywhere,i mean they already don't give content and now they are taking content which was already there
There is new endgame content coming In 4.7,"The current file size for Honkai: Star Rail is 30.5 GB for Windows, 14.4 GB for Android, and 18.52 GB for iOS. that's low atleast whats that? shoot ballons? <This message was edited>"
Imaginarium something It'll be kinda like simulated universe,its like the event we had once
Which,naa id think so su is  too complex then this we had sth like this i remember playing
Ya maybe Even WW has simulated uni and abyss like gameplays,lol su type content is pretty common huh
Yaa Let's see which is better,but seriously su is so much fun because depending on your blessing/build your experience change so much
Yaa I'm gonna download Sr on phone it's too boring to play on laptop,like a elation 3* blessing your ult is considered follow up so like u can play follow up without follow up characters
Waah 😂,yaa true and it is better on mobile i personally think
Ya same,really there is a erudition blessing with just gives u ur burst back after using
💀,tho u need charge for that  blessing
Charge ?,so like for characters like achron who does a lot of dmg viia ult u do 2 ults of her
Ohhh,yaa u need to charge to 100% to burst twice or else it would  be too broken
Even solo leveling had a GAme,yaa i saw it
Ya true,gacha again
Is it ? Then it'll be trash,mostly it would be gacha since less work more money
its taking too much time to log in im getting 25 to 30 mbps speed,restart it is much better if its too slow
aew 25-30MB/s that's fast,wait how r u even getting that fast net? ?
na its almost done 5g,cool
yeah Look at the rewards !!,Yaa those r atleast 1 5* worth of wishes!! Pre download and estimated opening
Yeah,Konse server PE tu ghelne wala he?
Asia,Alright I will choose the same then
Yaaa But why is it may 23 ? Wasnt it tomorrow,Time zone difference
So much? What's sea server ? It showed me sea server recommended,Yaa sea is better for us Southeast Asia It's better for ping since we are closer to SEA then Asia You thought it's sea didn't you?
Yaa So should we do sea ?,😂😂 I was thinking the same first time I saw it. It is very rare to see SEA
Is it,I mean I get yellow ping in Asia for genshin so it is not that bad Tho sea is better
So which to choose ?,Since we get better ping and daily reset will be different And coop will change those r only 2 things different
So should I change it to sea ? Ya that's fine na,Yaa keep it on sea I will choose sea too
I don't wanna encounter those Indonesia people,It is mostly Philippine and Indonesia PPL along with India and some other countries
Hmmm,It doesn't matter Asia or sea really for us
Ya Only ping Then sea it is,Yaa
Yep haa,ok
I did on mobile though,we can do anything or just download and server?
we can just login for now robin dies ?,Yaa It is showing 2hrs to download 1MB speed The UI feels like old games don't you think? The color combination is different
is it done downloading ? yeah it does I liked the background though,Yaa it's downloading or verifying sth
thatl take time,It looks and feels like old games really
yeah I know,The curson and all the graphics
but I like the feel yeah the graphics look good too,Doesn't it looks like it's in cb still? Maybe it's just me
ya maybe,Maybe some stuff will change when the server actually open
yeah its at 10 day after,10days after? Isn't it on 23rd?
are its at 10am day after tomorrow,Oh it's 10AM for us?
yaa,Nice
see,If we wanna play on launch we will have to do all the study tomorrow
yeah,😅
yeah,Isn't that 3.30 for us then? That's a random time in the mid of day
yeah that's random,Well can't help it So we have 1 and a half day
yeah its ok time for us yeah,If we wake up early Yaa
haa' Thanks Thankss,You're welcome
Genshin resin cap will be increased to 200 in 4.7,I see And what about regenerate rate for resin? <This message was edited> The launch is on 7.30AM our time Not 3PM
so we can play at 7.30 ?,Yes
nothing about that,Official Did you studied today?
yeah somewhat,I did all the sums have to complete theory
ohh i did theory will do sums tomorrow,Theory is alot or little?
alo t The game is good Characters have 150 crit damage by default !!,Nice What about crt rate? 50?
5,😂
Ya You didn't play ?,Naa I didn't studied yesterday
Ohok,🤦‍♂️ Yaa maybe I will play in evening if I manage to complete before that
Yaaaa,Or else tomorrow after paper Let me know who you get as your first 5*
Yaaa,You going for limited character too?
Well I'm just pulling with everything I have,Ahh nice Are you aiming for someone or happy with what you get?
There is a 5 star in 40 pulls which Is worth 50 pulls,Beginner banner?
Standard Yeah,Nice How many u did?
20,Nice only 20 more to go
We get free 20 in the beginning,Really? That's nice
Yaa Standard ones,Maybe other rewards will come tomorrow Nice
All are there But there are requirements,Limited ones?
Like Ya those haven't come We get 10 na,Yes I think 10 in mail and 1600 premium currency
We'll get 40 more standard pulls when we reach level 45 Yeah,Woah 40?
Yaa,Cool
Like 5 5 15 15 15 25 35 45,Ah total 40
Yaa,I see
Haaa,I thought 40 on lvl45
Naa,Too generous
And a free five star weapon selector At 45,Nice
Yaaa,Which rover you choose?
Female She's tall Really tall I chose sea server,Nice I will choose sea too
Yaa,Will let you know the UID once I play
Yaaa,Taller than you?
Me ? You're taller than me,I meant the rover
Ofcourse She is,I see
And if female one is then male will be too,What about lag and bug? Any you encounter?
Not yet But sometimes the animation cab have some refinement Other than that graphics are great Gameplay is great,I see that's good
Yaaa Combat is good We have counter attack and dodge,I mean it's very 1.0 we can give some slack to them
Yaa that's what They'll improve,Nice and I heard they had qte too for swapping character Yaa hopefully
Yess There are pets too,I heard kuro games do tend to listen to player base tho we will see
That's good,I see
In the sense echos,Ahh I see
Like we can call them in battles and use their ability,I saw u can transform in mobs
Yaaa,Yaa
That's echos,I see Well I will get going now
Yepp,Will have to complete alot of OS Later
Yeah,The game is really laggy
is it,It needs to get stable or else it was fun roaming around killing
it works fine for me,It lags quite a bit even on lowest setting for me Maybe because it is just put *out
ya maybe,Hopefully it will get better
ya it will 900450801 UID,I will add later
"yepp 23/05/2024, 5:50 pm - You pinned a message",I have like 9010...
Ohkk,How much did you progress?
i have to reacg level 14 to continue main quest,I pulled two times I got baizhi cons and a 4* weapon What's your current lvl?
i got 3 4* weapons 8,Woah from gacha?
yeah,I got to 4 or 5 I think
and 4 4* characters,U have a 5*? Or you are pulling on event banner too?
not yet yaa,I see Well I am just going for the 50 pull banner rn
ya me too but im not using any astride on that,Hopefully I get those 30wishes Yaa
mine 20 re remaining,We can buy in shop tho 6 of them
yeah we can buy cons,"6 standard, weapon, character banner currency For 60"
yeah waveforms in this game,Constilation?
yaa im doing lingyang companion quest,Not gonna explore?
maybe later,I think the lag is on my part and not server Cant believe it. My laptop could handle genshin tho
WW is more graphics intensive than GI medium settings on WW is better than medium settings on GI,I mean my laptop is struggling on very low
i deleted star rail because of that,😂😂
yeah i know ill play star rail on laptop only,i will have to transfer hsr to mobile to try and see if i can play on laptop or else the lag is really bad maybe it will be stable in few days
😂😂😂 do that it was giving me connecting issue,i get a ping of 90-600
im getting 999,yaa the serves are stable since a lot of ppl are playing and it has just launch today and i am the one with lag
yaaaaa 😂😂,thik he thekta hu me kal padke hua?
sums baki hai aur thoda theory,sai he mejhe subhe jalde uthana padega
haa mai sone hi nahi wala,game ghelega rath bhar?
nhi padhunga,acha sai he
haa,chal phir he continue karta hu
haaa,true true
yaaa This message was deleted,You know what to do?
That's error ? It's downloading isn't it,More like yaa not downloading because no net But I have perfect net It downloads to certain extends and then gives up
It's not happening with me,I think it is mostly server issue since launch day U r on phone na
Yaaa,Launcher are for laptop
Mostly Ha I know,It's launcher update
Ohh,Yaa will try in night once then after exam
Close and start again?,"I try restarting pc, wifi, changing dns and switching to hotspot"
Waaah,It's server issue
Haaa Try tomorrow again,Yaa
Haa WW has severe problem on pc App vanishing Lagging Poor graphics compared to mobile,See I told yah
I saw on twitter someone said that it ran better on a phone with 6 gen 1 compared to laptop,I seriously thought my laptop is done for
😂😂,They will fix it hopefully
Yeah,The only onces who can play it well are the onces who have reallygood pc
Haaa Once it is solved normal pcs should run it,And like it's first day so alot of PPL so server is overtiming
Yaa,Let's give them some days to fix stuff Alot of PPL can't even playing the game <This message was edited> Because of issues
Yaaa It will get better with time,I heard genshin was the same on launch day
Was it ?,Yaa It takes time since it is their first open world game 31Million PPL playing so yaa
Ya ofcourse Soooo I got her,Cool She is a healer+ buffer right?
Yeah,U r alive rn? I just woke up
Ya I've been awake since yesterday morning Unfortunately yes,You wish to come to exam sleep deprived?
Yeah,Devansh kya bata rah tha bata Wuthering waves ka?
It needs improvement,That's all? I heard they giving free 5* selector Standard banner 5*
yeah I know i chose jianxin,We already got it?
naaa,Then?
you have to choose before hand,??
ehen you get a 5 star from your 50 banner the choise will come,No no I meant we are getting a 5* selector Like 5* weapon selector You select a 5*
ya,Cuz of so many bugs and glitches it's compensation So u know
at union level 45 as compensation ?,Let me rephrase it cuz I am thinking you didn't get it Kuro games are giving a 5* standard banner character selector for free as a compensation for all the bugs and glitches
what ? when did thid happen ?,For cn they announced So we might be getting it too
China ?,Yaa
Waah We also want,They have not yet announced for us
We also want,Yaa Let me see my first 5* Will let u know
Yaaa,I got the one I didn't want xD
Whoa,Yaa I will keep using my rover
😂😂,Yaa I am sad now Anyone else except him would be nice
So who won you choose now for 5*,Not sure I will wait for now
You can wait ?,Maybe verina or jianxin
I already chose,I mean I don't pull I am waiting And we can change our choice
Verina is good healer We can ?,Yaa Tho the game is really laggy rn Well there goes my first 5*
Atleast I got better I got through my first boss fight because of her Crowless,Yaa Btw I send you a request
Okk I'll accept when I play,Alright
Yss,Ah btw what are the codes? And where do I use them?
WUTHERING2024 WUTHERINGGIFT WUTHERINGWAVESGIFT,Thanks
Yepp,Only this works?
Yaaa Did you see the natlan teaser,No i didn't Is it good?
There are dinosaurs Literal dinosaurs,🙂 Can we ride them?
Well I don't know,I hope we do
They are called saurians or something,I se That's cool
It was their teaser No characters,Ah well we will see them soon then
Yeah See the traveller animation too That's a good one,And still they willbe useless Will check them later
Ya maybe They have good mechanics Maybe we can make them pets,😅 Too high expectation
Yeah That'd be cool though,Yae will say in your dreams
Well wuthering waves has come out,Naa
We don't know what genshin will do,They gave 200 resin cap That's good enough for them And a end game
Today was the livestream,Oh I didn't knew
Oh I didn't know*,That's wrong
New dain quest,How can you use didn't (past tense) with know( present tense) I mean he comes onces a year
Yeah You use both past tense?,My bad you were right My apologies
Yeah,"Dear Rovers, After yesterday's post, we have some new updates to share with you regarding our future plans for game improvements. - We plan to make every type of story content skippable in future updates, giving you more control over your gameplay. Most of the story content will become skippable in an upcoming update. - The Companion Story for Resonator Yinlin will be available in-game soon. - We will further enhance the in-game combat experience for more satisfying gameplay. We will be giving out Radiant Tides*10 and a free custom 5-Star Standard Resonator voucher as a token of gratitude for your support. For more details on our future improvement plans, please see: https://wutheringwaves.kurogames.com/en/main/news/detail/790"
Hmmm,See free 5* resonator
Genshin could never When though ?,Not sure I wish I had got someone else really I will go for the healer or save everything
You have a x Choice now,I am thinking of going only rover fighting bosses Meaning?
But a free 5 star ? That will be expensive for kuro,I mean it is better for them in long run
You have a choice to pick a character now True,Since there is so much lag and freezing some players might not play and that dreded fatal error
And if the game gets optimization then even better,True I am just doing mild playing rn since it is so much freezing Not even lag it's good But freezing and ping is really bad
Ohhh Mine is better,Yaa when it's fixed it will be much more fun
Just some lag here and there,That's fine really if I showed you mine you won't be tell what's happening in battle And I am not even wellwose so basically death when a strong opponent is there
Ohkk,Though I am considering playing only rover Or some kidda challenge
Like solo rover ?,Tho it might be really hard considering freezing Yaa and maybe only 4*
Havoc rover has arlecchino like gameplay Okk,No spoiler
I haven't gotten her yet,Tho I am considering some kidda challenge playthough rather than normal one Still spoiler na?
Yaaaaaa Haha On 20 pity Bug That's a html line I think,Woah lucky 😂
Ya on standard,Cool
Yeah Guaranteed one,Guaranteed one?
Haa Tomorrow one more free,What's guarented in standard banner? Isn't it random?
Are choice one,You choose him? I thought you had the monk girl
Yeah I'll get her from the free one I heard he's a good dps,Ah I see I eillget the healer from free
And we'll need upto 3 teams in the game at some point,Woah that's gonna be tough for me
Yeah,You are pretty good rn
I can build upto 2 teams,Try getting the limited or wait for the red girl
Naa Waiting,Yaa that guy and rover
Yaa,You got healers too
Ya Baichi is also a healer,Tho I am pretty sure healer would be dps loss in future <This message was edited> Yaa the white animal lady right?
Yaa Dos loss ? Ohh Yeah I know,Since it's better to dodge to fill the intro/outro meter
That's why I'm planning on rover jianxin and verina,Jianxin?
Monk lady,Who? Ahh
Haa,I got that stupid kid Not even gonna touch him
She's a healer shielded buffer and dps,Sub-dps na?
Yaa that,Yaa that's nice
She heals after putting up her a shield But it takes more than 4 seconds to put up the shield,I still can't fight smoothly so i still die to bosses
Ohh,Woah is shield good?
I did 4 to 5 bosses It depends on the qi bar There are levels to the shield,That's nice. I die since I can't see atks and counters Is the shield reasonable for 4sec?
I am at union 21 and  bank level 9,That's alot considering its a fast game where you swap alot Wha-
It takes more than that for full power shield It scales of her atk I think,I see How did you got to 21?
Bosses They give 500 exp for first clear,They give that much xp? Woah
Yeah,I am at 6 xD
Then when we use resin 450 😂,450?
Exp,Ahh
And I'm hunting echos like crazy,I thought 450 resin
I unlocked 4*,Nice I just roam around randomly
And it's annoying,Why?
Most of them don't drop anything,Atleast you get drops They will be used for lvling characters
Yeah Level up characters?,Yaa You can do lvl40 na?
50,Cool You can lvl up talents too right?
Though I only have rover AT 50 Ya,Nice
But I doubt have the mats,I will just play slowly due to lag and freezing Hopefully in a week it willbe good
Yeah It should Did you study anything?,Btw I got the danjin girl from limited banner to c1
Ohh She is a berserker,Na it's my mother's birthday. Will start tomorrow
Ohhh Wish her for me Happy birthday,Yaa she hurts herself to boost atk
Yeah,Tho I use her rover and baizhi Yaa will do that
Ohkkk Anime on tv And wuwa,What's that anime?
Lbx It's my favorite one,Which is it?
I'm watching it for the 4th time It has 3 parts Lbx Lbx w Lbx wars,Robot anime? That's cool
W wala is the best Yeah,😲
Right now I'm watching the final battle And that white lbx is my favorite one,They have different powers?
They have different abilities Depending on their model And different attack functions Their most powerful attack,It seems interesting And I am guessing they fight to protect the world?
Yeah it is Yeah,The villain is a robot too?
Naa They're humans,Robots are killing humans?
Well the first one is a android A human turned android,Isn't that one sided? Or Android are really powerfull?
The robots are controlled by humans And they're the size of out palm A bit bigger maybe Only a little,I see
Yeah,If you are into robots try code geass It's not entirely on robots but they have cool robots
An old man wants to overthrow the world and wants to control it so he captures all the best scientist of the world and the creator of lbx And the son of the creator is the Mc who tries to save his dad then the world I see,Nice
Ya Watch it it's cool,Alight I will give it a try
Yeah I'll try code geass,Yaa one thing tho Don't get spoiled
Alright,It will really ruin it for you
Okk,Is it in sequence?
Yaa,Alright
You'll find it on animesuge and gogoanime.fi You won't find it anywhere else,Alright thanks
Yepp 123 isme hai?,Those are only two pdf I have not check it
Okk,"Everything important for mod 1,2,3 ahe"
Everything?,"Important points of mod1,2,3 Not everything"
Oh,This is alternative. But this is fine too ma'am said Add address lines and data lines
Address lines and data lines ? Alright,Data lines - D0-D7 & D8-D15 Address lines - A0-A9 & A10-A19
Ok,Me likal gaya
Kaisa gaya ?,Ehh. Thek tha Sirf bara he paper
Okkk Pass na ?,Itna bhe bura nahi tha. Pass hu me Tera kese tha? Outoff? <This message was edited>
Thikk tha,Okkk Pass na ? <This message was edited>
Haa,Sai he Baki ke loggonka?
Haa Pass sab Rishabh ka Pata nhi,Acha he Acha Koi na ho jayega pass vo bhe
Haa Haa ho jayega Kal cricket khelne aayega ?,Ha kabhe ana he? Ek bar puchake bolta hu
9 baje Haa,Bhai akela hoga isleye Confirm karke batata hu
Dupher ko dhup hogi Okk,Ha subhe he acha he
Haa,Chal phir
Ha chal Zenless zone sero launching on 4th july,Yaa The game is hard for me due to lag I have to react to really small queues since it lags so much during fights Or keep spamming
Oh alright,Did you saw trailer or sth?
Naa Twitter announcement,Then?
.,Ahh Idt I will be playing 2 new games at the same time Yaa late reply Did you unlocked the simulated universe thing? And abyss thing in WuW?
Ya me too Ya I did I only did the first level though,Yaa me too How is your shifting going? Are you changing home again?
Yeah It was tiring,I mean ofc
Yeah,"https://www.facebook.com/share/r/R3eFhMwxSSCt3Bu6/?mibextid=xCPwDs We can switch cancel skills, bursts and echos"
Yeah I know I can use two dreamless at a time,What's dreamless? Echo?
Yeah You'll know when you go ahead,I see I got to union21 Tho I stopped doing main quest I am completing my pokedex
Ohh Same Gotta catch em all,Yaa I will first find them all then find the purple/elite type of them
I have every echo except for 1,Woah what's your lvl?
13 And union 27,Nice I am 10 rn Woah you are too far ahead I think 15 is when we get gold ones
Yeah,It requires lvl30 union tho
Yaa I'll have to reach there,I mean there are quests You can do them
It's boring,And exploring
They barely give 100 150 exp And they are long as heck,Well you can't be picky if you wanna lvl up fast Or else daily and resin xp only
Yeah,Quests are like you do after your daily things
Ya Well the character level up domain gives 300 exp,That's nice
And we can do 6 in a day Given 240 resin So that's 1800,You can do bosses
But going from 27 to 28 requires 2900 exp,So two days is enough
Ya they give 450 But they take 60 resin,Tho 20 more resin Yaa
Ya but then 29 and 30 too It'll take a week,Its same amount of xp per resin
The ratio is the same,For boss and domain Yaa
Both give 1800 I'll start doing bosses though,Tho I hope they optimize the game more. I still lag during fights
I have to ascend verina and jianxin,I mean u can beat lvl120 boss with lvl1 character <This message was edited> By doing dodge atk
Those are red mists Yeah,It does true dmg depending on enemy lvl Yaa
They range from 40 to 120,U just have to dodge then atk once
And guarantee 5* echos,5*?
Yeah I got one like that,I didn't got 5* tho. Scam
Some give some don't I got 3 4*s and 1 5*,Maybe rng
Yeah,Or humanoid ones maybe don't drop echos
They should make an app like hoyolab,I will do simulated universe tho along with abyss
To check characters and all We won't have to open the game again and again,Yaa but first they gotto fix the game
It's gotten better I can play on max settings now,Yaa it has but I still lag 🤟
Though I keep fps on 45,That's nice
And it feels like I'm playing it on 2x,2×?
2 times the speep Speed,Why
I don't know It feels faster,I don't think I can play now My launcher won't update
Why ? What do you want to do about internship,not sure will have to find one
Yaaa Tell me too If you find any,it just doesnt go any further
It happened again ?,if I restart same thing yaa
It got solved last time right,i give up i did the same thing same issue
It will get solved,it is getting blocked somehow
Wait for a few hours Or tomorrow,first time it happened at 5PM today the download is getting blocked somehow
Download it all again and try,tried
Alright,let me delete the whole game
Ya then try,I just don't wanna try again now It does the same thing
Then stop playing,Yaa The download happened 🎉🎉
Good good 😂 They're gonna take the star rail path,That's better Tho rover's personality isn't the same as stela so it might not be that guffy <This message was edited>
Yeah She speaks robot like But you just wait for havoc Mc,Yaa that's why i am trying JP va Alright
Ohhhh,Yaa it seems better
How is jp ? Ohkk,Not total robotic
I'll also try it then,Yep For now I will do main quest
Yeah Do that And ha I am bank level 15 And union 30,Woah You been grinding
Yeah It was a headache,I am still bank lvl12 and union 25
Those mushrooms don't drop any echos,😂
I barely got one after killing like 15,I got elite of them just farming randomly
Don't farm randomly,The lazer one or big one?
Go to your data bank and see which you have the lowest rarity ones Start from them Big ones,Yaa those are hard Alright
Lazer ones are just as annoying You have to time your dodge correctly when multiple are shooting at you,Ya tho and I lag so I get hit then I see red lights
😂😂 And don't use the bank merge till bank level 15,Yaa I did it once then realised it's a waste so stoped
I got 4 to 5 5* echos from that,Woah that's nice
Yeah accumulate all the echos,Tho I hope they keep such grindy stuff more in future It's fun
Then use all below 4* on data merge once you're 15 Yeah The new event is also good,I haven't done that Maybe later
Ohkk,Tho the game has optimizated alot
Yeah it has,I get only alittle lag during fights and in city It's good to know what's happening
Yeah😂 A little scam happened with jo players,jo?
Jp,Why what happened?
You know jiyans weapon na,YA
In the jp translation it said the 24% dmg boost will be given when skill is used But in English translation it said when liberation is used,😂😂
So many players r5ed it because of this,Woah were they compensated?
Then they saw no dmg increase after skill 160 astrite,😂😂
Well jp ww account posted some kind of compensation recently,That's sad how that happened Atleast give them a good compensation who spend money
Yeah It was around 500000 yen or 3000 dollars For r5ing,Woah that's alot People sure are rich
Yeah We are just studenta,Still it's alot of money to use on game
We might be able to by welkin when we start earning By that time gi will be over,How much is wellin? *welkin?
450 500 rupees,I see
Yeah,Not bad Well I will go play the story Later
Yeah,The general is cool I don't think my account has good rng in pulling
Why?,Well I got characters I didn't needed mostly Tho maybe it will change in future
You have danji?,Yep I do I got c1.or sth
Ohhh I want danjin but I'm not getting her,Oh she is currently my main dps Along with havoc rover
Oh That's why I want her,I just got to data bank lvl13
I heard she goes along well with rover Ohh nice She's good right,It's more like both are dps with same type
My burst dmg went upto 8k on crit,Mine is not even build it's just auto equip And I can't see what dmg I do I just assume I do good dmg Tho the story was fun General is really cool I wish I got him but I got verina c1
Ohh But verinas dmg isn't good,Yaa now I wish I had gotten the dps dude from selector She is a healer 😂
Well 3 slots makes It a big dps loss,Idt it will be a loss when there are only 3 slots
Since most games have 4 slots,If it go to 4 somehow then it will be loss Honkai impart 3rd? Pgr?
3,Yaa
Genshin and star rail have 4,I mean yaa And we have 3 teams to build
Yeah,So it evens out
So not even,But if your one team sucks your rewards are doom Yaa
We have to build 1 extra character,Yaa
4 slots 2 teams 3 slots 3 teams,And 3 dps 2 support
Yeah,It's gonna be really creative on dev part The characters will be mostly dps then sub then support in meta teams And the sub will maybe have healing And since they already used hp draining mechanism they will have to be more creative
Most teams hai 2 dps and healer Yeah,Idt healer
No more Xiao,You get hit and dps loss Since counter and dodge atk does alot of dmg
Yeah It does But I'm bad at dodging,And they will add characters who does massive dmg on counter or dodge atk And supports who inc those dmg I am getting good since lag is getting less. Tho I just go in like a barbaric. Genshin habits If I wait and focus I can do better
Ya true Especially when there are multiple enemies it's a headache to doge Boss fights are east to doge,True
Yeah,I just got to union lvl30 and woah it's too hard now
Yeah I know If you're farming the dreamless just for the echo and not for the rewards then choose the lowest difficulty,I lag too much to even dodge I got her I wanna farm crowless for drops
5*?,Not yet db15 I am on 14
Ohh,That's why it is so hard Are you strong enough to fight crowless? Help me 😅
Yeah,Nice Let me know when u r playing and I will join
I just started the game,Nice Join my world then
Yepp,Or do I join yours?
I'll join yours,I will lag So be prepared
Wait,Alright
Start You lag this much ?,Yep I told yah it's not at all optimised on laptop
It's not even starting,I haven't started yet
Oh then start,Will start now
I died,Yaa It's good I didn't Ready?
Come here,You died again?
So the problem is I've gotten too used to jianxin,Monk lady?
Her skill counter attacks Yeah,Then use her na She does no dmg?
But her dmg isn't that good,Ah I see Well I have her under lvled
Yeah I swap into her to parry or counter attack or shield,Woah I am still skill issue compared then
Yeah her shield is good And her shield heals too,That's nice So less dmg and healing
Yeah,Ready?
Yeah,Ah I got no resin
Now then ?,Wanna farm echo? Tho it will be purple.only I got some boss echos left
Yeah Let's go,Let's go inferno rider
Alright,Btw I lag alot so it's on you mostly
Yeah I know,Tho I will heal When weakness broken will switch and atk Damn you are lucky I have been facing him for.so.lokg *long You came and I got him
Ohhhh I literally fought dreamless like 10 times then got her,I got first try  purple
Yeah I have tons or purple,Ohh you meant golden?
I barely got 1 golden Yeah,Yaa golden would be hard for lvl15 That's why I kept boss echos to last so ihave higher chance for them So like do bosses on lvl19 So you have higher chance And do common and elite before them to reach lvl19
Ohh Do the book ones too They too give bank xp,Oh those yaa I can't clear holograms Since I can't comprehend atks xD
I haven't tried them yet,Or else I would be alittle ahead
Yeah,Yaa the tutorial Book missions have db xp too Come here
Yaa,You load so fast
Yeah No echo,No echo yaa Let's change boss then come here again Let's do the big turtle
Next ? Okk,I feel bad making you wait so long Since I load like a turtle It stops at 10% Then continues after a minute Still loading Till now you might as well have killed the boss
Ya I killed it,😂😂
No echo,This is me
😂😂 Waah,You can kill the tempest maybe if he has respawn Yaa it takes alittle long in coop Maybe I will disconnect now 😂😂
I'll just go around killing bosses and then tell you if it drops echo,I am here
Where ?,Turtle
I'm at tempest,This are the ones I need And mourning aix
Echo at tempest,Coming Is it epic?
I gotta go now,I hope it doesn't despawn
I got purple,Yaa alright No problem
Ya battery is at 15,Maybe later I will do crowless Ah yaa it will die
Yeah,Tho can u wait till I get there
Will join later,Hopefully I get the echo
Yeppp,Alright thanks
So it respawned and killed me,I think I missed it yaa I saw him then got disconnected Yaa didn't got it Well I will log off too Later
Yeah,My lvl30 was so unexpected or else I would have prepared I am so under preparated
Yeah you are I'll charge my phone,Yaa I will do some Android
Next time we'll go together for every enemy Yeah,Yaa tho u will have to wait 5min for each teleport Or we have to map a way for less tp
Yeah it's fine Yeah,Let's see
Yaaa Aa raha hai na Kal?,Confirm karke batata hu
okk Now what the Do they have too much money ?,😂😂 Who knows It's publicity man They have to grab attention someway or other Atleast I can try getting the general once more
Yeah I have 80 pulls 10 more now,Yaa Me araha hu ajj ghelne
Okk aaja Playing ww ?,Yaa Just completing db
Alright I'm at 17 50 needed for 18,Nice
Yeah You must have reached 15 na,Na still some remaining
Okk You're coming tomorrow?,Yaa Are you?
Yeah,Alright
Yepp,how has been your standard banner luck? I got in like 30pulls
500 lines of css yeah im on 30 didn't get anything I have about 100 limited pulls,So you just saving huh
yeah im saving for changli,Why is it so big? You don't arrange it in different files? That's just bad coding at this point.
it maybe,Or is it normal for css code?
i have to design it for 3 diff devices,Woah
like it will appear different for 3 different screen sizes,That sounds like a Hassel
ill have to clean it up though ill turn it down around 400,Yaa ofc no one will search 500 lines of code just to change a color
ya true,You should ask your sir if there is a way to arrange the code in a way it is easy to read Or if it is even possible
he did tell us ill do it after completing this,You don't follow it? Atleast for now put comment so u will know
yeah what is composition writing ?,I have done like around 130 pulls and have 850 currently I now only do 10pulls
on limited ?,Yep Since it is more interesting than getting only 3*
yeah im bored of single pulls,Ya Now I am thinking of saving all standard banner pulls for  when I need a weapon
the standard stays ?,I mean yaa standard banner is permanent Even the weapon one
ohh we didn't have standard weapon banner in gi,And it's better to go for weapon banner since we get characters from lossing 5050 and weapon more better Yaa it's nice since we can have all the 5* ones we want
ya true https://dev-assign-8-blog.netlify.app/homepage done,Nice The text are out of container
where are you viewing it ? its because of the screen size,😅
I tried making it fit in every way possible,Make the font size change according to screen size So in a ratio
but it gets out in some screens,Even if it's in ratio?
i made all conainers using percentages,I meant text font size in percentage
but i cant use % for texts the text become tiny even if i give it 100% or 200%,Hmm how about ternary operator?
i didn't try yet check on laptop and reduce the screen size in inspect and check,it looks good on laptop
yeah,tho  half the things are gone from phone
reduce the screen size to 800px and then 400 px,how?
inspect and move the screen from one side,?? Where do u change resolution? yaa got it that's good too
what is ?,tho your subdata is lost in phone mode
oh yaa,yaa
there was one thing i forgot to add,Hey I just realised the meaning of 'she knows'.
She knows ?,Yaa
What's that,I think someone was saying that I don't remember who I think it is used as a meme
Like she knows she knows she knows,Yaa
That meme ?,Yaa
Oh,Yaa
What is the meaning?,She already knows you cheated
There are many memes on that,There are? Any example?
Like some girl hugs your boyfriend with her hands above shoulders Then it goes There are many,Ah so it's basically the same context na
Yeah Like the gf knows what the friend is upto,Tho what does that mean? Aaa <This message was edited> I see
The friend is trying to get her hands on him,Yaa
Yeah,That's interesting how just 2 words can be made entertaining
Yeah it is There are many more ways,Did you attended the intership thing? Yaa I got the basic idea
Naaa You?,So your project? I am not in any team
Project ?,Yaa there is a message on group Activity or sth
Is my name in there ? My name isn't there,Oh I thought they took you
Maybe I'm sure they have too much money,What's the reason?
Didn't mention it,From what I have heard it is normal for them to give such rewards. It goes back to pgr. Tho now since genshin players are playing WuW they are making big deal of every little things which is normal for pgr players
Ya everyone is going wuwa is better than gi,Not necessarily. The lag and shader issue is still really bad
Yeah I know,It doesn't clear cache as you leave the area so it keeps getting piled up
Turn the ingame brightness down to 1/4,Basically the longer you play more lag
Ya it happened with me,That might help will try that And the difficulty for game is refreshing
Ya I did that and graphics became better and it didn't lag that much later on,You have to dodge and counter or else you die or low dps
Yeah Counter gives good dmg,Yaa tho if you just wait for a bit after teleporting lag is less since shaders already downloaded Yaa it's true dmg based on lvl
Yaa Is it,Yes since there is lag and freezing due to it taking too long for shaders
Ohkk,Tho if you wait for them to load it is smoother
Ohkk,Like if you don't tp and play for a while you will hardly get lag and freezing
Well I got to know that shaders are just programs for the gpu,What's GPU?
Graphical processing unit,Ahh yaa
Yaa,It really hurts memory and processor too So I am limiting my playing xD
😂,Try holograms tho My dps is too low for lvl2.
Ya I tried the impermanence heron I almost died,For the book reward na?
Naa,I cleared lvl1 tho not enough dps for lvl2
It was in my dailies,To do hologram?
To do one so I did Yeah,That's end game
What ? Then why did I do it?,Why would your daily have end game content?
Ya then I don't even remember why I did it,It's for book xp you get for completing certain tasks The first page in guidebook
Ohhhh,It gives alot of db xp too.
Yeah 60 on level 5 And 100 on level 6,It's 100 for next Yaa
Yaa,I am on that 100 but can't defeat lvl2 hologram
Have to get to pioneer level 2 to get to level 6 Ohh,Pioneer lvl?
Yeah,What's that?
The exploration rewards that you get,Ohh
Like reputation rewards in genshin,I don't remember mine
You must be higher than 2,Tho I am on db lvl19. You need world lvl 5 for that
Yeah,I am still at wl 4
Damn you're already on 19 I'm on 18,I just make my wl3 and farm echo Then next day reset do stamina then quests.
You still get Goldens?,Then next day daily stamina then lower wl and farm echo Echo drops based on db lvl not world pvl Tho u miss some drops
Ya you can change only once in 24 hours na,It's like 12 hr wait tho I am not playing at 8AM in morning
Ya I know that,Not waiting till 1AM in night
Oh you sleep early ?,Yaa so lower wl means easy kills 😅
Yeah,12 to 7
I stay awake nowadays,What u do?
I sleep 2 to 10 Timepass,Yaa I would like to sleep more but then I don't do SKY if I wake up too late so I wake up early
Ohkk,I got to 19 just today. Sadly can't lvl up more. Maybe I will grind till 20 then wait for lvl40
Okk,Tho it's 100% guarented to be golden on 20 That's so nice
I'm satisfied with 19 It's not,And around 70 or 90 on 19
It's 80 20 On 20,That's still fine I guess Since we can rerool *reroll
100 is for boss drops,I am saving for when I get to db 19
Reroll means ?,That's nice
That too we only get 15 turns,You use the 5 echo exchange thing?
Ohkk Ya that depends on dB level,What for? Yaa that's reroll
The 100 percent Oh 90 right now,After 15 tries it's guarented?
Naa,Then? 15 times guarented?
It's like 90 percent only for 15 tries After that it goes down to 20 percent And it resets every week,Oh
Yeah,I thought it was permanent So basically you farm a boss for echo for 15 times <This message was edited>
Haven't you noticed boss drops getting less frequent at the end of the week,I haven't done boss runs yet. Told yah right? Do small ones first then do boss for better chance as per db lvl
Boss in the sense overworked bosses and the weekly bosses,Tho now I started doing bosses Maybe I will do weekly onces first
Just tap on the 90% when you go to db,I got crowless on 2nd try
Golden ?,Which is the female boss? Crowless or mindless? What was her name?
Dreamless,Yaa 😂😂 Her I got her golden on 2 nd try
Mindless 😂😂,😂😂
Waaah I had to do like 15 tries,Yaa I was farming for rover
I'm saving for changli She's a main and sub dps,Yaa her animations look good
Yeah,Pheonix
She has so many animations Like so many skills,😅 Maybe I will save for her too And her weapon
It's gonna be a headache to use her You are guarantee na,I think what kuro wants is that we save for character and their weapon together
They get more money,Yep at 60 currently
You'll get her I have 100 pulls And no pity,No i mean you might loss on character but if u have enough weapon is guaranteed
I haven't even used a single pull on the limited banner,U used 30? I thought u had 130
I used 30 ? I don't even remember,U didn't had 130 before?
I guess I'll have to check,Yaa
I have 40 pulls And 8000 astrites That makes 90 If I do exploring then it may go upto 10000,Do quest <This message was edited>
And more rewards means 12000,They give so much xp and astrite
Yeah I know,I am on side quests now
I dint pkay today,Yaa
I was playing genshin,I see Well I don't have place to play genshin Maybe u do chloride pulls for me <This message was edited>
Yaaa You have saved up ?,On my account then send me picture if u have her Don't remember
Yeah,Maybe I will have enough maybe not
I can do it,Yaa will send me email and password later
Yeah,Then change password
Okk,Then never player her
😂😂,Since I got no place 😂😂 Well anyways later Have to stilleat
Yeah Okk,We had lecture today
Ohhhh Android ?,Yaa they taught us management of states
What's that,More like revision lecture
Okk We started Javascript,If u click on button something changes right? Like alert pop up or color change or sth
Yaaaaa,That's what we call state. There are 2 types. Stateless and statefull.
You can make many random apps just from that,Stateless don't change statefull changes
Ohhh,So we learned how to change state of only required things and not whole screen
Niceee,So making app less heavy
Ohkk,Tho th concept is little heavy
Is it,Considering we are sleepy at 9PM And haven't eaten for like 4 hrs
Waah,Yaa Have to revise tomorrow
Good good Keep it up,Well later
Yeah,U too
Yeppp,Don't make 500 lines css. It's nightmare for someone reading <This message was edited>
Yeah 😂,😂😂 Atleast put comments
I'm gonna redo it tomorrow,Yaa gl
Yeah,Devansh kar raha he kya mere account PE roll? For chloride?
haa karta hu,Abhe?
haaaaaa,Rukh ja phir.
okk,Gmail : hakiyagn02@gmail.com Password : Devanshpullkar Thek ho Raha he kya?
haa,Tell me how much primogens I have 😂😂 Imagine if I don't even have enough for 1
there should be a security code teko aaya hoga,511853 Woah very respectful.
ha ha 249 primogems,😂😂 And pity?
and 3745,??
starglitter,Ah So basically 6 pulls What's pity?
71 pity,Yaa Maybe maybe not
guaranteed,Yaa I think it was kequing
u got jean last time,Oh
should I try ? pulling,Yaa go for chloride I am pretty sure I am spelling hername wrong and writing the chemical  name <This message was edited>
chlorinde,Yaa Chlorinde
yep got her,Woah Screenshot?
last pull,Lucky
77 pity,Woah
yeah,Yaa ? No screenshot? Nice
lucky bastard,I thought you didn't took it and just searched for image on Google. Then by mistake send an constilation ss I mean I lost to arleccheno I have paid the price And I heard her skill discription and cons discription are essays
you don't have any sword for her,😂😂
yeah,Is there an event sword for her? From current event?
u have to farm the artifact set that ive been farming since ive gotten arlecchino current event gives bow,Yaa it's the same mechanism right? Why? For whome?
mojarly it has em substat,What sword you use on her? I wish I get her sword too Then no issue
well atk or if youre going with overload of quicken team then em,Her kit is overload? Electro right?
she can do that yeah electro X pyro with chevruse,Both? Oh I thought dual element
signora is dead,Yaa And kazuha don't have other vision
yeah,Tho it's delusion she used really
well arlecchino has 3 powers,Same as childe
but all are fucking pyro,Did you know childe has mastered all the weapons except for bow. That's why he uses it to practice 3? Vision curse delusion?
well we cant use his electro yeah,Yaa maybe cuz we can't use delusion
I didn't know that,What does curse do? Yaa his strongest one is dual blade spear which he uses in final phase of weekly boss
her curse is the form in which we fight her in,Ohh and what is that black hole?
that might be her vision i also don't exzctly know,Wha- Ablack hole has vision is too op
which part of her kit is which power,Yaa true
well welt has a black hole in his cane,Tho maybe I guess I will have to play genshin somehow
cant really complain now,It's a divine weapon from hi3rd
and arlecchino is a descendent oh khanriah,It's the same welt has hi3rd's story. Tho idk how he got to the train
yeah i know,Yaa I heard she was made or sth right? P Out of the world?
ya something like that,She has cool lore
her name boss name is cinder of 2 worlds na,Oh I didn't paid attention to that
its like when children are born,I see
they are suppose to walk on hot rocks or lava or something,Tho all the holoverse game are connected so maybe hsr will come to genshin hopefully
yeah,?? What why?
its some kind of ritual,Ohh
to invite otherworldly soul or something,Interesting
that's why cinder of two worlds,And we just stumble upon tevat <This message was edited>
yeah god n god knows whats gonna happen the twins met they talked,Oh so time travel huh
and then they forgot about it,Or more like it exists on every time plane Yaa you told me that one
yeah,Interesting Tho it took them 3 years to meet
yeah in 5.0 characters can go upto 100 lvl more grinding,The traveler was like na I will just keep farming random stuff and not search for my sibling That's confirmed?
and hang out with other peoples sisters,Is 5.0 natlan?
ya mostly now yeah,Yaa
nat lan is coming in 2 months,Tho it would be mostly useless if no new talents And I don't think they will make new talent for all characters Or maybe only selected characters can be lvl100
they have to yaar,Like only traveler
ya like the ones with most significane in the story,Year? Isn't 5.0 natlan? Or region after that? So basically traveler since we don't have companies
they can do archons high ranked harbingers and members of hexenzirkle 5.0 is natlan,So how come a year? Won't it be realised this year?
no year re itll be released in 2 months,I hope it's not like desert
its gonna be hot,And better than that So basically dragonspine but for hot
yeah dragonspine was a headache to complete a fontain craftable sword is her 4* best,Nice Now have to find that
yeah,Btw if u want you can play with characters. If u wanna try out characters that is
you have nahida na,No I don't on this account
ohh,Is she needed for her? Yaa I lost that account
nahida fischl furina and chlorinde thats a good comp for quicken,Isn't that quickbloom?
ya that only im not that good with dendro,What's better? Quicken or other varient? Yaa I mean u haven't tried it right?
ya i havent,Yaa U can try yaoyao I think Tho I don't have any dendro builds
can be hyper carry or with dendro,What's hyper carry team?
ive also seen some overload teams chlorind is the only dps rest are supports,I mean yaa overload is good for electro due to the 4* girl
like raiden kazuha kujou sara and bennet,What supports? Furina kazuha bennet? Tho furina and kazuha in same team is just waste
they should work why?,Both do same thing Dmg % buff
then sara bennet and kaxuha,Yaa don't have kazuha 😅 Go with furina And give bennet healing goblet
alright,And Sara not build
you have to build her first,😂😂 Yaa How much dmg on lvl1? The mhcet results are out we have to do the excels in 2-3 days now
why the hell do you have only 4 comps at a time,😂😂
they are ?,That's all I need
i can set upto 10 i have 10 teams set,"I mean I haven't made more comps so it only shows the ones I have U can add comps I think, I got notification <This message was edited>"
got more 300 primos mail,Woah Check weapon pity If it's close pull or else leave it
no record,Yaa then forget it
its just 2 pulls,Not worth
alright,Just keep them be.
oh you have 2 standard pulls,😂😂
thats nice,Yaa
should i ......................,I only do 10 pulls since more interesting I mean sure. It's just standard banner pulls U will get more 5 from shop Since it's been shop reset
alright Your sara is lvl 20,😂😂 Yep not build The only PPL build are the ones I use
not even leveled,Maybe I should atleast lvl up all characters with 1-6-6 I mean free standard pull
chlorinde died,😅 I mean still lvl1 Well anyways I will go sleep
alright,If u want have fun in abyss.
ill give her some unused artifacts and try,U will see how easy it is to use neuvilate
alright,Abyss? That's some confidence
i wont get past floor 9,Try it out Let me know I will sleep
yepp,You can reach 12-3 if u are good
alright,Or atleast 11-3 -> 27 stars 11-3 is fix
alright,Ghost of teushima is Rs.4000? Woah
Yeah it's expensive send me the fees ka link na,https://ay24-25.mahafraportal.org/ssi_prp_23/outer.php?q=fee_search_report
thanks fees open wali dalni haina full fees,Fee ka pata nahi mujhe
to bharu ki nahi,Abhe ke liye rehene de. Group PE ek bar puch le
okkkkkkkkkkkkkkkkkkkkkkkkkkkkkkkkkkkkkkkkkkkkkkkkk,ooooooooooooooooooooooooooooooooooooooooooooook
ooooooooooooookkkkkkkkkkkkkkk,okokokokokokokokokokok
okokokokokokokok https://667045b2df01632b35f7a4eb--dev-assign-8-blog.netlify.app/homepage How's it now ? I cant let chlorinde sit like that either you take the account away from me or ill build her,😂😂 Go ahead build her then use her I don't have place on my laptop not mobile for genshin
Alright I will do so,You removed subtitle?
Subtitle ? Show,You had something written below the title right?
Why is it opening that way on your phone,Window view
Ohhh,Yaa
Yeah I removed it for smaller views,Laptop is currently busy
It's still there on laptop view,I see and what are other changes?
There aren't any major changes Just small ones Like the shadows are subtler And I did it mobile first and then pc I redid the entire css and it's 400 lines now,Nice
Yeah,What does search category do?
Nothing It's there to look pretty,Ok
Yeah,Subscribe part should be at top
Now I have to create a calculator using js,It's a e-commerce website na?
Yeah I know Naa Blob website Blog,Still subscribe should be at top. Since it's most important
Haaa It was given like that in the figma design,Isn't it a bottom drawer?
Bottom drawer ?,It will stay on bottom part of screen even if u scroll
Naa,Alright
It's not sticky,Sticky?
Yeah it will vanish if you scroll up,That's a weird name for component
Yeah it's a position type in css Sticky,I see
Yeah,Yeaaaaaaa I made my own repository yesterday It felt nice
On git ? I also want to but I don't know how,Yaa and push it on github You can learn from YouTube I did that too
Alright,Even you can see my repository of flutter Tho you need an account on github I think
I have a git account,Git or GitHub? <This message was edited>
Github,Wanna see my repository?
You know the expense tracker is very common now Yeah,Git and GitHub are different.
This one,Yaa I have seen it in basic projects
Yeah gotta change now,Yaa wait let me send you the link https://github.com/AmeyPacharkar1896/Flutter_Projects It's public
Alright Is there an mobile app for it ?,Tho you might get lost finding the code 😂😅 For GitHub? I think yes There is a app for GitHub
Yeah I downloaded,Ahh I see You can check the repository on website too
I forgot password,😂😂 Reset it
Yeah I did So What do I do I just see files and files and files,Go to any folder -> lib -> now you arein code area to That's just different projects
Yeah Many,Yaa . Then you can explore in code area Tho there might be folders which contain files of code
Yeah I did How do I play the game,You don't it doesn't run the program. You have to pull the project then run with flutter in your laptop It's for showing program and making codes together
Yeah Alright My lecture ended now I'll build chlorinde,You had a lecture?
Yeah,I thought you were free 😂
Sir was just solving kshitijs doubt,Go ahead send me the SS when you are done building her Oh nice
Yepp https://6671a2fabb98b6188192f7ca--assignment-9-dev-calc-bank.netlify.app/ try this It's an alert We can't change anything Just the question,You can't change the keyboard type?
Naa That can be done in html This is js,Don't just do what is told Make it better
Well We can't make any changes to an alert,Make a decent UI atleast
It's not possible It can't be changed!,Weakling
It depends on the browser,Is it compulsory to use alert?
Alert is an js function Well sir told us to make it completely in js,Why so many restrictions?
Will make a proper Calc using html css and js later When more functions are thought Cause this is pure js No use of html or css Well we need html page to run a js file but that's it,I see null
Kya hua ?,null
??,Sorry Mera recharge nahi he aur net Gaya tha
Achaa,Ha to cut ho gaya null
Haa now check it out the same link I changed it so that it works if you put operation or the number of the operation,It doesn't work
what doesn't work ?,If I put 1 it says invalid
wait https://assignment-9-dev-calc-bank.netlify.app/ try this,It works
and the previous problem ?,Btw the only way to get out of alert is to put 0 Cancel doesn't work
yeah I know,It takes me to next alert
yeah,😅
that's because that 0 ends the do while loop,Just let the man go. You don't have to trap him
naaa you have to go to the end,You can't put action on cancel?
nope I told you right,Then what's the use of it?
nothing cant be changed like on websites,Does it change due to html css?
when you delete a file or something it asks for confirmation or gives you a warning for something,Ya but their cancel works <This message was edited>
ives used 3 js funcs that's because its made to work that way,I see
in this program it wont go to the beginning until the loop ends or one operation is performed,I see
yeah,Well I will go sleep. Have to wake up before 6 I hope I wake up
yeah I  know call me when you wake up,At 5AM?
ill call you if I wake up yeah,Yaa good idea If I wake up for water. I will call you
wake the entire house up yeah,Well saiyonara Gn
gn,null graph ka photo he to bhej na
Nahi nikala,thanks 2nd ka options he?
Nhi Ek ka hi ss hai Question bhejna 2nd Thanks,Did you build chlorinde?
I started But I literally need to farm everything I got the sword though,The craftable one?
Yeah,Yaa my bad I don't think I had any resources
The boss is really annoying The electric seahorse,Oh that guy. He is easy if you run navia neuvilate furina and Bennet You just have to time alittle
Ohkk And her ascension mats are headache to collect,Navia is instant dmg whereas neuvi do E then CA then Q then CA Yaa I can see that
Okk The starfish,Search for a guide maybe and mark them Ah the starfish huh. I think I had collected a few
Well if you have chlorinde they just show up on the map,For someone
Neuvi,Yaa tho you can mark the spots
Yeah,Oh I see
I collected some,Nice
But I forgot to mark,😂
She is 40 And sword is 60,You can just follow a YT guide tho
Yeah I just did that yesterday,Nice Woah that's alot of progress for one day
I'll do it when they're re spawned,So 3 days later
You had most of the sword mats,Around 2-3 days That's nice
Just one thing is missing The domain wala mat The highest level wala,Well it will take few runs to get it
Yeah https://www.instagram.com/reel/C8CaKpqyS_A/?igsh=YW1iNHFzcW1ic2ww,😅
😂,Test Dena he. Reminder lagake rakh
Kabhi ? Konsa test?,Group PE thek 11 to 5 1 hr ka test he
Ye to 6 hrs hue,Time slot he
Okk Kal haina,Ajj 21june
Aaj ? To Kitne baje Dena Hai?,Kabhe bhe chalega in time slot
5 doc ke baad ?,Ha around 2 ya 3 Tu copy nahi sakta lekin
Kaise ?,Likha he padh le
Acha thikke Log fir bhi copy karneka tareeka nikalenge Kuch Matlab nahi hai ye test ka,Saihe
Haa Mera test hi Pura nahi hua Submit ho gaya,Mujhe Dena he
5 baje tak hi time hai,Ha
Gaya,Thekta hu
Haa,Kiske bareme he?
Aptitude aur programs Maine 10 12 aptitude aur 25 26 programs solve kiye Total 60 questions hai 32 aptitude ke 28 programs ke,Full time hoga mujhe Ok
Full time ?,1hr
12 minutes bache hai Mera 20 minutes baki tha jab Mera band hua,Are it is for start of test I hope
3 baar tab switch karega to test auto submit Hota hai Yaa,Negative marking he?
Nhi,Yaai can give exam for the next hour It was just start of exam
Ohokk,Ye kya he? Karna he kya?
Pata nhi Aise hi dala your glad artifacts are shit,😂😂
none rolled into crit,I don't keep glad sadly
i have to farm domain now,Wait you are not in meeting?
im not im not a coordinator,Sir was talking There are PPL who are not coordinators
oh i didn't know,I didn't realised you weren't there
i was there at first then sir said sab coordinators kahape hai then i left,Yaa now it's over
6.30 apti ?,Web ka kabhe he?
4.30,To? Chalega ha sir bolle
def,def?
it always rolls def,😂😂 yaa that's artifact life
my all luck got finished in getting chlorinde,You will get it There was no luck it was on soft pity with guarented
19.4 cd 3.1 cr,Decent piece
flower yeah,Lower decent piece
hp is 13.4 % hp good ?,Idk regarding chlorinde
21.8 cd 3.9 cr plume do you not have any cd circlets,I think I have some
All useless I farmed that domain and only got 2 decent pieces The ones I told you about I don't even have pieces like those for my arlecchino <This message was edited>,how bad is your aartifact luck?
damn bad ive been farming for arkecchinos artifact since her release and ive gotten only 2 ok pieces i still need a circlet and a plume,Artifact are real pain to farm Tho the only way is to keep farming Did you max her ascension and weapon lvl?
Na She's at 60 And weapon at 80,Isn't it waste then to farm artifact?
I already created condensed resin And there is 2x bonus for returning player going on 2 days ago I used rest of the resin on the boss,Yaa then go for talents no artifact
alright,Artifact are last thing to farm resin wise Since you might never get good artifact
Ya you don't have any talent mats The talents are all 2,But talent lvl is always dmg increase
Her current is 50 179,Yaa Cd circlet?
At lvl 90 it'll be 59 179 Cr cd ratio,??
. 50 cr Oh ya,What is her circlet? The last artifact piece? <This message was edited> Cr or cd?
Her ascension stat is cr Cd,Cr sub?
6.6 cr,Yaa change to Cr circlet 59 is bad
Ya but with cr its 80 130,80:130 is better
Is it,More consistent crt hits
Alright,Yep What is the sub on sword?
Atk,Fontaine craftable na?
Yeah,That's a good sword
Yeah,Free 25% BoL
It has bol Yeah,And she works with skills
Yeah,Is it her best 4*?
Skill 3xna and skill Yeah,Nice
We can give her iron sting if it's an em based tram,E 6[N3E] Yaa the whole atk combo So dendro
Yeah,Nice
Her most teams are with dendro Fischl clorinde kazuha nahida,Nice I don't have nahida nor kazuha <This message was edited>
Yeah,Maybe will go for nahida when she comes back
And fischl not built Yeah,Yaa I mean she does her job
Yeah just for the buff Apply and swirl,Yep
Sucrose should work inplace of kazuha,Tho when furina even that is not needed I mean just use furina
Yeah your furina is 90,Oh tho you need healer Does chlorinde heal?
Yeah Only herself When we use skill in her skill state,Yaa that might be not enough to be worth over kazuha Will have to see
Yeah,Oh well I can just run her in other team How is the new theater thing? Good?
Not yet tried I've been playing Minecraft,😅 You have lecture na?
Yeah,Later
Yepp,really? then how do you start java
Gotta try,sure let me know
I'll have to update my java,true me too
Yeah,Kya bataya sir ne?
Wohi sab Aptitude access dangerous coordinators ko Aur extra kuch baccho ko,Kya? <This message was edited>
Aptitude ke notes ka,samjha nahi. coordinators ko dangerous kya he?
Coordinators ko aptitude ke notes ka access dengr Denge,ah acha to galti mat karo ase?
Haa,samja samja
Haa Try crtl alt shift windows and L on your laptop keyboard It should open linkedin,oh nice follow up ko aja
Haa,abhe
Bahar hu mai,chalega join kar esa vahapehe tent banake follow up ko aja
Ha karta hu,aja
Nahi,😂😂
Abhi 5doc ?,nahi re
To ? 11.30 na,ha
Okk,vo message confusing he kya?
Ha lag raha hai ki abhi call karne nol raha hai tu,I said sessions tho...
Change mat Kar Rehene de,abhe?
Ha abhi thikke,chalega
Ha,thanku
Haaa,https://pokerogue.net/ ye try kar bohot hard game he
Gba ?,me floor 30 ya 40 tak he ja paya web game
Acha Karta hu,ha
Khelta hu,ha simulated universe jesa he
Acha,Tu konse kele khata he?
Normal wale 22,22?
Level,Saire you are good at it My first run I died on 6
Oh,Yaa
I thought it was easy till 20,Yaa
I got killed by a dracozolt,Btw power up moves are broken
1 shot all my pokemon Are they I didn't get any,The power up is there for the 10 lvl thingy
And I didn't catch any just zoom through with 3 starters Ohhh,So from 1-10 you will have that power up if you used it on floor1
Ohok,After 10floor it will be reset and u will be healed
Yaa Every 10th floor heals,So now I just spam torch flame and get sp atk buff then do flamethrower Yaa with either boss battle or gym leader I am at 40+ now
Damn I didn't  getany gym leaderd,Ya it like on 20th or 30th Then after every 20 floor one gym leader
ohhh,Yaa and catch Pokemon they are helpful while piviting And there are some good mons too you can get
ohkk,Yaa
I chose Charmander sprigato and froakie in the start,And a little hint. Catch atleast one fairy type. It's a must
yeah I got busted by a dragon type,"Yaa I got the grass type from sihno, froakie and the fire type from sprigato region"
ohh fire type of spirigato region is good,Yaa and i got his signature move which boosts sp atk
his final form is ghost and fire,Yaa
hes super good in competitive battles,He is good due to set up move been atk move as well Yaa
yeah I got a favonious sword,after how long? 3 years?
Yeah https://assign-10-bankapp.netlify.app/ any ui idea ?,Dribble pe search kar ui
Does it work ?,I had put 1100 first then 1234 it appended instead of adding i cant deposite twice it removes my previous deposite and puts my new deposite in balance
Alright I'll change that My xingqui broken,Vap
yeah he did more dmg than my arlecchino even my raiden got good she does 120k now,Thats the power of xingyui
yeah and in her burst state raiden does 20k to 30k I have to upgrade that her talent is only 6,It will be around 35k ig
Yeah Gotta upgrade,Yep
I heard that ascending to level 100 will require mats from spiral abyss saw somewhere,well that's something hopefully it is good
yeah it should be Dhundh 2 aur logo ko,Ha
ha tu dhundh Rizvi ko puch sakte hai 4th ? kartikey ko nahi puchna,Thekte he
okk So I heard the game is more optimized now How is it ?,Idk I haven't played for week
Yeah same I saw somewhere that the difference is noticeable on low end devices,Will try then
Yeah,I lagged alot for me so I stopped playing
Ohh Try now,Downloading the update 1.1
Yeah It's 9 gb on the phone,21 on laptop The game became too big on 1.1
Turn off the fsr in graphics settings if you still have issues Damn It's 13 gb overall Your brother made this ?,😂😂 He won't even understand what that is
Then who ?,Idk a random kid on internet
Oh,Tho it's good humor Tho it's dark
Mass genocide what was the game you were telling me,which game
The one you were telling me to play,This one?
Noo Some oc game Pc,Web game? Or sekiro?
Yeah this,Yep Sekiro
Yeah,Why you are buying it?
I wanted to try it Na I'll see it it's for free somewhere,How are you gonna try it? Alright
Yeah,Wuthering waves is alot smoother tho loading takes alittle while <This message was edited> Still gameplay is little bit smoother
Oh is it My phone still gets too hot,Yaa heating is there For me as well
Yeah,Mela kya free?
Nhi Ek bhi nahi chala,tu ek try kar sathe he make a stream account
Haa,you can play for 2 hr and then return the game
Ohkk I'll try that,total refund
Okk,complete tho it should be less than 2hrs on that stream account ek  bar check kar if it is stream or epic games I am 99% sure its stream tho just in case
Haaa I'll check I cant take honors the google form only has permission to college ids and I don't know my college id ka password,Mentor ke sir ko call karke puch
Puchu ?,Honors lens he kya?
Kantala aa raha hai Extra padhna padega,To puch Varma rehene de
Extra lecture Sab extra Tu le raha hai ?,Chod Jane de. Nahi le Raha
Nahi Lena na fir Thikke 👍,Ha Me bhe ajj bhar deta hu
Haa I got my college id back,Nice
Yaa mera ho gaya i didn't submit any new documents,Chalega me dekta hu
haa tell me we can go together then,Where?
to college,Kyu?
we have to go to college to pay fees to account section,We can't do it online?
ya,Or for receipt?
it didn't show me an option,Ok Thikhe
haa,Jate he
haa,now?
"#include <iostream> using namespace std; class Login{ public: int admin(){ int count = 0; string password; cout<<""Welcome Dealer \nPlease Enter your password""<<endl; cin>>password; if(password == ""password""){ return 1; } else{ while(count != 2){ cout<<""Enter password again""<<endl; cin>>password; if(password==""password"") return 1; else{ count++; } } if(count == 2) return 0; } return 0; } }; class dataSet{ public: string model; string brand; int top_speed; int model_no; int price; void inputData(){ int count =0; cout<<""Car no.""<<(count+1)<<endl; cout << ""enter Car model""<<endl; cin >> model; cout << ""enter Car brand""<<endl; cin >> brand; cout << ""enter Car top speed""<<endl; cin >> top_speed; cout << ""enter Car model no""<<endl; cin >> model_no; cout << ""enter Car Price""<<endl; cin >> price; } void getData(){ cout << ""Model:""<<model <<""\nBrand: ""<<brand<<""\nTop Speed: ""<<top_speed<<""\nModel No:""<<model_no<<""\nPrice:""<<price<<""\n""<<endl; } int findCar(int index,string find_model){ if(model == find_model) return index; else return 0; } }; class User:public dataSet{ public: int n=0,no_of_cars=0,option; dataSet cars[10]; int admin(){ do{ cout<<""Welcome to Janta Car dealers\nWhat would you like to do ?""<<endl; cout<<"".1)Enter car details \n.2)Show car details \n.3)Exit""<<endl; cin>>option; switch(option){ case 1: cout<< ""You can enter upto ""<< (10-no_of_cars)<<"" cars.\nHow many cars do you want to enter ?""<<endl; cin >> n; no_of_cars +=n; for(int i = 0;i<n;i++){ cars[i].inputData(); } break; case 2: cout<<""The car details are\n""<<endl; for(int i = 0;i <n;i++){ cout<<""Car ""<<(i+1)<<""\n""<<endl; cars[i].getData(); } break; case 3: return 0; } }while(n!=3); } int client(){ int index; string find_model; do{ cout<<""Welcome to Janta Car client\nWhat would you like to do ?""<<endl; cout<<"".1)Show car details \n.2)Find a car \n.3)Exit""<<endl; cin>>option; switch(option){ case 1: cout<<""The car details are\n""<<endl; for(int i = 0;i <n;i++){ cout<<""Car ""<<(i+1)<<""\n""<<endl; cars[i].getData(); } break; case 2: cout<<""Enter the model of the car you want to find :""<<endl; cin>>find_model; for(int i = 0;i <n;i++){ index = cars[i].findCar(i,find_model); } if(index!=0){ cout<<""Car available""<<endl; cout << ""Model:""<<cars[index].model <<""\nBrand: ""<<cars[index].brand<<""\nTop Speed: ""<<cars[index].top_speed<<""\nModel No:""<<cars[index].model_no<<""\nPrice:""<<cars[index].price<<""\n""<<endl; } else cout<<""Car not available""<<endl; break; case 3: return 0; } }while(option != 3); } }; int main(){ int choice=0,user; Login login; User userEntry; do{ cout<<""Welcome to Janta Garage\nAre you the Dearler or the client ? ""<<endl; cout<<"".1)Dealer \n.2)Client \n.3)Exit""<<endl; cin>>choice; switch(choice){ case 1: user = login.admin(); break; case 2: user = 2; break; } if(user == 0){ cout<<""Sorry unauthorized user""<<endl; continue; } else if(user == 1) user = userEntry.admin(); else if(user == 2) user = userEntry.client(); else continue; }while(choice!=3); return 0; } try this out hua ye tera ?",saihe
yall can take this as the first mini project only used classes and objects and inheritance just for name sake,Tera semister details me kya he? Anything after sem1?
nothing tera ? sem 1 ke niche parents details hai,Mujhe sem ka dalna he pada
Dalna pada ? Mujhe kuch nahi pucha isne,Ha abhe?
Final submit ho gaya na Thodi Der me print form ka option aayega,chalega thik he
Haa,kal jatehe college
Haa Subhe jaldi hi jaate hai,chalega
Mujhe saare result bhejna Print leke aata hu just incase,chalega aur fee kese barna he?
Kal accounts section me jaake puchna padega,thikhe
Haa Send me the results na Of all 3 senms Sems 👍 https://www.antiragging.in/affidavit_affiliated_form.php https://antiragging.in/undertaking_request.php,You deleted this message
👍,aur kuch?
Admission form?,👍
Okk,👍
👍,🌅🤷‍♂
9.00,🕘
🕘,🥱
🕶,🛌💤
💤 😴,🌅
??,👍
👍,null
124680 She's riding a damn shark !!,who is she??
Natlan character New See the trailer,cool maybe later I am tired
Yeah,i came just nw
Ohkk,yaa
Yaa Take rest,i thought it was WuW
Naaa It's genshin,chiranjive bhaiya mile the wo bhe the
Ohhh Nicee,jai ko web ka bata rahe the me bhe sun raha tha
Achaa,tumara ui bada detailed he
Haaa,kitna kuch change kar racte ho
Ha karna padhta hai,har ek detail sai  he
Ha copy karna hoga to aur bhi seer dard,jai unke project ke bareme puch raha tha
Achaa Habit tracker ?,aur phir uska assignment ka ha
Okk,sabko same he kya?
Haaa,tu difference kya ho ga?
Sab apne hisaab se banayenge na Kisika kuch alag Ho sakta hai,acha tera pair kon he/
Vaishnavi karke hai na Java me bhi thi,acha vo vunse baat kiya? kese karne wale ho?
Nahi kiya Maine thoda ui pr kaam chalu kiya par,baat karle
Haa Karna padega,late me gadbad mat karna
Haaa,me abhe Naruto thekta hu chal phir
Haa Chal,10tail final form
Ohhh Almost end,mujhe college ke pehele khatam karna tha lekin me nerul gaya na to nahi hua
Ho jaayega the newnfirst year syllabus https://bank-app-v2-assign.netlify.app/,saihe coding sab first year me after canceling buy in credit card
Okk Haa re https://bank-app-v3.netlify.app/ any changes I can make ? except for the conditions for varions functions anything else ?,Nicely done
Is it ?,Not really but better than last time The addition of current balance is good UX
Yeah Everything is on screen now Not done through prompts Js is fun as long as you know what you're doing I was getting happy when my buttons were working,Yaa I know the feeling Yaa that's true for everything
Yeah I updated it Is sir gonna join today's lecture ? ek college me 3 computer science and engineering kaise ????,Batches kese he? Kuch pdf nahi aya he batchales ke liye? Ki same he?
Jo pehele ke batches the waise hi jana hai Jabtak wo kuch bhejte nahi,Chalega Hamara konsa batch he?
"C https://qa.sih.gov.in/sih2022PS?technology_bucket=QWxs&category=U29mdHdhcmU=&organization=QWxs&organization_type=QWxs https://vedas.sac.gov.in/en/sih2022.html Portal to know about various National and International scholarships Online integrated platform for projects taken up by the students of various universities/colleges. 5 6 E-commerce for Artisans 8 https://rapid.imd.gov.in/r2v/ no To find the possibility of imaging a particular object/place (lat-long) on Earth by an Earth observing satellite with given sensor specifications, orbit, attitude definitions. For datasets and additional information, please visit https://vedas.sac.gov.in/en/sih2022.html for Amey Controlling Screen time for Children 17 There is a need to create an engaging, supportive alumni network which is crucial to an institutions /organizations success. Currently, there is no mechanism for the Directorate to keep a track of the trainees passing out year by year."" 18 Development of an app/software for tracking dual use chemicals (chemicals that have legit uses and when diverted become precursors to major drugs)from their manufacture to end use. Need to have proper app and software to collate and maintain this data with proper data mining facilities. We should also have utilities in generating crucial report. 20 1)	Portal to know about various National and International scholarships – 5 2)	Online integrated platform for projects taken up by the students of various universities/colleges.- 6 3)	E-commerce for Artisans – 8 4)	Controlling Screen time for Children – 17 5)	There is a need to create an engaging, supportive alumni network which is crucial to an institutions /organizations success. Currently, there is no mechanism for the Directorate to keep a track of the trainees passing out year by year."" – 18 6)	Development of an app/software for tracking dual use chemicals (chemicals that have legit uses and when diverted become precursors to major drugs)from their manufacture to end use. Need to have proper app and software to collate and maintain this data with proper data mining facilities. We should also have utilities in generating crucial report. – 20 I've sent you an email Check",Pata he 😂😂 Change nahi kar sathe
I used my phone ka photo ha nahi kar sakte check out the entire site once all the rounds and opportunities details are given there and lets also talk to sir later about this,Chalega
Haa,coding club ka bhe bharte he
Haa,Bhar de form
Tune bhara ?,Ha Basic info he
Organizing committee nahi na ?,Lena he to le Mene nahi liya
Na myjhe nahi Lena Okk,Thikhe
Haa Isnt this too small for a resume,Idk maybe
I'm submitting this only Not gonna change again Oh ya I made a linked in account,nice I will try later
yeah This message was deleted Se ka prerequisite test,😅
Kya hua ? Call Kiya?,Ha kal kya kya Lana he?
3rd sem ke mark sheet ka xerox Mera bhi leke aa,Ah mene le liya he Xerox kabhe ham admission form ke Xerox la rahe the
Extra ?,Ha
Okk Mai Kal college me le lunga,chalega ye kiska he? link?
Group pe dala hoga mam be Ne Abhi deactivate kar diya hoga,acha ma'am ko kal bolla padega
Haa Questions ache the,ye tera he?
Haa,sai he
Ah so yesterday I was making a search bar right i explored some string functions today and tried it again guess how many lines it became,How many?
12,That reduced quite a lot
Yeah it did There's an includes function,Thought so
Which checks wether a substring is present or not So check the lower or upper case And it's accurate,That would be better way I think to do searching
Yeah it is And we can add new options too,Ya I found out about search for myself as well. It got more better
Yeah That's good Cv ?,karna he
Konsa link use karega bata Iske liye konsa use Kiya?,livecareer then i took ss
Okk,"*Login Process* 1. Visit the link: https://lms.vppcoe.getflytechnologies.com 2. Enter your credentials i. e. username and password. Username is your Student ID (ex. VU1S2123456) Password is Vpp_12345 After putting above password you will forced to change password. 3. Login Ensure you have your correct login credentials. And confirm that you are enrolled in the relevant courses on Moodle. If you notice any discrepancies, fill the form here https://forms.gle/fCYjuXrUVBCx7dEx5 *Wishing you a successful and enriching semester ahead!* Jo Nevillete ka nerf tha na vo ek check tha. If player base will mind if they nerf characters for PPL to pull more strong characters (more money). If cn had not done anything it would have been done for every character"
Thanks,Rs.50
Paid Rs. 50 to Amey Vpp,PESA Mila nahi Gadbad ho gaya
Wo Maine bhej diya Abh tu dekh le,Tera PESA geya lekin
Gaya,...
Aa jaayega and 300 css https://bank-app-v4.netlify.app/ admin 123456,is that bad UX it just looks like submit doesnt work give a alert for wrong password atleast
Yeah I got fed up so I left it at that,pay bill don't work
The limit does not go up right That's how it is,Let the user know what is happening I thought it doesn't work
I mean If you pay the credit card bill the limit does not increase It gets reset by the end of the month,I see I thought it doesn't work since it didn't showed any changes
Ya but I reset ot once all money is over And you've paid all the bill Everything works it's not 260 lines of js just like that I was up till 2 doing this I need to improve the ui and change some small things though,You can let the user know tho
Yeah I will I GOT QIQI,You deleted this message https://youtu.be/HwTR4gTEwzw?si=QZeCwvP_j_oDPaHo
i have c5 qiqi now,*6
whoa the song touched my heart,ikr it shows your pain really well
yeah it does i would have preferred jean or nilou,why niluo? u don't use dendro right?
yeah vaporize,vaup? vapu?
yeah,nice\
i did that binary search ascending and descending,saihe kese kiya?
ek operator badal diya par recursion me nahi ho raha abhi,acha saihe
Make your resume like this,kese kiya?
Word me,ye convert kar sathe he kya?
Format bhejta hu Word ne Pura type kiya maine Copy paste kardena Wo format me,photo he mujhe type karna padega
karde fir sab same hai koi bhi lele,typed kiya hua kahase liya he?
google pe Microsoft word resume template search kiya to mil gaya,acha saihe
Haa,karta hu me
Ha chalega,isRight ? color.white : color.red
Call utha Abe null,Ground floor
null,null
hi,Hello
soja,Ok
OK now try the website its finally done now,I will send this to all 3rd year PPL who are doing Android Ke rehene do?
alright karde mai web walo ko bhejta hu,Abhe ke liye matt dal
Hum Bana late hai pehele,Ha You deleted this message Rizvi ko bhejnahe ki group pe?
Rizi ko bhejde Pdf banake bhej Thoda to change karta,Change Kiya nahi he?
Sab sentences same hai,Change Kiya he. App ke bare me likha he First line same he change kar deta hu
Language to change karta,Languages? Coding ke to same rahengena
Nhi re Grammer,Ha chat gpt karta hu
Haa,Chalega
Ha chalega,usme sirf reference link dal diye GitHub aur linkin ke
Haa,Cool. Let's go
Yeah I know right,Wait you got the weapon too Lucky?
Yeah 40 pity for weapon And 70 something for changli 50/50 won,Cool Have fun You are gonna go for cons? Or save for future character? <This message was edited>
Naaa Empty or astrite,Ok
bada ho gaya na,ha
edit karu ?,It’s should be less than 60 secs Keep your frame at the beginning for 10-15 secs then share screen sir ka message
okk see its still bigger,kam kar time ko
abhi dekh,explain mat kar
wapis banau ?,code thikha aur phir ye uska output he karke website theka
now see,jandu code aur output kon dikha yega?
are shit,tune important part nikalke dusara rakh diya
abhi dekh,kispe video bana raha he?
laptop camo use karke,bohot sara 'so'
chod re baki sab thik hai na,ha sir ko message dal de
tune kiya ?,ha mera 3min ka he abhe android kar raha hu
"aur tu mujhe chota karne bo, raha hai tu karega na chota",ha re mene thekga bhe nahi mera avaj mujhese nahi saha tu thekle aur bata
ha acha hai par bohot bada hai,pura thekha?
aadha,mera esa avag he kya? tumare liye?
thoda alag hai alag hai thoda final ?,Ha last me devansh bhe agaya
chod wo sir cut karwadenge sach sabko kadwa kyu lagta hai ? iska contact us better hai ye website me itna animation hai na load hone bhi time le raha hai,tu kiske bareme complain kar raha he?
haa itna sara animation bhi nahi chahiye,? ye kya bol raha he
basically fir hum sab components udher se hi le rahe hai ye maine dala group pe uske bare me uske baad kisika reply hi nahi aaya,chodde. sab khudke duniya me he ham bhe
ha wohi ha 😂 koi systematically kam hi nahi karega,kohibhe soch nahi raha he. all are in their own world of egos. cant help it since no one has worked in team nor in actual work environment
yeah true,nor do teachers have any idea how to run a consultance\
yeah sir se baat karte hai meeting ke baad aur tpo ke bare me bhi,ha
haa,me abhe ui karta hu badme video banata hu
Haa,chal phir
Chalse Chal never tell ai to create a video like that,ok
https://www.instagram.com/reel/C8XBBRZuyOz/?igsh=MW00YXpiYmMzaTdoOA== https://jsonplaceholder.typicode.com/posts/ http://www.linkedin.com/premium/redeem/gift?_ed=reXgwRZI7t5QC-pB3pXblIwOwq&mcid=7185883047605547008 https://twitter-mobile-clone-v1.netlify.app/ ive only made it for mobile ill update it later boll ??,kya bollu?
Kaisa hai,ekdam badeya tu kyasa he?
"Mast create table Sales_Fact_Table(time_key varchar(20) foreign key references Time(time_key), branch_id varchar(20) foreign key references Branch(branch_id), item_key varchar(20) foreign key references Item(item_key),location_id varchar(20) foreign key references Location(location_id));","CREATE TABLE Sales_Fact_Table ( time_key VARCHAR(20), branch_id VARCHAR(20), item_key VARCHAR(20), location_id VARCHAR(20), FOREIGN KEY (time_key) REFERENCES Time(time_key), FOREIGN KEY (branch_id) REFERENCES Branch(branch_id), FOREIGN KEY (item_key) REFERENCES Item(item_key), FOREIGN KEY (location_id) REFERENCES Location(location_id) ); https://dummyjson.com/recipes"
I have touched 500 lines in css,🤟
https://twitter-ripoff-mobile-v1.netlify.app/ try,Acha he Lekin ekbar side bar open Kiya to close nahi ho raha he
Hota hai Side me click kar,Nahi ho raha he
Mera ho raha hai,pata nahi phir acha he tera cover letter bhej na
Ha ruk,itna bada likhana he?
Pata nhi,harshit ka thek alag he
Jayada bada bhi nahi chahiye Abhi wo Kaine Bana diya Mujhe change nahi karna Pages leke aana,mere pas nahi he
Thikke,khatam ho gaye kal
Haa 750 lines js 330 lines and html 120 lines,Might as well reach 1k
the total count is 1200,Na reach 1k on css Your first 1k milestone
well if I add more features i can reach it,Go for it Btw we have to take print out of cn practice 1 and study it as well don't forget
Yeah Ask balkhande sir if we have to do it tomorrow ? The presentation null null and if we have to give the presentation all 6 of us will give or in groups of 3 https://drive.google.com/file/d/1CixjFjJaHrZaVEXpxQL6_g2Y6kJpwFTJ/view?usp=drivesdk Free apis to use,Thanks
Yeah,Kal kitne bhaje araha he?
9 baje na,Me sune ja raha hu abhe. Message aya he kya?
haa 9 baje ka,Kaha pe?
college,Mene balkhande sir ko puche. Vo bole 9 ko ajao Pata nahi kaha pe he college ke group PE Me abhe sone ja raha hu.
haaa,Chal gn
"ha chal gn #include <iostream> using namespace std; class Login{ public: int admin(){ int count = 0; string password; cout<<""Welcome Dealer \nPlease Enter your password""<<endl; cin>>password; if(password == ""password""){ return 1; } else{ while(count != 2){ cout<<""Enter password again""<<endl; cin>>password; if(password==""password"") return 1; else{ count++; } } if(count == 2) return 0; } return 0; } }; class dataSet{ public: string model; string brand; int top_speed; int model_no; int price; void inputData(){ int count =0; cout<<""Car no.""<<(count+1)<<endl; cout << ""enter Car model""<<endl; cin >> model; cout << ""enter Car brand""<<endl; cin >> brand; cout << ""enter Car top speed""<<endl; cin >> top_speed; cout << ""enter Car model no""<<endl; cin >> model_no; cout << ""enter Car Price""<<endl; cin >> price; } void getData(){ cout << ""Model:""<<model <<""\nBrand: ""<<brand<<""\nTop Speed: ""<<top_speed<<""\nModel No:""<<model_no<<""\nPrice:""<<price<<""\n""<<endl; } int findCar(int index,string find_model){ if(model == find_model) return index; else return 0; } }; class User:public dataSet{ public: int n=0,no_of_cars=0,option; dataSet cars[10]; int admin(){ do{ cout<<""Welcome to Janta Car dealers\nWhat would you like to do ?""<<endl; cout<<"".1)Enter car details \n.2)Show car details \n.3)Exit""<<endl; cin>>option; switch(option){ case 1: cout<< ""You can enter upto ""<< (10-no_of_cars)<<"" cars.\nHow many cars do you want to enter ?""<<endl; cin >> n; no_of_cars +=n; for(int i = 0;i<n;i++){ cars[i].inputData(); } break; case 2: cout<<""The car details are\n""<<endl; for(int i = 0;i <n;i++){ cout<<""Car ""<<(i+1)<<""\n""<<endl; cars[i].getData(); } break; case 3: return 0; } }while(n!=3); } int client(){ int index; string find_model; do{ cout<<""Welcome to Janta Car client\nWhat would you like to do ?""<<endl; cout<<"".1)Show car details \n.2)Find a car \n.3)Exit""<<endl; cin>>option; switch(option){ case 1: cout<<""The car details are\n""<<endl; for(int i = 0;i <n;i++){ cout<<""Car ""<<(i+1)<<""\n""<<endl; cars[i].getData(); } break; case 2: cout<<""Enter the model of the car you want to find :""<<endl; cin>>find_model; for(int i = 0;i <n;i++){ index = cars[i].findCar(i,find_model); } if(index!=0){ cout<<""Car available""<<endl; cout << ""Model:""<<cars[index].model <<""\nBrand: ""<<cars[index].brand<<""\nTop Speed: ""<<cars[index].top_speed<<""\nModel No:""<<cars[index].model_no<<""\nPrice:""<<cars[index].price<<""\n""<<endl; } else cout<<""Car not available""<<endl; break; case 3: return 0; } }while(option != 3); } }; int main(){ int choice=0,user; Login login; User userEntry; do{ cout<<""Welcome to Janta Garage\nAre you the Dearler or the client ? ""<<endl; cout<<"".1)Dealer \n.2)Client \n.3)Exit""<<endl; cin>>choice; switch(choice){ case 1: user = login.admin(); break; case 2: user = 2; break; } if(user == 0){ cout<<""Sorry unauthorized user""<<endl; continue; } else if(user == 1) user = userEntry.admin(); else if(user == 2) user = userEntry.client(); else continue; }while(choice!=3); return 0; }",Call kar abhe
Pranav ma class hai Kal 10.30 ko Ka* https://onlinecourses.nptel.ac.in/noc24_cs94/preview https://github.com/devanshmayatra/L3PP https://pokedex-ripoff-v1.netlify.app/ Password?,123456 it has both
Ohhh Nucee,I cant show you input since I have made it so that user cant log out traped
Totally,😂😂
Make the project now,yehe project tha 😂😂 last time itnahe liya sir ne me add karne wala hu <This message was edited>
Ha kya,ha
Still haven't finished mine,me abhe thekta hu host karke
Haa,agar hua to majane life
Haaaa,it needs money
Paisa?,ha
Bharde,😂😂
Karde,thik he are it requires PowerShell permissions I don't think I wanna do that just yet without asking sir
ohhhh ya rather than messing up waiting is better https://pokedex-ripoff-v1.netlify.app/ Try now,Yaa Woah nice
You can scroll on the stats There are abilities underneath,Ha theka
haaa  I have to design it better though,DWM ke printout ka word file bana dega kya mera bhe? Me bhul gaya.
maine bhi nahi banaya,Ha commands ka screenshot aur vo draw.io ka banana he banale devansh
diagram bhi banana padega wo banake bhej,mera lecture he isleye tujhe bola
uske baad bana,12 baje?
haa dekhta hu mera jaldi bana to tera bhi bana dunga,me nindmehu
ok,chalega. hamara same tha na? db?
haa,tu same he hoga na diagram?
haa thoda idher udher kar dunga,chalega aur screenshot ka bhe karna he invert karke dalde word pe
db ka bhej tu mujhe ss pokedex-ripoff-v1.netlify.app,lecture ke bad bheju>
haa,chal thik he tu  tujhe bhe kyu bheju? me he na bana deta? ratk ko banake bhejta hu
db banake ss bhej,db uss din banaya tha yaad he?
Haa,hamare laptop me he banaya tha
Areee tera dB tere laptop me hai na,ahh same tha na?
Wo humne ek hi schema ka banaya tha Galaxy schema ka baki hai Banana,galaxy schema?
Dusra wala schema,dusara wala?
Haa,thk he
Haa,write up bhe likhana he
Are haa,2 experiment ka
haa ek diagrams wala ek db wala,ha
haa,haaa
snowflake schema banana hai na ?,Ha Me nahi kar raha abhe kuch. Sone ja raha hu
To fir ?,Hua to bhej de. Varna me subhe thekta hu Ya phir college me
Diagrams ka kar dunga,Thikhe chalega Thanks Write up likha?
Nhi likha,College me thekte he
Haaa https://pokeapi.co/api/v2/pokemon https://repository-images.githubusercontent.com/268501098/50008280-a449-11ea-8f5d-68347e775dbb,kya  padhana he apti ke test ke liye?
Sir ke notes,3 topics pe?
Ha Phod denge,code bhe rahenge?
Haaa Leetcode ke,Round 1: Quantitative Aptitude test yisme code nahi hote na?
Hote haina Aptitude me dono aata hai,thik he thekta he kal
Haa,bce ka kya karna he?
Are ha First practical hi hua haina To bas Ishika print nikalna hai Aur check karana hai,me konsa karu project ka ppt?
Random koi bhi lele Tune wo app banaya tha na Eggs wagera wala Wo daalde Mai food ordering Bana raha hu One stop repair service thoda Acha ho jaayega,Thikhe
haa,Me kya karne wala tha?
tera wo app,Products ka?
haa,Thikhe
ha,Call kar
Write me a code that only works once a week or once a month Any language,Alright
I fucked up big time,What's up.
You remember how I created that site for aarya,Ah
Ya I pushed that to git repo too,😂😂
The files for it And it had aaryas pictures,You can remove a push right?
And I sent the gits link to the group I deleted ot now And committed again,Yaa then hope no one saw it Especially sir or bhaiya
Yeah I realized it now,Well change the location for that file instead of your L3PP file What?
Yeah I changed that That I had that on my repo too,Atleast you realised it
Yeah,Love you devansh Kal ana sky follow ke liye
Dar gaya Mai ek second ke liye Ha Kal aaunga Sir wo internship ke baare me bhi baat karne wale haina,Chalega Aur sir ko video bhej
Bhejdiya Kabka,Chalega araha he na? chalu nahi hua he abtak aja
Meeting me hi hu,Acha Theka nahi
Haa,Internship ka kya kiya?
Bhara nahi Tune bhara ? Apne college ka naam hi nahi aa raha,Mujhe Milla nahi
Samajh nahi aa raha kaise bhai Bhare,Ha same
Infosys springboard internship search kar,Ha mene Kiya register aur log in
Haa,Lekin usme web wagere ke courses he Ai bhe he
Ruk meko bata,Mene nahi Kiya he abhe
yehi haina,Ha vasantdada dal diya Ha
okk Affiliation mu na ? Address kaise dala https://devansh-assign.netlify.app/ /ke aage mere git hup ke repo ke folder ka naam laga de koi bhi wo site open ho jaayega jaga hai kya,Soya tha me
Nice,Kyu re kya hua? 2.30 ko kon jaga reheta he? Ma'am agaye
Haa Mai 309 me hu Send me today's cn ka notes,Ajj last din he for week1&2 assignment
Haa College me solve karte hai,Leuat hoga mujhe
Kyu,Leuat nikala <This message was edited> To bus bhe leuat milegi <This message was edited>
Thikke,Aur phir leuat huaga
Ha,devansh assignment kar nptl ka
2nd walw ka answer bhej 0 aur 1 ho gaya,mene nahi kiya he abhe bahar hu ghar jake karna padega
bhej fir karega tabh,0 aur 1 k bhej phir
ha,tune videos theke?
nhi,ok
mere mark kiye hue answers udd gaye submit karne ke baad,thik he karta hu me
1 wala hai 0 ka nahi dikh raha,hanks thanks
lekin sare right hai ki nahi pata nahi unke notes me se jo mila wo dala maine,Chalega Sir ne cut Kiya Rukh ne bola he
okk chalega kabhi karna hai ?,karte he 1 min me
haa Isn't this cool,Yaa it is
Yeah I just tried it,It's nice If I may add ....
Yeah go on,"Onces it goes up put a text inside the textfield saying ""Enter your Username"" or along those lines Make it alittle less bold then the upper text Tho it is cool as it is"
Yeah Done,https://www.facebook.com/share/r/w3g81Eowki9SMohh/?mibextid=D5vuiz Nice
Can't login on my facebook Though I've seen it,Ohh That's how we are suppose to code tho
It's working but don't know why 😂 And not where it's supposed to,Yaa right 😂😂
😂 she says hidden thing code 🤣😭😭😭 she ment backend,😅 He kya tu lecture me? Ayo kya me?
Aja,https://docs.google.com/forms/d/e/1FAIpQLSc12dWvOruDkUraJ87zjnJ7FeR-6qgnyaC77MrEb4YdpQU34Q/viewform
Reached,Me tooo
Good good This message was deleted None of the inputs work Just press the buttons https://devansh-assign.netlify.app/social-media-app/start crtl shift I kar mobile view mw dekh,Theka Thikhe Kuch nahi dala he
Haaa Khali Khali hai,Ohh Data kahase lene wala he? API?
Naaa Do these,Alwright <This message was edited>
Kal college jana hai M ?,Ha kyu? Chutti he kya?
Nhi Aise hi pucha Jana hai ?,chal jatehe ghar bhete kya he karega
server banana hai api banana hai,"Me soch raha tha Friday ko chutti karte he. CN ka pehele he check karake To Thursday, Friday, Saturday, Sunday chutti ho jayega Somja?"
Jaaa Thikke Kal aate hai,Cholega
Ha https://unstop.com/hackathons/flipkart-grid-60-software-development-track-flipkart-grid-60-flipkart-1024247 this was such a headache <This message was edited>,Woah send me your API link as well
It doesn't have a link I don't know if it'll work with a link or not I've hosted it on localhost,Ohh maybe it won't work then Since I won't have access to lovalhost
Yeah it won't Ya you don't I'll show you on Wednesday,Yep sure I will look forward to it
Yep,Chal phir me sone ja raha hu Agar kuch aur raha to call kar
haa,Uthaya to lucky ya phir me nahi uthunga
ha ha 😂😂,"""📣 Online Internship Opportunities! 📚💻 🌟 Gain industry experience from anywhere! 🌎 💸 Earn stipends up to ₹15,000 📈 Enhance your skills & resume ⏰ Flexible timings & remote work 🎉 AICTE-approved & recognized certifications 🎊 Apply now & kickstart your career! 💪 👉 https://forms.gle/Aa9pWrofM5P4nrGn7 ye bharna he na?"
ha bharte hai,email kiske dalna he? college ki personal?
maine personal dala,kyu?
aise hi,college ka hona nahi chaheye?
sirf ek hi domain select kar sakte hai koi bhi daal sakte haina domain konsa lena hai ??,android
fir mera web ?,thek tuje konsa lena he karke
mail konsa dala tune ?,aur class representative contact me kya dalna he? porsonal
aise hi mujhe sabke message aate hai,tera dalu?
mera number daalte hoge sab daal daal tu bhi daal,😂
"mai tera daalta hu fir GUARANTEED STIPENDS WILL BE 8,000 - 15,000/- Pre -Placement opportunities",kyu? tuhe na representative ha isleye bola lele
na bhai mai kab bana maine tera number daalke submit kar diya,kabse chalega chal phir me jara kuch flutter karta hu
haaa,more 30 minutes
thikke,om ko puch le
kya ? lecture me aayega kya ?,agar vo ha bola to sir ko puchke uska link bhej denge
haaa chalse we can submit another response,ha
karna hai koi aur domain me ?,iska tujhe context pata he kya?
nhi,ai?
ml with python,jojo nahi theka he?
nhi Cloud computing ?,thek me agar dal raha hunga to bata dunga
ha chalega,kya theka he tune phir. jojo thek
ha baba,vingland saga aur vagabond bhe paad
sir ka message bhi aa gaya haaa,ha puch le om ko
haaaaaaaaaaaaaaaaaaaaaaaaaaaaaaaaaaaaaaaaaaaaaaaaaaaaaaaaaaaaaaaaaaaaaaaaaaaaaaaaaaaaaaaaaaaaaaaaaaaaaaaaaaaaaa,aur dwm ka kuch nahi he na? except for 3rd
write up karle 3 4 ka,4?
ha likh le na,4th nahi hua he thekta hu 3rd ho gaya?
om ko puchna padega,Cholega
Join Kar abhi,Ok om ko esehe mat join karne bol sir ko pehele puchana padega
Haaa Sir ko puchte hai pehele,agar wo ha bola rahega to
Wo ha bola,To sir ko puchana
Puch tu,Bula Tere jasa he na om? To bola
Bola,okk usne join kiya to sir ko bata te
Tu bata,*de
Aayega wo to,Dokha
Bata tu we have to pay 3000 for the internship,kaha likha he?
call aaya mujhe,sir ko puch le
Kya puchu ?,internship kare kya
Sir nhi bolenge,tu nahi karte
Sir bole teko jhapad denge,kyu? thikhe samja
Haaa Nahi karna hai,samja
Haa,jhapad pe he samja gaya lekin tune mera name liya? puchete time?
haaa,jandu mil tu kal
haa,3rd ka hua kya? ki kal college me karte he?
Om ko bola tha karne Usne koya ki nahi Pata nhi,Kuch nahi he
Acha thikkw Send me the list of web,why?
I have to make android ka list,no screenshot?
So I'll have to crosscheck I do but I didn't take a final ss,Full stack web development : 1. Amey Pacharkar 2. Adwita More 3. Aum Patel 4. Shubham Kadam 5. Ashmit Shalke 6. Khush Chheda 7. Shivam Pachpute 8. Kaustubh Gondkar 9. Manjul 10. Pranay Rajak 11. Sairaj Sawant 12. Aastha Verma 13. Tanmoy Das 14. Tanveer android me kar maja
👍 Haa,tere hat se boda he  ye thumbs up
Ha kya,IA ka bata mujhe kya karna he
Haa,varna me fail ho jayunga
Haa,abhe chat feature bana raha hu Friday ko tujhe prototype deta hu phone pe
1.) Kshitij Vyas 2.) Devansh Mayatra 3.) Jai Parmar 4.) Sahil kamble 5.) Khush Godani 6.) Atharva Rajpurkar 7.) Varad Naik 8.) Ayush dere 9.) Parag raut 10.) Mihir Girap 11.) Purva Ambre 12.) Abudulla 13.) Adwita more 14.) Sidhesh Padhi 15.) Aayushi Sakpal Banaya ?,Chat ka logic ho gaya UI boki he
Ohkk,Ratk ko ya subhe complete karna padega Kal me shayad pura kar dunga
Haaa,IA ka bata mujhe
Haa,Sullabus
Haa,You deleted this message
It's done now ?,Today is last day Oh don't check the first one It's for 3rd assignment Today is last duay
Yaa Send answers,Bheja he mene
Acha,Uperke photos dekh
Meko laga tere android ka hai,Nahi Vo galtise agaya
Ha abhi dekha,3rd assignment ka he he vo
Haa Karta hu mai I forgot to give the assignment ........ Happy independence day though,Happy Independence day 🎆🎆 devansh kya kar raha he
Python,acha kyu re?
Aise hi Socha karlu Sir alla course kabhi chalu kar Rahe hai ?,pata nahi maybe next week
Puch,abhe cap round 2 hoga na
Haa,aur shayad trainers tayar nahi honeg <This message was edited>
Haa,chacha he me puch bol raha he
Haa Vidhayak ho aap,vidyayak matalab? <This message was edited>
Meko dwm ke 5th exp ka write up bhejna,mere pas nahi he
Likhke bhej,me nahi likh raha kal thekhun ga
Kal Check karana hai,ya phir raat ko ha
Jabhi bhi likhega bhejdena,par me nahi likhe raha abhe chalega
Jabhi bhi Ha,tere pas nahi he? batch c me thek
Dwm ke lab manual me sab commands hai,tu kya likhe  ga? ma'am ko puch
Dekhna padega,message kar
Mam ne hola kuch likh do,hola?
Bola,to likh de aur bhej mujhe 😂😂
Tu likh ke bhej,kal 9 ko aa likhe te he takhe
Kyu ? Ha thikke,cholega
Ha,me abhe phir se jata hu flutter karne
Haa,mujhe group chat bhe karna ne Tuesday tak IA ka bhej mujhe
Ha karle,heavy emphasis
D3khta hu,with intimading vinanti dikh mat bhej no option for you
Mera to hone de yaar,oh like that
Maine bhi kuch nahi kiya,sunday thak padh le phir mujhe bata
Ha,ya phir Saturday thak
Haa,Ho gaya chat feature
send apk does it support files or only messages ?,apk nahi banaya he. You said only messages?
i did ?,As you can clearly see
i asked that,And u added 'only messaging' instead of messaging
im asking whether it supports both ?,It's messaging for now. Will add images later. Files idk.
make an apk first and send me ill try find bugd,I won't be clearing the bugs but sure
make bugs you have to solve you cant let them be or they'll enter your house,Tere gher bhejun ga me
tu khale,Apk build kar raha hu
hoga to bhejde,Ha Me tera phone hack kar satha hu if you try installing
your app is showing up as a threat to my phone,.
its showing safe now,Tck bach gaya
Bug,Ha Ha re. UI pe mat ga. *ja Use functions
Can't create,I am too bored to do UI Lol Kya bole phir
i created an account i dont have any chats whos mummy ?,My mother Yaa search Yaa I was showing to my parents
i sent hi to her,So I made a account as a example She won't get it. Since she doesn't have an account
okk,You wanna see something interesting?
your text isn't aligned properly ya show,Yaa I have to do that. I realised that during my showcase
yeah,Admin power Wuahahahahhahs
what admin power i cant see anything happen,Ha? Try doing sth
your time is wrong,Wait you can still use app?
it always shows 4:19 I JUST SENT YOU ANOTHER MESSAGE,Damn another issue
HAHAHAHAHAHAHA,Hmmmmm You shouldn't be able to use my app
HAHA POWER OF THE USER,Should change it Try logging in again Not creat but log in
WHY WOULD I LOG OUT WHEN IM ALREADY LOGGED IN,No wait Yaa wait
THATS THE BIGGEST BUG,Try now
YOU WHOULD LOG THEM OUT WHEN ACCOUNT IS DELETED,What??? Try now
try what,Doing sth
i just sent another message oh the messages got deleted,Yaa Try again
sent another message,Hmm you became a ghost user Your data is not stored So it's only for you No one can see or reply to you Yaa Will have to add authentication on messages
haha,You are my first ghost user
i can message myself too chats dont show up on the home page they only show up on the search page,Stand proud you are strong Yaa I have yet to put recent chats That will do tomorrow along with images And a way to kick ghost users
No can do,Via authentication It would be easy. Just check authentication and then call log out function
ill be always a ghost user,Oh yaa true. If you never update
wait no,Then? Make a new account let's chat on my app Tho you can accent the ghost account But we can make new ghost account so no problem
made new account,I will put a feature where there is a 1/10000000 chance you might just get ban randomly 😂😂😂
🤣😭,That would be fun
yeah it would be,Me.laptop nahi la Raha
Thikkkkkkk THE CHANGES ARE BIG ITS SO MUCH EASIER FOR NEW PLAYERS WE CAN CHOOSE A STANDARD 5 STAR EVERY YEAR AND THE CHANCES OF GETTING THE PROMOTIONAL 5 STAR HAS BEEN INCREASED WHEN YOURE ON 50/50 AND IN EPITOMIZED PATH THE FATE POINTS FAVE BEEN REDUCES FROM 2 TO 1 AND MORE CHARACTERS WILL BE ADDED TO THE STANDARD BANNER AND 500 PRIMOS FOR EVERY ARCHON QUEST COMPLETED FROM 5.0 AND 10 FREE PULLS FOR RETURNING PLAYERS AND WE CAN NOW INCREASE OUR STAMINA VIA THE PYRO STATUES AND 20 MORE FREE PULLS FOR EVERYONE,Useless That's nice Useless. Weapon banner scam Cool. More characters to loss 5050 on That's nice. Limited? That's nice tho wasn't it the same previously
it wasnt,That's what we wanted for past 3 regions
we barely got 2 3 wishes 1600 primos,Nice.
yeah,Cool
yeah datawarehouse vs datamining datawarehouse vs datamart datawarehouse datamining ka architecture oltp olap operations ka difference olap operations Naïve Bayesian Classification,Is it for DWM?
yeagh,DWM 1.datawarehouse vs datamining 2.datawarehouse vs datamart 3.datawarehouse datamining ka architecture 4.oltp olap operations difference 5.olap operations 6.Naïve Bayesian Classification Thank you
Yep Tcs ka kuch mila to bhej,Abhishek ko puch na. Vo bheta tha na kal?
uske paas kuch nahi hai pucha maine,Acha
https://www.instagram.com/reel/C9iEXHuBGUk/?igsh=MXcyamRjMWEzOGVveQ== exam ka timetable bhejna Thanks,Padke ho gaya?
Kuch nahi padha Animations kar raha tha,Acha Sai he Kal se padana chalu karna padega
Haa Tcs ka puch na kisiko Imp ya 2nd module ke notes hai kya,Kisko pata hoga
Pata nhi Vishal ya kisiko puch Pranit ?,Thekta hu
Haa,TCS ka vunko nahi pata huga Subham mujhe puch raha tha Vunkr group ko pura nahi pata hoga
Haa mujhe bhi puch raha tha Maine Abhishek ko bhi pucha usko bhi kuch nahi pata,To sab padana padega
Haa,Kal me dadar ja raha hu. To get books
Okk Bata meko I'll also come,Chalega Me sota hu abhe Chal
Haa,Gn
Ha chal,Me nikal gaya
Dadar se ?,Ha
https://youtu.be/wIuVvCuiJhU?si=CA8jyrfVkew1HIWr,After watching this video i can officially say I have neither knowledge nor experience of UI design
yeah same,Today is last day of paying money for nptel course
okkkk 22```1111111111qwe,?? Cat type?
yeaah,You don't have cat tho
Aarya is my cat,What do you expect me to answer?
Nice,Nice
Thanks,.
Haa tune bhara ?,Nahi bhata hu
Location me mumbai hai hi nahi Dekh ke bata,Other kar Phir Mumbai dal
Thikke dono preferences me Mumbai dale ?,Pehe page pe he hu me
acha thikke udher aake bata,Share details with college? null
done,doune
okkkk,chal phir me sota hu
haaa https://socials-3aei.onrender.com/,That looks nice
yeah its hosted with an express server,Ohh how does that work?
Just routing,acha
Haa Authentication wagera baki hai,DWM ka bhej dena mujhe bhe
isme 2 3 question missing hai wo karke bhejta hu,Kiya tune? Aur mujhe ek bar numerical dikha dena college me
Wo Maine bhi nahi kiya Maine Jo kiya hai usme table hai Pichle Saal ka paper dekha to usme table nahi hai Nhi,Acha. To college me Jake dhekha na padega
Haa,Tech knowledge me bhe table wala tha
Haa,Kya hua devansh?
Goldman Sachs ke internship ka form bhar,Bhej
https://jobswithsmile.wordpress.com/2024/08/20/2025-engineering-campus-hiring-program/,Provide email me personal?
Haa,Aur kya kya padha?
Kuch nhi,Resume aur cover letter banana padhe ga. Kiya tune? Last date kya he? To kya karega?
Padhunga abhi Immediately likha tha wahape Dono banana hai ?,Ha
Chod fir Chod fir,Acha. Me khake padhane betahu. Abhe otha
Haaa,Harshit ne jo bheja he usse padh raha he?
Haaa,Thanks Me pdf padh raha tha Notes ka
Ohh Maine answers chote kar diye,Ha saihe Ikna baas ho gaya for 5marks
Haa,Mera servlet baki he Vo karke phir thekta hu question bank ke questions Google se dudana padega
Haa https://www.instagram.com/p/C-mqJJvPzEv/?igsh=eWVjMmZ1NXpkZGcw https://www.instagram.com/p/C9FhrggS8pP/?igsh=MTJhemhidTJidDF1YQ== https://www.instagram.com/p/C--qqouym6l/?igsh=MTcyN2h2ZXNwdjBjYw== Jpmc ka hackathon me register karna hai,Karte he Team bana raha he?
Dekhte hai Search kar https://careers.jpmorgan.com/us/en/students/programs/tfsg-hackathons https://www.hackerearth.com/challenges/hackathon/ust-d3code-campus-hackathon24/,Bharta hu me Bahar aya hu me Ghar Jake bharta hu Team he?
bharneke pehwle bata check nahi kiya,? Ok Last day?
12 days hai isko Kolkata based hai lekin,Ye? Acha
wo itna nahi dekha,Chalega Me dhekta hu Phir call karta hu Jag ajj rat ko <This message was edited>
Haaa,He wala konsa he? GDSC me aya he
Ye Pata nahi Karna hai register ?,Ha karte he na
Karde for register,Ha call pe bolte he
Kal karte hai Mai Sone jaa raha hu,Acha thik he Chal
Haa Chal Sir ko om ka puch,Ha Suche?
Sources Padhne,Ocha
Haa,Thonks
haaaaa,Waiting List 1. Abdulla Parampelli 2. Tanishq Wadhava (Abdul’s Friend) 3. Om Jaiswal (Amey’s friend) 4. Siddhant Jha (Aum’s Friend ) 5. ⁠Manav Shah 6. ⁠Ayush Dadar wala 7. ⁠Diya Shetty 8. ⁠Rushikesh Dadar wala 9. ⁠Krishnaveni Rest of the students Pls DM @⁨Amey Pacharkar⁩ now to enroll precious thing of JKB It’s L3PP Om waiting me he
Om bola aa raha hai,Om ko bolla
Ha bola,Cholega
"Haa Namaste & Jai Gurudev 🙏 Once again, we all will come together to celebrate the beauty of Lord Shiva at the _*Shravan Maas Special RUDRA PUJA*_ with *Janmashtami Special Satsang 🪈🎶*🧘 *@Goregaon East*, Mumbai _Through Rudra Puja, one can transform all the negative energy into inner peace, prosperity and joy!_ Block your calendar: *Date :* *27th August, 2024 (Tuesday)* *Time :* Evening, 7 pm onwards *Venue :* Oberoi Woods Banquet Hall, Oberoi Woods, Oberoi Garden City,  Goregaon (E), Mumbai 400063 *Google Location :* https://maps.app.goo.gl/bJbgbQqknF4Y2DLM7 *If you wish to take Sankalpa, visit:* https://vdst.in/e/49235 *Wondering what is sankalpa? Watch this👇🏻* https://youtu.be/GU9SGmNoPKU *Happy to help :* 98202 72190 / 98331 24492 *Open for all* Ye bol Rahe the sir",Kya he ye? Devansh. Yagana vagera chalu kar raha he kya?
dekh rev tu,Kya theku? Kiske liye yagna kar raha he?
kisike liye nahi kaisa tha ? web ka first session,Maja aya Sir bohot saihe <This message was edited> He have done so many things We started with basic HTML. Sir said to make our own portfolio I wanna do extra stuff in web which I didn't do in Android I will also advice you to do extra in Android.
Yaaaaah Sir ka naam kya hai ?,You deleted this message You deleted this message Abhishek sir na? <This message was edited>
Abhishek satre ?,Ha
Achaa,Oh you were ligit curious My bad
Haa,I gave you too much credit
Well I knew,You knew what?
God knows,I see
Sir konse company me hai puche ?,You guys have satyendra sir
Ohkk Same same na,Ha it's a advertisement ferm Ha I didn't caught the name
Ohkk Hume abhi tak nahi pucha,Tho I heard it is a really big company
Ohkk,Lol sir ne he bataya Like rank 2 or sth
Ohhh big ja Ha*,Then sir showed all different projects of his and swaraj bhaiya's
Ohkk Tumhe swaraj bhaiya hai ?,Ese kyu baat kar raha he? Ha tumhe mostly vedant bhaiya  hoge shayad
Kyuki Humne ye sab nahi dekha tha Haa sir bole the,Vo bohot ache he. Swaraj bhaiya ka pata nahi
Okkk,Ohh
Maja aayega Humara Kal hoga shayad Om bhi web me haina,Ha Ha om bhe he Lekin wo tukhi lag raha tha Ya phir maybe bohot serious
Kyu ?,Facial expression He was sitting totally serious
Serious hoga,Ha I was the same on my first few weeks
Realization of industry hit him,Yaa mostly that
Ha Mai bhi Got normal after getting used to it,How we used to be is normal Not how we are We are even chill in exams
Yaa😂😭,I will be chill even if I got KT Lol
Our perspective got changes after l3pp,So true
Well our parents wouldn't be,😂😂 True I can see a big difference in your behaviour A good one Don't let it go to your head tho
We know we can do it but we can't explain it to them Haaaaaa,Yaa that is a bad thing. Need to work on it
I tried explaining sirs plan to them,Who parents?
And they were like tu karke bata Yaa,True Tho don't tell them about this things Just show them your outputs
Yeah I understood after that,I am watching Oppenheimer lol
Ohhhh,Yaa
It's really cool,Yaa I will talk later it's starting Later
Yepp Later,Ek number tha movie It was really good
It was ha,Yaa the life of his was really well protracted. It was not just about bomb but about consequences of him building that bomb
Yeah And the framing and the later story,Yaa it was really good. Tho it was little hard to grasp the story telling in beginning
https://www.instagram.com/reel/C_EAlK-P_EB/?igsh=OHNmcmQ0NTFicGQw Ya it was,"karte register if it satisfies our 1conditions <This message was edited> <p align=""right""> what does this do? is this css or part of html?"
Html Are in word we align text na,ha
Haa,so what is it called?
Alignment Text alignment,no the way it is written what is it called?
Inline css,oh so its css na
Well not technically,is there a tag to pad?
"Cause you're not using style tag It must be an paragraph attribute And not css Cause you use style="" "" and write your css in that for online Inline*",acha so you use it as attribute?
Yaa,what is attribute?
Hmmm Like small parts of a tag you can say Href is attribute of a tag,acha
Haa,to use  karu kya attributes to make potfolio? kuch bolenge nahi na sir if I did little extra? or stick to just putting paragram and headings?
Yaa use it Kuch nhi,or I can use pre and then give space inside it
Jo Jo tags ke attributes hai use karle Kuch nhi bolenge,acha netlify ka link bheg na jahape we can host mil gaya rahene de
Okk,How do you change the name of url? You deleted this message
Therez an option below to change name The small text looks very small Have to zoom in to read,https://assignment-1-basic-html.netlify.app/ Ho gaya
You just changed the name,Yaa
Yaaa I'm starting react,Ohh today?
From yt Yaa,Ah Not gonna wait for sir?
Don't know if sir is gonna take or not I asked Chiranjiv bhaiya,React lene wale the na?
Can I start or wait for sir Bhaiya bole you can start with the basics Ha bole the sir will ask today,Sir told us if you know js then you can learn react even in one hour
Ohhh,Yaa sir was telling us.
Then I'll do it today I guess,It was react or node. Tho it was basically you can do any js framework if you know js good So we will take time in js
Yaaai know Chiranjeev bhaiya said that my js is good and that I can start react,Yaa then do it
Yaa I'll finish it today only Then if sir teaches it will be revision and brush up,Nice
Yaaa,I won't be able to do anything today as well I will return home today evening
Ohkk,Maybe after that
Yaa Did sir say when will app be ?,Mostly today
Yaa I assumed So both app and web today,I think Abhishek sir is busy today
Oh is he ? Is that why sir took your lecture yesterday ?,Yaa that's why we had our session yesterday instead of today Yaa
Does he go for Dahi handi ?,Most probably
Yaa😂,Is there anything I can change in this?
The small font All these small font make them a bit bigger,Ah I used pre for this It changed the font on its own
Yaaa,So just use p tag?
It will also be small mostly Try it,The website looks so bad in just HTML.
Ya ofcourse You haven't used css,Everything else is in p except for small text
Ohh Then use p only I haven't used pre in a long time,Yaa Is there a way to make it look nice just using html?
Naaaa,XD So what am I suppose to do just keep it as it is?
Well you can use table to structure it,Ohh tho it will be bad on mobile Really bad
Yaaa Will have to zoom out to see the entire thing,Yaa Well I will do some changes I have 1 week
Yaaaa https://www.instagram.com/reel/C-g24tOqOpj/?igsh=Y3dwbWE0MHVxODU= https://www.instagram.com/reel/C8Unh5xvbe9/?igsh=ZGFpM2kwaWh4dWds,https://forms.gle/9gg51PLqortHCTEH9 Please fill this form its a PCE survey on rest api. Share it among yours friends too🙏 Ashmit ne bheja he. They are also doing servey based
Ohhh Sabko puchna Iske baareme Koi interested hai kya jaane me,Thekte he Kal araha he kya? 8.30 ko?
Aana padega na Test hai,Ha Chalu he session?
Haaa Satyendra sir hai,Acha he Aur vedant bhaiya?
Wo abhi nhi hai Sir bole vedant aur Shravan bhaiya dono honge,Oh shravan bhaiya?
Abhi nahi hai meeting me,Ohhh dono bhe bohot saihe
"Haaa Namaste & Jai Gurudev 🙏 Once again, we all will come together to celebrate the beauty of Lord Shiva at the _*Shravan Maas Special RUDRA PUJA*_ with *Janmashtami Special Satsang 🪈🎶*🧘 *@Goregaon East*, Mumbai _Through Rudra Puja, one can transform all the negative energy into inner peace, prosperity and joy!_ Block your calendar: *Date :* *27th August, 2024 (Tuesday)* *Time :* Evening, 7 pm onwards *Venue :* Oberoi Woods Banquet Hall, Oberoi Woods, Oberoi Garden City,  Goregaon (E), Mumbai 400063 *Google Location :* https://maps.app.goo.gl/bJbgbQqknF4Y2DLM7 *If you wish to take Sankalpa, visit:* https://vdst.in/e/49235 *Wondering what is sankalpa? Watch this👇🏻* https://youtu.be/GU9SGmNoPKU *Happy to help :* 98202 72190 / 98331 24492 *Open for all* If you are interested to go let me know",Jamdu jara elaborate kar Sir ne bola he vagere
Kya likhu ?,Kabhe he aur kya he
Sab hai usme,Acha sorry
Ye kya likhu ?,Sir ne pucha he agar arahe ho to let me know Esa kuch
Yehi copy paste kar raha hu,Ok Aur add kar tu kon he. If they don't know you And add vinayak sir insteadof sir
Kar diya abh Sir means Vinayak sir,Acha chalega
"Haa KPIT Sparkle 2025 is here, and we are thrilled to invite your esteemed institution to be a part of this prestigious innovation contest. This is a great opportunity to showcase your institution’s talent. For SE, TE and BE students Your students can win cash prize up to INR 17,00,000 Gain global recognition as hub of innovation This experience will greatly improve technical and soft skills of your students Students get exposure to real-world problems in areas like Generative AI, Embedded Software, DPI, Autonomous Vehicles, & Sustainable Mobility Want to know more? Join our special webinar. Choose a webinar from options below. Option 1 August 28th 6:00 PM to 6:45 PM Register for Webinar 1: https://events.teams.microsoft.com/event/92ceab44-42fc-44a3-81c8-a051804e9844@3539451e-b46e-4a26-a242-ff61502855c7 Option 2 August 30th 6:00 PM to 6:45 PM Register for Webinar 2: https://events.teams.microsoft.com/event/572629ea-b1fb-4bb6-87ba-29466726a11f@3539451e-b46e-4a26-a242-ff61502855c7 Students: Click below to learn more and to register Student Registrations: https://sparkle.kpit.com/?utm_source=SuperSet_email_Sparkle2025&utm_medium=Email&utm_campaign=SuperSet_Professor2025&utm_term=Register_forSparkle2025 Shared by: Swapnil Desai Head, T&P Department, VPPCOE&VA. This sounds interesting",Kar register Me bhe karta hu
Haaa Option 1 ki 2 M ? Konsa karu seat ?,First row
💀,Let's destroy our eyes 😂😂 Ache konse seats baki he?
Bhai our eyes are already being destroyed by sitting infront of laptop all day,?
All the green ones are remaining,Green are?
Haa I ya K me bichme dekh sakte hai,Ha thekle Keep it near corner as much possible
Corner ? Okk,Not in total corner but in middle corner
K 4 5 ?,Is it in middle?
Naa,Keep it in center Or we will have to tilt our heads and neck will be totally damaged
K 9 10,Behind ones are more money?
Yaa 180 And the last line is 300,And this?
150,Is it too upfront?
Not that much It's in the middle,So neck death or no?
Or we can go I 9 10 Naa We'll be fine,Then go I 9 10
Okk Alright Done Cancellation nor available,Where is this?
Plaza Dadar It's besides dadar station,Okk Let's meet at 12
Yaaa,https://github.com/beanboi7/yomomma-apiv2
whats this,Check it out
jokes api ?,Yaa
python app using jokes api ?,Naa just get the API
ohhh ill try to make in react,XD
all are yo mama 😭😭 damn thats nasty,Yaa 😂😂 That's why I send it You can get random jokes one
im motivated now,U want that?
yaaaa ill make yo mama first and send it to om,There is a chuck Norris joke one You want that? I didn't found any other
yeah,https://api.chucknorris.io/
"Yo momma is so fat that when she was diagnosed with a flesh-eating disease, the doctor gave her ten years to live. damn",😂😂
so fat,I am gonna make one too
im really motivated now gonna complete it tonight wont sleep until its complete,Me too
YEAH,Jai is gonna love it
ill send him first,Don't
i made a color picker in react,Or else me sending it won't be any worth
😂😂,Oh is it a compitition on this? Or just telling me?
just saying,Ahh That's nice Show me on Wednesday
im learning na yaaa,Yaa
ill start next as soon as i finish the joke,Yaa XD
YEAH,Send it to om na. As you said before
Yaaaa I will Have to learn api fetch in react first It'll be good practice,Oh you making it in react That's great
Yaaaa,Way of learning
Yaaaa,I made the file name yo_mamma_joke_api_app XD
😭😂🤣🤣 https://yo-mama-laughing-at-you.netlify.app/ i didn't make it mobile responsive,Yaa Nice
and what do i do ? is that enough ?,Sure Idk I have not yet used it
ill make it mobile responsive,I am redownloading flutter SDK
ohh why ?,Yaa and make it little better xD Not working
like ?,UI?
ya but how,Tho it doesn't have alot of things in it
ya thats what i can just give all the jokes but it wont be fun,Yaa
yaa,I can't download SDK as well no wifi
oh,The only thing left is to sleep xD
no wifi ?,Yaa Yaa be creative
yaaa yo-mama-laughing-at-you.netlify.app just dont click the button too fast it breaks https://to-do-app-react-assign.netlify.app/ aavi gauy gayu,👍👍 https://youtube.com/shorts/qlr8qV5cMCo?si=pa0cfmg1_FLV2A9k The guy who did this is cool NGL
damn,No spoilers of game. What happened?
pyro archon happened youll see a very cool thing,Lol I am excited
Yeaaah You get hotsprings,Devansh can you send me all DWM experiments? Kartikey wants it
Haa,That's all? That is all DWM? Did you completed short report? My chatgpt isn't working
I haven't Did you give ot death threats or something,Even if I type something it doesn't work
.,What is that? I didn't gave death threads to anyone What's ot?
it*,No
kill it,It was working in morning tho Idk what happened now
aree shut it down and try aain again,Have done that 3times now Even my laptop Ho gaya Pura history uda Diya
ohhhh sah\ihe this fine ? joine batav jaldi fass fass naito pachu banau padse,Ha chalse Maru bhe sarko che Thodi changes karvanu che
Okk chalse,Te kale kares
Okk,College me agar avayp to
Haa Chalse,Maro doctor banavanu bhe baki che Te kale kares changes jode
Achaa Chalse,Ha
Haa,What do we have to do for CN?
Write 4th exp writeup,Kya topic liya he re. Reusability of code? Vo karte he hena companies me To proposal ke ka jarurat?
recycling........,Elaborate
and I already got it checked to wohi topic lena padega recycling of kachra,Ha to thikhe par . Kya karega recycle karke?
kachra,Ahh Samja Acha topic he
haa bery bery bood,Tera (v & g = b) kar diya Galat he
haaa,Make it right
gery gery good,"Abhe tere g=v ho gaya to translation will be ""very very vood"" 😂"
That's why I did that 😎,Devansh can you check if Priya ma'am is present today and let me know?
Aayi hai mam,Ok Ata hu me phir Tu student network ka kar me alumni ka karti hu Waise bhi do alag website banayenge na Kya bolu?
Ha ye chalega Lekin usko bol Ki ui ke patterns similar rahenge Like navigation color scheme,Ok
Icons and all Identical hone chahiye,Ok Bataya mene
Ha Okk Copy paste,Nahi likha mene
Acha thikke,Yes
Ok https://youtu.be/SBdDt4BUIW0?si=0L3nmDkE_qstRd-I https://youtu.be/A5s4uMI2Ri4?si=2jicpVgBM2yoQwCh,this one was good its interesting to analyse on the spot it would be more human like
Yeah That's why ai,Yeah You deleted this message https://assignment-1-basic-html.netlify.app/ Thonks Two pointers kya hota he?
Arrays aur linked list me Hota hai We use 2 pointers to check some condition Exactly kya hai dekhna padega,Example de
Like if a linked list is starting and then connecting to itself on some node Konse node pe wo connect ho raha hai wo chek karne,Interesting Dhekna padega
Haa,Pehele bar sun raha hu
Maine dekha hai,Is it like front and rewr in queue?
Naa,We use two pointers to check certain conditions
Pointer 1 and pointer 2,Like addition will be this or that
Ek pointer ko 1 se increment second pointer ko 2 se increment Jap dono pointer same node pe aayenge to wo intersection point hua,I see
Yaaa,Will have to check this one out
Something like that Have to see again 😂😂,Hum bhe ek ek pdf banake rakh te he
Resume bass ho gaya,😂😂
Ek cover letter attach kar denge,Saihe
Vs code is so fucked up,Kya hua?
I was doing next na So I was going user authentication using a sw named kinde,Sw?
Software,Oh
SO I downloaded all the dependencies And imported a module from it,Bhai point pe aa
Vs code automatically filled in the path,Yaait does that You do crt +.
It was giving error constantly Turns out the path vs code gave was wrong <This message was edited>,😂😂 Trolling
I was banging my head for an hour,😂😂
I was literally following a yt video for it and didn't realize it,Hota he
Yaaa I felt so stupid,It happens
Yeah,Tho why were you waiting so long? Then diverted?
In the meeting ?,Yaa
Time pass,So late? Saihe
Yaaa,Sky ko aa kal
Haa,Phirse Sona matt
Haaa,Btw I played through the fight It was really cool
Ohhhh It was Though mavuika lost her powers,Yaa she won Yaa
That's sad,Don't go any ahead
Ohok,I haven't done quest after that She gave her power to keep the flames running for little longer
Yeah,So no more cool fight of her
I thought capitano would win,Tho the region is really nice. It is based on transport this time Against God of war?
Yeah The transport is great Yeah He's strong,Yaa we got sumaru thing along with infinite swim and rock Mona
Strongest human I'm teyvat,For transport Oh really?
Yeah,Oh and he didn't used his dilusion too
Yaaa Used some dark ice,Dark ice? When? Oh the aura around ice
Didn't his ice had a darkish tint,Yaa it was like aura or sth
Yeah He even had the Natlan glow In one scene,Tho the archon has swag xD. With that sunglasses
Yeah And the way she asked for the claymore From kinich You are in for a good surprise by the end And there are some weird speculations too Wanna hear one ?,No
😂😂,Did you completed story?
Yeah,I will do it maybe tomorrow or on Monday Will see
That's why i said you're in for a surprise Yaaaa,I was exploring a little
Ohh,Have put story on hold
The area is good,The exploration is good yaa
Climbing is not,Use rock dragon
Need those green dinos,Yaa those r everywhere
Ya it's easy with them,We only have 3 dinos right? We can transform into
The green ones are hard to navigate Yeah,"Rock, green and swim dragon And we get our own pet rock dragon You got him?"
I think more will come as new tribes are unlocked in future updates Yeah,You can even name him Yaa
What did you name him ?,I think it was milo or sth What did you name him?
It gets pressured if you name him neuvilette or dvalin or some other dragon Grumpy Paimon gets mad if you name him paimon,I wanna see what will happen if you name him your name That's nice name
Yeah He's not exactly grumpy but suits his appearance,Yaa Maybe Rocky xD
Yeah😂,There is a sequal to that quest Where someone tells you he is special.
Oh yaa I started it Haven't completed,Yaa I just dropped it Another ararana type quest I thought it was
Yeah it will be Big ass,That's why Tho my playing will go down alot
Yeah same,Ohh woah you making blog? That's nice
Yeah Practice Watching a yt video To learn,What are you writing about?
Areee,No css?
I'm not making a blog,That's disappointing
I'm making a website on which you can upload your blog,Making blog was more interesting Who makes a blog to upload blog
Areee I'm using tailwind,Acha
Yaaaa,Chal phir me sota hu Nind arahe he
Haaa Soja This message was deleted This message was deleted,"1) Apti 1. Be consistent 2. Solve apti question while travelling. 2) Technical round : 1. Problem solving 2. Communication 3. Questioning regarding question 2) Technical Round 2 1. Resume 2. Rules vise projects in resume 3. Comercial or social cause projects 4. Deployment link should always be there for project. 3) HR round 1. Honesty is best policy 2. Read regarding company (CEO, stock position, ) 3. Personal connect 4. Do you have any question? (Always yes, 10questions) Note :- Always be consistent"
👍 Thonks What are the pages ? And show the flow of data Like navigation,arrow?
Yaaa For all pages,and its navigated via navigation bar I have put a underline for which one is choosen
All pages have navigation bar ?,yes
Then it's fine Make one for mobile too,ok
Gonna start with that first,what about functionality are they all included and done properly?
The forums page Where announcements would be made Not there ?,home? the post thing is announcements
Oh Create post is just a button ? And how will the student post ? Like didn't we Decide that the student can't post,create post is two message blocs one for topic and one for content
The mentor will post na,yaa that's what I was confirming. functionalities barobar he kya?
Yaaa,so how should I change?
Make a separate page for create post,and only mentor can post?
Yeah,What do student do? For phone
It's a page for site for students to know what's going on in their college They can chat with mentor,So they don't get post option that's all For mentor add post option
Yeah Yeah Ye sab group pe bhi share kar,As for new page for post. That's too little on a windows website. For phone it's fine
Ya I guess,Will change and then send on group
Yaa,Bheja he group PE
https://meet.google.com/vbi-emev-hex,https://editor.wix.com/html/editor/web/renderer/edit/4cc93611-b4a8-4068-b1fb-59b0588a16e4?address&businessFirstFlow=true&businessName=STUDENT%20NETWORK&businessTypeName=Student%20Forum&email&flow&industryId=0aa001fc858a43156e1e030c&logo&metaSiteId=fa3f7246-1224-44db-83a7-937442901b5d&phoneNumber&siteGenerationWizard=true&structureId=450b418794e55522ecef192f
kidher gaya tu,net issue https://ameypacharkar076.wixsite.com/student-network-1 https://ameypacharkar076.wixsite.com/student-network-1/profile/ameypacharkar076/profile
my whole l3pp ka folder got deleted from my pc and my document ka folder too,Kyu? Kya kar raha tha?
Kuch kar raha tha React ka To udd gaya,😅 Git se lele
Haa git pe hai,Bach gaya <This message was edited>
Haa,Nice
Nice,Araha he?
Haa Tu ?,Ho yeto ahe
Okk Ye ye https://www.instagram.com/reel/C_Vq6R6SuiD/?igsh=MXR4NmFzbmZ0NGdjNQ== Account bana,Me nahi bana raha account
Bana Na,🔔
Kela,Kela?
Banana,😂😂
😂,It's server issue not because I don't have account
Ya I know It's about abstraction,Yaa What abstraction?
Oops wala abstraction,Kisme use kar rahe he?
Aree it's about what is abstraction https://devansh-portfolio-v1.netlify.app/ https://youtu.be/BClm2qZYZrA?si=xM2DbgEoZL81UrH4 looks good ?,Yaa it does
so I should keep the border ?,Yes
okk write se ka write up 1 page for 2 3 4 exps and send me ill write later,Will see or else write it tomorrow
Send if you write So gaya ?,Ha
Portfolio wapis check kar,College me karta hu
Haa https://www.indiabix.com/ https://youtu.be/UWwNIMHFdW4?si=U_F8ygcC-MNU5GN2,https://youtu.be/ClETppkoVQE?si=LMxpv5N4SIjucs8c Call kar
Nikhil already has a group Ask manjul,alright
We'll have to skip I guess No one will agree at this point of time,so we are never gonna participate in SIH? we wnt have time on 4th year
Ya we won't Ask some one then,so...
I called Nikhil He said he already has a team,I have send Manjul message who else?
2 more,hmm
Who else ?,lets talk with balkhande sir tomorrow
Ok Let's come at 9 then,alright
Ya,will write the write up tomorrow then in ip lecture
Yeah,what are tomorrow's plans? only cn?
Yeah leave after cn,and ip?
Ya we'll sit that maybe,alright
"And there maybe internal hackathon tomorrow Problem statements are already there on SIH website , you hv to choose unique problem statement for that you have to find solution and hv to create prototype for same and ppt is main key to select your team in final round Came on the group",what group? sih ka?
Yaa,sir ko message bheja? teacher's day ka?
Nhi Bhejna hai Kya bheja tune Bata Call laga nhi to Conf,Sir happy teacher's day 🎉🎊🍫 he bheja
Okk,karna he call?
Nhii Busy honge to chillayenge Kar diya msg The question is relevant 😂😂,Manjul ko kya bolna he?
Sih ka teem join karegi wo ?,Ha to bole he if opportunity is there Par team hoga kya?
Haa Pata nhi Sir ko kya reply kare ?,Kuch nahi Tu abhe ke liye kuch bolta nahi Devansh today is sept5 Remember 3 idiots? The speech day is today
wo terrace pe likhta hai wo ?,Ha 8591196363 vu4f2223090@pvppcoe.ac.in manjulghadge@gmail.com
https://youtu.be/CpCZNCm5zgw?si=xox77oRVF-OYurbX you have to see this,Woah that's brilliant
I know right,Student st = new Student(); st = new Student(); how to make vertical line? is there something like hr?
Nope You can't You'll gave to make a border,how?
Border-right Border-left,css?
I don't know if it'll work for table though Ya,jane do jane do janeee~ dooo~
😂😂 Did you put 2 buttons in a a tag ? Why isn't it going in another line if you have br,I had it commented when I took the ss I had that issue previously as well
Who with br Show,Without br yes Meet?
Ya,Link
wait,https://meet.google.com/ruz-bccz-qmu aja https://assignment-2-table-html.netlify.app/ dheko dheko
har page pe link daal har ek page ka,??
navigation jaisa,brave
har pagr pe this on every page,ohhh interesting par kyu? whats the requirement for video on contact me page? or contact me in video
chod fir,😊
??,🥱🕘💤🛌
😂😂😂 https://www.instagram.com/p/C_k5zyINF4R/?igsh=MTdsMTliOWJydXIwMA==,Me Instagram nahi use kar satha account nahi he to
Account bana,Nahi bana raha
Bana,nahi
Haa So we installed flutter and android studio,Yaa vedant dada came to our meeting to ask that
Yaa And my laptop got hanged,Well to be expected
When I ran the emulator,I warned you It needs 4 or 6 GB RAM
Then it ran smoothly,I don't remember it right now
I have 8 gb,Yaa that's true. But the pain to start it is real. And it will lag if you have emulator and zoom on at the same time Your pc will freeze
Yeah,Did you run the counter app?
Yeah It was working https://socials-3aei.onrender.com/ Check the accounts section Where there was your account Go to second option in the navigation bar And click on the search bar,That's cool
Everyone's account is different,Yaa I saw https://assignment-3-basic-css.netlify.app/ what can I change in css part?
You just gave the buttons color You can give the entire page a background color Or background image,Wait you can? Just give body color?
You can now give standing lines for partitions using borders Ya Give background in body tag,Ohh interesting i will try that I made css file tho Still use inline?
body{ background-color:anything; } Not inline,👍 Got it Will try that
Yeah,I changed font of text and some stuff in contact me part
Ohh You can change the font color also,Yaa I did that Changed to white For buttons
Yeah,Will change some stuff
You can literally do anything with css,Yaa I was checking w3echool It has so many things
Yeah,Well I will get back to it then
Yeah,Will send you later again
Yepp,Explore the gamification as a means to improve learning outcomes in computer science education The Use of Motion UI in Web Design: Enhancing Aesthetics and User InteractionThe Use of Motion UI in Web Design: Enhancing Aesthetics and User Interaction The Role of Robotics in Disaster Response and Recovery Operations
PVPP Swapnil.vcf (file attached) Baat karna inse Bol ki raise sir ne bola hai ki aapke gaav me ek school ke liye website ya app banana hai to uske liye call kiya hai,are baba kar bath tu leader he na? tujhe kyaho gaya? kisebe nahibaat kar raha kuch hua he kya?
i resign,Ye om ko bata
send me the cat and dog wala api <This message was edited> GUESS WHAT I FOUND,Bohot jyada dukh hua kya re? Shodke gai to? Milne Jana padega. Requirements call pe nahi hoga Air next time group PE dalna
🤐 how am i supposed to get the exact answer when the calculator is giving me that,No idea
im getting it wrong because of the decimals,Make a condition to do something regarding that decimal
ya im searcing that,Convert to float or ceiling
naaaa it wants decimal value upto 2 decimals,Then limit it
how do i limit it in dart i searched and searched amd searched its giving me functions,Use it
i have to return a double,Convert it?
it will be ok ?,Run it 😂😂
have to write code again i deleted it in anger,Never ever do that You always regret it
yeah i do,I think convertion is double.parse
ohkk,Or you can do 'thatFunction' as Double
'thatFunction' ?,So like number.toStringAsFixed(parameter) as double
ohh alright,Save it in final decimal = number.... Then return decimal
yeah thanks,devansh how do you select an image for background?
background: url();,yes I did that
Then ?,but how do you select an appropriate image to use?
Size ?,which doesnt hurt eyes and is good and size too
Use background properties,can I make it less intense or blur?
search these up ya you can make it blur,yaa I have tried few of them
you can also lower the opacity,how?
if my mom asks if were going to college tomorrow then say yes to meet client https://meet.google.com/abd-szex-gbx Swapnil sir se baat karle Phone kar,Group PE bhej
Kyu,dal group pe
can you do something about this ?,It's Android security. It's whole another domain than app development
yeah i thought so what about the other ideas ?,Ye wala acha he Ekbar group members ko puchle <This message was edited>
haa puchna padega,Aur idea find karne bhe
mai to last page tak pohoch gaya sirf software ka dekh raha tha,Thekle kisme Kam he karke
kuch kuch ko to 0 submissions bhi hai,Vo thekle kese he Me abhe bahar ja raha hu lekin
acha raatko dekhte hai mai ideas dhundhke rakhta hu,Chalega
Haa,read kiya tune ps?
nhi,read the soil one
haa wo maine dekha but maine sort karke nikale hai,to farmers ko input de padega which is not good
hardware lagega,ho
haa,kya ho raha he? are we not participating in technothon?
mera uss hi din mood gaya tha jis din mujhe rushi ka call aya tha,😅
"Haa https://meet.google.com/fbx-xija-oqz 15/09/2024, 7:26 pm - Dovansh pinned a message https://genshin.jmp.blue/",Put message in your group to join breakout room
Haa,me vo he kar raha tha
Kya bolna chahta hai,same same
Hmmm,Mera laptop gaya Shut down ho gaya aur abhe nahi khul Raha he
Naya lele Bola tha maine,😂😂 Banana leke Gaye he thekte he kya bolte he
Lele Naya fir hum exchange kar lenge,Khud ke pesse se Lena he
Ram badhake lele ho dakta hoga to,Kya?
RAM,Acha
Random access memory,Thekta hu
Haa,Ohhhh
Haa,Esebe Naya lene wala hu me after 1~2 years RAM badake kya karumga
Ohhh Ka wohi,Salore
Kya ? Jojo ?,Salary
Ohh Haha,Thekle i won't be able to make synopsis nor ppt today. Laptop ko der lagega You will have to make it or let someone else know
I'm ill I'm on bed since this morning,Lalbagcha bari pad gaya kya?
Nahi gaya tha Kal se bimaar hu kaise jata Sih ka kya Koi kuch bol hi nahi raha,Pata nahi Message dalta hu me
Ha I'm not coming today I made the research paper If possible get mine checked too,null
https://first-crud-app-7heb.onrender.com/posts theres a problem though if you give space in between the title then it doesn't work my vs code is broken its giving me java ka suggestion in dart earlier it gave me c++ ka,😅😂 Restart karke thek ekbar
😂😂 Isme kya hoga ?,basically calc carbon emittion and give suggestion to neutralize it by various mean like planting trees or such so calculate how many trees required to plant to neutralize the corbon emmition
So you have to enter the carbon amount manually na And make the formula Coal amt,most probably yes
Like today we mined 300 tons of coal So I'll enter that,you can get the data since they already have to  weigh it
And it will give me ways to tackle it,to neutralise the effect of carbon footprint on nature not tackle
Yeah various ways for it It's simple then,yes it is
We have to figure out the formula And then create a database for past logs,you can simply train a AI to that and boom no formula
How do we train an ai ?,with data past data
It's website right,yeo yep
How do we make an ai model for that,you train ai model and then give output on website?
What I'm asking is how do we get an ai model,thats a cool cat
Gatto You're gonna ask Ravi sir ?,make it? buy it? import it? smuggal it? steal it? no I wont
How do we make it ?,no idea most probably by making a formula
Were gonna need external help unless parth knows something about ml,whats that?
Cat,gatto?
I think,gatto == cat?
Yeah In italian,i see
What about the ai,You deleted this message lets put that on hold
Oki,they mosstly require AI
Yaa,patani kyu private message gya devansh meet pe aaha he? mujhe web ke isme madat kar jara
Haaaa,rukh ja jara shayad mihir ko kuch doubt he me message dalta hu
acha thikke,ekhe dalneka option tha hogaya devansh meet join karle https://assignment-4-pos-nav-css-v2.netlify.app/#personal-details
See the Kinich trailer a fucking 6 minute compulsory ad AND ON TOP OF THAT ANOTHER 1 MINUTE ADD,itna kyu araha he?
I DONT KNOW GOOGLE NEW POLICY ADS ARE INTEGRATED IN THE VIDEO ITSELF SO ADD BLOCKERS CANT DETECT THEM,stop watching?
STOP WATCHING YOUTUBE ?,I didn't got any add tho. maybe cuz I am on lower version?
HALF THE THINGS WE LEARN ARE FROM YT,stop learning
MAJORITY OF THE STUFF WE NEED FOR EXAM WE LEARN FROM YT,video bhej
KONSA,leave exam ye
DROP ? KHATAM AD GAYA https://youtu.be/krsSwCWn4xI?si=0GxlmNpV9tAsfbJL,yes drop in different terms
COLLEGE CHOD DU ?,tereme khot he mujhe nahi araha he integrated ads I hope they can never do that legally drop re gravity ka do you wish to have a little brain kick rn?
YES,join
JOIN ? I AM ALREADY IN THE MEETING,are ha tera lecture he na maja  kar
TERA NAHI HAI ?,ho gaya
ACHA THIKKE BAADME BATA,me abhe mere brain ko kick kar raha hu
MAR NAHI JAAYEGA TU ?,nahi
_TOFIR _,Sir call nahi utharahe 10 ko khatam ho raha he na ajj?
Haa Qa bhar de ?,Tera lecture chalu he?
Haa,9.45 ko sir ne kuch logonko bulaya he na?
Haa Hum breakout room me hai,2nd year ke he?
1st year ka lecture  chalu hai,Kal he puchana chaheye tha
Haa,Ha to to sir nahi uthayenge
Haa Dubey sir ka hai Mechanics,To vinayak sir?
Dekha nahi,Sir ko message dal diya.
kya bole ?,Abhe dala
okk,You deleted this message agar nahi kuch reply aya to QA bhar dete he Maths he na to ho jayega
Haaaaaaaaaaaaaaaaaaaaawaaaaaa,hawa?
Haa,meet join karke puchu kya? agar hua to?
Kar try,sir he
Puch fir,are afk he sir
Syllabus batana sir ko,varna bhar dete he QA
Haa Om ko bhi bol de,group pe dalta hu
Haa,me bhar raha hu
Haa,Joy or QA what's this encryption? sir ka message
iot hoga,joy?
j I ke niche hi hai miss spelled,jyada he nahi tu liniant le bol raha he? well saihe he anyways QA
maine kabh lenient lene bola ?,kuch nahi
thikke,IoT or QA Kya bolna he devansh kartikey ko?
Lachaaaaar,Group PE hota de usko bhe kal formal?
Haa send me the website ka link student to mentor ka,konsa?
Tune wix wala banaya tha wo,tujhe access Diya he
Bhej na Mai bana raha hu abhi,https://ameypacharkar076.wixsite.com/student-network-1 try this link
haa ho gaya,Me laptop nahi la Raha hu Tune laya he na?
haa la raha hu,ek kam karna devansh
kyaa,send me the names of all of our group members i will make you our project manager
varad Shreyas me you sindhu,chalefa chalega
sabko kaam pe laga team leader,are notice ho jayega dega kon rukaneka
rukaneka ?,ha sabko kam batde thesis ka ho jayega
haa karde mera seer dard ho raha hai,ham nahi kar rahe thesis
mai thesis ka dekhta hu,acha sorry no problem go ahead
haa bakio ko puchle,Dev2:has(+ dev3) Dev3:hover #lane-3:hover+#lane-container:nth-last-child(2)
we have to fill gate ka form todays the last day,Yaa timer laga dete he
haa,Vasantdada Patil Pratishthan’s College of Engineering & Visual Arts Vasantdada Patil Pratishthan's College of Engineering Bora? Mene bora
Haaa,I had around 35GB of flutter projects I just deleted
wow,You deleted this message XSME6NV4GX2Z KALF66CLGXKM PT5WP6D5GXJ9 CODE WA
Haaaaaa Thankssss So I was watching this drama and this guy is coding in python in a javascript file with a html file icon,😂😂 drama 101
😭😭😂 Aaj lecture kyu hai ?,Konsa?
Se ka,Pata nahi Bhet tu Me web karta hu Phir jara Kam he
Mai nahi baith raha,"Acha You deleted this message <div id=""controller""> <div id=""upward-lane""></div> <div id=""downward-lane""></div> </div> <div id=""race-track""> <div id=""race-car""> </div> </div> Chal phir Badme baat karte he Kam karle problem statement ka kya karna he? ajj 28 he"
haaa is that an image ?,yes both of them
ohh,any ways to make  it look better?
i was going to say to put it in a straight line,the buttons?
yaaa,what about the background color for them?
theyre fine,color and background images?
all good,ok su karvanu che?
kar dete hai final,Kya topic pe
jo final kiye the wo,Om ko bolna he kya ppt ka?
Haa,https://assignment-5-animation-car-game.netlify.app/ thek kesa he? mene submit to kar diya he <This message was edited>
Tune unka position same kaise rakha ? Uper niche Jane ke baad,hehehe
Kaise ?,hohohoho
Bol re,me group pe bhe dal raha hu ki kuch changes baki he?
position se kiya,ashmit told us when I asked swaraj bhaiya regarding the issue
samjhaa ohh,yaa i had tried that idea but i tried it in animation it works the same
scale kyu kiya achaa,setting me? ki hover me? samajna chaheye na konsepe hover he
button pe hover karega to bada hota haine,ahh vo button nahihe hohohoho
haa rukk mai bhi karta hu javascript ke saath,😂 cheating me group pe dalta hu
I have more tools at my disposal,mene group pe dal diya
haa,2.15hrs pehele dala ge sir ajj bolenge
oh mujhe kal college nahi aana,kisene bhe nahi submit kiya he
saihe,thekte he me bhe vuhe soch raha he
haa,mene abhe assignment 5 ka excel banaya naya koi nahi banata
haa koi nahi banata mai bhi nahi banata tha direct group pe daalta tha,sir ya bhaiya bhe nahi banate vohe kiya meje to lagta he sir ko lagta hoga bhaiya banate he aur bhaiya ko lagta he sir banate honge
sir banate hai bolenge to,me ajj puch lete ho agar banaya to chalega na?
maine ek baar group pe dala tha,ohhh me ajj puchata hu
ki banaya to chalega kya to sir ne hi bana diya,acha tu furniture banane jane wala tha na? agaya? devansh ek bar om ko puch le regarding ppt mene kal yaad dilaya tha usko
Haa,devansh how do you think i made click wala?
Checked pe position change Kiya na,ha re saihe i used radio button
Haaa,?
Nhi gaye,Kyu re? Kantala agaya? Kuch bola om?
Mera kuch bhi karneka man nahi kar raha,Devansh phone pe try kar Both works as click No hover 😂
ya i tried because there is no hover on phone,Om said he will send till midnight
okk,He said natt tak So not sure if it's midnight
chalega,flex box is just flutter rows-columns
Is it There's only 1 row and 1 column in flex though Nahi jana namaste for Kal?,na you can put n number of them just like flutter tho this one has a lot of properties there is no wrap for obvious reasons
How do you make multiple toes and columns in 1 flex box,tho it has cross and main axis parts
You can't,will tell you when we meet againa oh no wait you cant
Rows and column define how the items will be placed,I meant in hierchier
Oh ya,bad speeling yaa its same as flutter
Is it,yes dito
Kal college ? bolega ?,kya hua? me lecture me tha
achaa kal jana hai college ?,toss uda head - ha tail - nahi
heads aaya to nahi jaayenge tails aaya to ghar rahenge mera idea better hai,😂😂 hame bhe Diya sir ne. replicate the ui
maja aayega karo,ha lekin projects bhe karne he
haaa,kya karna he? nahi jana?
nahi jana mujhe,om ko bhe bolna he?
ha bolde royega nahi to,karna re meet se abhe likala
thikke,uske baad call kar last me sai hua Vinayak sir aye the
kya bole ?,sabke vat laga dete. abhishek  sir ne bacha lya
om ko message kiya maine,😂 me to has raha tha aur mera video sabke upar tha Tune om ko bataya nahi? Nahi ja rahe he karke?
Haa Bataya Wo jhatu msg late dekhta hai,Ha bola mene usko
Wo sala msg nahi dekhta hai jaldi Dekha,Kya?
Msg late dekhta hai,Kya hue?
Kuch nhi ho gaya login,Thek phir
mera lecture hai aaj mai nahi kar sakta,9ko he na? Karde
Kya karde,Me bahar aya hu
Toilet me hu abhi Acha thikke karta hu,Laptop leke ja
Nikalke Abe Idea already submitted hai 2nd wala Final submit baki hai bata raha hai Ppt change karna haina,Ha update he
Wo uml diagram,Uspe click karega to hoga
Change karna haina Haaa Karta hu mai,Amhe tumche abhari ahot <This message was edited>
Ha ha,save kar photo
kaise karu ss hai,the flex-box game is so easy. even my brother was able to pick up
Ya I know I completed it in like 15 mins I made this app 😎,Nice
Yes code vita ka register kiya ?,Nahi kartehe
Kyu ?,🤦‍♂️ *Ha karte he
Acha thikke,Default setting 😂
Ha ha 😂 now what,Wait what?
it was episode 34 or 35 i think,"Yaa https://www.figma.com/design/TPeZoX6qfhIhNqYEQhFa48/Assignment?node-id=0-1&node-type=canvas&t=OLMJ41dXLkVM41IL-0 https://dribbble.com/shots/20470811-Review-App-UI-design?utm_source=Clipboard_Shot&utm_campaign=reng1sed&utm_content=Review%20App%20UI%20design&utm_medium=Social_Share&utm_source=Clipboard_Shot&utm_campaign=reng1sed&utm_content=Review%20App%20UI%20design&utm_medium=Social_Share https://dribbble.com/shots/20470811-Review-App-UI-design?utm_source=Clipboard_Shot&utm_campaign=reng1sed&utm_content=Review%20App%20UI%20design&utm_medium=Social_Share&utm_source=Clipboard_Shot&utm_campaign=reng1sed&utm_content=Review%20App%20UI%20design&utm_medium=Social_Share https://dribbble.com/shots/20470811-Review-App-UI-design?utm_source=Clipboard_Shot&utm_campaign=reng1sed&utm_content=Review%20App%20UI%20design&utm_medium=Social_Share&utm_source=Clipboard_Shot&utm_campaign=reng1sed&utm_content=Review%20App%20UI%20design&utm_medium=Social_Share https://dribbble.com/shots/23648302-Usechannel-Online-AI-Chatbot-App Container( decoration: BoxDecoration( border: Border( top: BorderSide(color: Colors.blue, width: 2), bottom: BorderSide(color: Colors.blue, width: 2), ), ), child: // your widget )"
"gradient: const SweepGradient( // begin: Alignment.topCenter, // end: Alignment.bottomCenter, colors: [ Colors.blue, Colors.green, Colors.yellow, Colors.red, Colors.blue ], stops: [0.0, 0.25, 0.5, 0.75, 1], ), borderRadius: const BorderRadius.only( topLeft: Radius.circular(20.0), topRight: Radius.circular(20.0), ), 1 second upper ho gaya",2 upar
shya,just line of texts
Ya ofcourse It has nothing,add more tables 😂😂
😂😂,BCE ka kya? Thesis?
Mera lecture hai,Ppt bana me thesis thekta hu
Thesis bana pehele Uska data use karke ppt banaunga Notice ?,Group PE bheja tha mene shayad
.,??
tu pehele thesis banake bhej usko reference use karke ppt banaunga mai,"# AI-Powered Mental Health Support Systems ### Exploring How Artificial Intelligence Can Assist Mental Health Professionals in Diagnosing and Treating Mental Health Disorders, Especially in Underserved Communities --- ## Acknowledgment I would like to express my deepest gratitude to all those who have supported me throughout the development of this mini thesis. My sincere thanks to my advisor, [Advisor’s Name], for their invaluable guidance and feedback. I am also grateful to the mental health professionals and experts who provided insights and shared their experiences, enriching the content of this study. Additionally, I extend my appreciation to my peers and family for their continuous encouragement and support. --- ## Abstract Mental health disorders are a significant global concern, affecting millions and imposing substantial social and economic burdens. However, underserved communities often face barriers to accessing adequate mental health care, including limited availability of professionals, stigma, and financial constraints. This mini thesis explores the potential of Artificial Intelligence (AI) in enhancing mental health support systems to bridge these gaps. By leveraging AI-powered tools, such as diagnostic algorithms, chatbots, and predictive analytics, mental health professionals can improve the accuracy of diagnoses, personalize treatment plans, and extend support to remote or underserved populations. The study examines current AI applications in mental health, evaluates their effectiveness, and discusses the ethical considerations and challenges associated with their implementation. Data was collected through a comprehensive literature review and analysis of case studies where AI has been integrated into mental health services. The findings suggest that AI can significantly contribute to diagnosing and treating mental health disorders, provided that issues related to privacy, bias, and accessibility are adequately addressed. This thesis concludes by recommending strategies for the responsible integration of AI in mental health care, emphasizing the need for collaboration between technologists, healthcare providers, and policymakers to ensure equitable and effective mental health support for all communities. --- ## 1. Introduction ### 1.1 Background Mental health disorders encompass a wide range of conditions that affect mood, thinking, and behavior. According to the World Health Organization (WHO), one in four people will experience a mental health issue at some point in their lives, making it a leading cause of disability worldwide (WHO, 2023). Despite the prevalence, access to mental health care remains limited, particularly in underserved communities where resources are scarce, and stigma remains a significant barrier to seeking help. ### 1.2 Problem Statement The shortage of mental health professionals, coupled with socioeconomic barriers, results in inadequate mental health support for many individuals. Traditional mental health services are often inaccessible to those in remote or low-income areas, leading to untreated conditions and exacerbated social issues. There is a pressing need for innovative solutions that can extend mental health services to these underserved populations. ### 1.3 Purpose of the Study This study aims to explore how Artificial Intelligence (AI) can enhance mental health support systems by assisting professionals in diagnosing and treating mental health disorders. The focus is on leveraging AI technologies to improve accessibility, accuracy, and personalization of mental health care, particularly in communities that are currently underserved. ### 1.4 Research Questions 1. How can AI technologies be integrated into mental health support systems to improve diagnosis and treatment? 2. What are the benefits and limitations of using AI in mental health care, especially in underserved communities? 3. What ethical considerations must be addressed when implementing AI-powered mental health solutions? ### 1.5 Significance of the Study The integration of AI into mental health care holds the potential to revolutionize how mental health services are delivered. By addressing accessibility issues and enhancing the capabilities of mental health professionals, AI can contribute to more effective and equitable mental health care. This study provides insights into the practical applications of AI in mental health and offers recommendations for its responsible implementation. --- ## 2. Data Collection & Interpretation ### 2.1 Research Methodology This study employs a qualitative research methodology, primarily utilizing a comprehensive literature review and analysis of existing case studies. The research focuses on academic journals, industry reports, and credible online sources to gather information on AI applications in mental health care. ### 2.2 Data Collection Data was collected from various sources, including: - **Academic Journals:** Articles from journals such as the Journa"
iska ?,me bhe isko he expand kar rahahu
hamara topic kya hai ?,to get 25-30 pages AI-Powered Mental Health Support Systems cholega na?
are dusra topic lena om bhi healthcare kar raha hai same same ho jayega,dusar kya? *dusara
dekh tu decide kar aur bata,.
sir ne meeting me nahi liya na abh tak,ye kiya tha mene decide
same same nahi ho jayega ? mujhe chalega,isleye pucha kya topic ho sata he
lele fir yehi,complete nahi hua he so I can change
mujhe sochna nahi hai,decide lene bola to mupher liya?
decide lele ??,no! no! no!
okk,thekta hu me
haa,technical nahi leta me phir
ppt kitne page ka ? political le,group pe check kar tere name pe podunga me political
nhi jane de fir,iran and isreil war
kuch bola nahi hai,mene dala he regardingpt
sir ko call laga,*ppt ha
aaj dala tha ?,nahi pehele
ha to abhi wapis bhej,me nahi bhej raha
bhej,dhun raha he to dhund varna jane de kal bana college me
kal om bola to barabar bheja maine bola to nahi bheja dekhle ye bheja hai tune isme ppt kitne page ka hai kaha likha hai ? so aizen was discovered as the traitor phone utha kya hua Sunn Kya hua ?,ppt bana de
haa kar raha hu,me page number aur alignment thik karta hu
haaa,kya bolu abhe me
bolde,kal botata hu
ppt ke points kya honge samajh nahi aa raha,take each heading from thesis except acknowledgement try to make it visual
1. Introduction 1.2 Problem Statement 1.3 Purpose of the Study 2. Data Collection & Interpretation 2.1 Research Methodology 2.2 Data Collection 3. Feedback 3.1.1 Mental Health Professionals 3.1.2 Patients 3.2 User Experience 4. Conclusion 4.1 Summary of Findings 4.4 Final Thoughts 5. Bibliography <This message was edited> this is over 20 pages cant take all,🤦‍♂️ Main topics bro
all look main,You only put the 2.1 2.2 things as a point in ppt
alright,With 1~2 line discription You are suppose to explain it yourself That's why best is visual
now ? how do I make visual ppt ?,Our favourite pie charts
ill have to read all the data and create them,AI?
they wont give me diagrams anymore all exhaustef limit for the day,https://livechatai.com/pie-chart-maker This?
i gave it 2 to 3 prompts it gave me the same pie chart all 3 times doesn't even make sense,AI Don't add those then
just one ?,Na don't add It doesn't seem right that everything is equal
yeah that's what,Aur mujhe bakike logonka pura name nahi pata
kal puchke daal denge check once,Change the layout It makes it look overwriting First page thiksr arrange karna padega
haa college me karte hai ill bring laptop,Okk
haa,Devansh tell chatgpt to give minutes for this
"Date: 20/09/2024 Time: 10:00 AM to 1:30 PM Location: Virtual Meeting (Zoom) 1. Welcome and Introductions Time: 10:00 AM to 10:10 AM Facilitator: Devansh Mayatra Devansh welcomed the team and introduced all members. The objectives of the meeting were outlined. 2. Project Overview Time: 10:10 AM to 10:30 AM Facilitator: Devansh Mayatra Devansh provided a brief background of the project. Key project objectives and scope were discussed. He highlighted the significance of the project and the expected outcomes. 3. Roles and Responsibilities Time: 10:30 AM to 11:00 AM Facilitator: Amey Pacharkar Amey explained the roles of each team member. Responsibilities were assigned, with emphasis on cross-functional collaborations. Clarifications were made on individual contributions. 4. Project Timeline and Milestones Time: 11:00 AM to 11:30 AM Facilitator: Shreyas Shreyas presented the project timeline and key milestones. Critical deadlines were highlighted, and the team was asked to note these. 5. Risk Management and Key Challenges Time: 11:30 AM to 12:10 PM Facilitator: Varad Varad discussed potential risks that may affect the project. The team brainstormed strategies for risk mitigation. Key challenges were identified, along with plans for addressing them. 6. Communication and Reporting Structure Time: 12:10 PM to 12:40 PM Facilitator: Devansh Mayatra Devansh outlined the communication channels to be used throughout the project. The reporting schedule was confirmed, and the documentation process was reviewed. Tools for project management were introduced. 7. Q&A and Open Discussion Time: 12:40 PM to 1:10 PM Facilitator: Devansh Mayatra The floor was opened for questions and clarifications. Team members raised queries regarding timelines and communication strategies, which were addressed by Devansh and other facilitators. 8. Next Steps and Closing Remarks Time: 1:10 PM to 1:30 PM Facilitator: Devansh Mayatra Devansh summarized the key decisions and action items from the meeting. The next steps were confirmed, including immediate tasks. The next check-in meeting was tentatively scheduled. Meeting Adjourned at: 1:30 PM Prepared by: Amey Pacharkar Role: Team Leader, Gemini wohi aaya Leke aa laptop Online bhi nahi ho raha import numpy as np from scipy.sparse import csc_matrix def pageRank(G, s = .85, maxerr = .0001): """""" Computes the pagerank for each of the n states Parameters ---------- G: matrix representing state transitions Gij is a binary value representing a transition from state i to j. s: probability of following a transition. 1-s probability of teleporting to another state. maxerr: if the sum of pageranks between iterations is bellow this we will have converged. """""" n = G.shape[0] # transform G into markov matrix A A = csc_matrix(G,dtype=np.float) rsums = np.array(A.sum(1))[:,0] ri, ci = A.nonzero() A.data /= rsums[ri] # bool array of sink states sink = rsums==0 # Compute pagerank r until we converge ro, r = np.zeros(n), np.ones(n) while np.sum(np.abs(r-ro)) > maxerr: ro = r.copy() # calculate each pagerank at a time for i in range(0,n): # inlinks of state i Ai = np.array(A[:,i].todense())[:,0] # account for sink states Di = sink / float(n) # account for teleportation to state i Ei = np.ones(n) / float(n) r[i] = ro.dot( Ai*s + Di*s + Ei*(1-s) ) # return normalized pagerank return r/float(sum(r)) if __name__=='__main__': # Example extracted from 'Introduction to Information Retrieval' G = np.array([[0,0,1,0,0,0,0], [0,1,1,0,0,0,0], [1,0,1,1,0,0,0], [0,0,0,1,1,0,0], [0,0,0,0,0,0,1], [0,0,0,0,0,1,1], [0,0,0,1,1,0,1]]) print(pageRank(G,s=.86)) import numpy as np import matplotlib.pyplot as plt import pandas as pd dataset = pd.read_csv('store_data.csv', header = None) transactions = [] for i in range(0,7501): transactions.append([str(dataset.values[i,j]) for j in range(0,20)]) from apyori import apriori rules= apriori(transactions, min_support = 0.003, min_confidence = 0.2, min_lift = 3, min_length = 2) MB = list(rules) Result = [list(MB[i][0]) for i in range(0,len(MB))] #print(Result) for item in Result: # first index of the inner list # Contains base item and add item pair = item[0] items = [x for x in pair] print(""Rule: "" + item[0] + "" ->"" + item[1]) #second index of the inner list print(""Support: "" + str(item[1])) #third index of the list located at 0th #of the third index of the inner list print(""Confidence: "" + str(item[1][2][0])) print(""Lift: "" + str(item[1][2][0])) print(""====================================="")","import numpy as np import matplotlib.pyplot as plt import pandas as pd from apyori import apriori # Load the dataset dataset = pd.read_csv('store_data.csv', header=None) # Preprocess the data into transactions transactions = [] for i in range(0, 7501): transaction = [str(dataset.values[i, j]) for j in range(0, 20)] transactions.append(transaction) # Apply the Apriori algorithm rules = apriori(transactions, min_support=0.003, min_confidence=0.2, min_lift=3, min_length=2) # Convert the rules generator to a list results = list(rules) # Function to print the rules def print_rules(results): for relation_record in results: for ordered_stat in relation_record.ordered_statistics: if len(ordered_stat.items_base) > 0 and len(ordered_stat.items_add) > 0: base = ', '.join(ordered_stat.items_base) add = ', '.join(ordered_stat.items_add) support = relation_record.support confidence = ordered_stat.confidence lift = ordered_stat.lift print(f""Rule: {base} -> {add}"") print(f""Support: {support}"") print(f""Confidence: {confidence}"") print(f""Lift: {lift}"") print(""====================================="") # Print the association rules print_rules(results)"
what in the actual bullshit is this,who is that? context? ahh yaad aya its beauty
His ballsack 😭😭😭 <This message was edited> Swaraj bhaiya ka number bhej Group me samajh nahi aa raha,Swaraj Dada (Web Dada) JKB.vcf (file attached) Ma'am will there be sums in IA exam? Which sums should I prepare for if so?
Message hi nahi kiya maine Shit I am interested,yes Rushi ka mujhe bhe aya tha
Maine notes hi send nahi kiye Abhi tak,Acha Kar send phir
Haa Lecture ke baad,Saihe
Haaa watch the new bleach arc now,naa currently not interested
dekh mast hau hai hai hai,to?
hai hai hai hai,nahi thekna mujhe
hai hai hai hai hai thikke,block kar dunga me spam matt kar
thikke ip la moodle se bhej mam ke notes,ye kya?
Haa Notes hai ? Isme sirf 3 modules ka hai,notes
Haaaa Thanks,paddle mujhe kal sikha
Haa,kuch kiya? any imp?
Nhi Soya tha,I can predict future ohhh night study?
Haaa,kar kar
Try karunga,kal mujhe batana
Tu nahi kar raha ?,me ekbar uparse thekta hu
Okk,samja to ache baat he
Haaa paimon in Japanese can be pretty cute sometimes but very annoying too,https://codepen.io/?cursor=ZD0xJm89MCZwPTEmdj04MTY2Nw==
https://codepen.io/jh3y/pen/mdNrrKX https://youtu.be/ClETppkoVQE?si=IjnzlSK5e7qrkDYt,"Lol Trust? Se ka 3,4 he kya tere pass?"
And using all of them together made his damage go from 29k to 120k,Oh in neuvi teams You start with that ?
Kartikey puch raha haina,Yes
Maine dekha hi nahi uska msg,Acha To tu bhej raha he kya?
Mere paas rahega to bhejta hu,Ha
Nahi to tujhe bolta hu,3-4 kya he?
Data flow aur use case diagram Use case case tere paas hai Data flow mere paas hai,Group PE dhek
Ruk,Bheja?
use case nahi hai mere paas data flowbhej diya maine,mujhe  bhe nahi mil raha he
tune om ko bheja tha om ke chats me dekh ek baar print nikalne,ye?
haaaa,Ek kam kar. Too ke sir ko puch regarding data which is to be added in the app
Abhi ? College me phone nahi uthayenge,Thikhe
"Good evening Sir, Me and my group are developing the app for ZP School and we have started the development we require the data about the school for further progress can you provide us with the same Good evening, Sir. My team and I are currently developing an application for ZP School. We have begun the development process and require specific data about the school to ensure its successful completion. Could you kindly provide us with the necessary information to facilitate our progress? Thank you for your attention to this matter. Mast na",Ha bohot acha he
"Good evening, Sir. My group and I are developing an app for ZP School. We have begun the development process and require data about the school to continue our progress. Would you be able to provide us with the necessary information? Thank you for your time and consideration.",Tera nahi he Mera itna acha he
Hey there! My group and I are working on an app for ZP School and we've already started the development. We need some data about the school to move forward. Can you help us out with that?,Hey there? Dost bana diya ai ne
"Good evening Sir, Me and my group are developing the app for ZP School and we have started the development 📚 we require the data about the school for further progress 📝 can you provide us with the same 📚 Sab outcomes hai ye Ye hi bheju na ?","Good evening Sir, My group and I have started working on the app for ZP School. We needed the data about the school as well as the data to be added in the app. Can you kindly provide us with the same? Ye thek"
Ha chalega Bhejta hu,Ha
Bhej diya,what is it called when it goes all the way down to next screen on one scroll?
Scroll snap,are the websites with one scroll wala to different sections
You mean parallax?,ah ya
Parallax is when different objects on the screen move at different speeds on scroll,ohhh I will try it do you give different animations?
Scroll snap is directly moving to next page when scrolled above a certain percentage,should I do parallax or scroll snap or menu?
I haven't tried yet You want to move to the next section on scroll na abe tournament of power movie hai ki episodes hai ?,Shayad dono he
meko episode wala mila wo dekh raha hu sir ka kuch reply nahi aaya hai,Acha
haa how do I use hex codes colors in flutter,"Color.fromARGB(255, 183, 64, 147) try this"
Ya I used that,can we change the color of a img inside a img tag? or will I have to use the img in the background-img? work kiya?
Ya you can Blend or something Rgb aaya Ha wohi,Happy Dussehra
Happy Dussehra ✨️🍀 YOU HAVE TO COMPLETE THE 5.1 ARCHON QUEST I WANT TO TALK,nahere android karna he
mai bhi wohi kar raha hi,btw how can I keep a div fixed and then remove it when it get to end of screen ohh to tubhe matt ghel ?
mera ho gaya khelke javascript,any other way?
not that I know of How do I get ridd of the fine line above new updates,its container border I thin
Ya it is,*think
They are 2 containers,there should be a border property
I set it to none ?,sure
Sure ? Im asking,try it
Do we have to set it to none ? Alright,try it
Ok,me itna der se resume bana raha tha. portfolio banana tha
Kya 😂,https://ameypacharkar.netlify.app/
Use svh fir height Bottom part is getting cut off Everything else is nice,mere isme barobar tha tera phone chota e *he
Use svh or dvh Haa,vo kya he?
Small and dynamic view height,how do you use it? rukh  me search karta hu
Haa,ekbar responsiveness thekle web pe
yrah works fine],check now regarding this hua kya? tu svh use karta he kya?
nhi aisa kabhi problem nahi aaya ha abhi barabar hai,ss bhej ha mene scroll snap use kiya
Haaa,to jara bhe upar ya niche kiya to sitha next section
Haaaaa Acha hak Hai,adha adha nahi hoga
Haaa,chal phir good night
Ha chal Good night,mujhe kal karna padega android
Haa kar kar,bleach?
Bleach ? Dekh raha hu,Marja devansh
Call kiya tha ?,SKY ko ana chaheye tha
Kya hua ?,Sir kal yitna bole na ayo karke Phir bhe nahi aya Sir ko bhe acha lagta
Raatko late soya,Dadar araha he kya?
To utha hi nahi,Bleach
Dekhta hu Nhi be wo to khatam ho gaya tah Project ka kar raha tha,Oh ho acha
Mai online hi karne wala hu fees,Ha me bhe ekbar papa se puchata hu
Are ye meeting bhi haina kich 10.15 ko,Are ha
Haaaa,Attend kar me sirf join karke rakata hu
Haaaa Waaaah,Thekta hu me. Ajj shayad nahi kar payunga me Android ka project. Engagement ke liye ja raha hu shamko
Ohhhh Maje kar,Maybe duperko thekta hu
Haaa,Dyan do meeting me Aur phirujhe batav
Haaa Tu jaa raha haina dadar ?,Ho
Sir ko puch online kaise karna hai,Ha pohochake puchata hu
haaa,Call kar null Ajj shamtak bata mujhe data ke bareme Atleast puch kya kya dalna he aur konse format he and kesa chaheye db
Everyone who is willing yo come to bangalore please pay 3500 as travelling expenses from Mumbai to Bangalore and vice versa Haa Ye chalega ?,"Who are coming to Bangalore pay rs.3500 for travelling expanses (Both ways train travel, Bangalore bus travel)"
Ok On the above given or code,Ha
Ye add karu? Okk,Devansh Everyone dal pehele. Everyone who are ...
Dekh,Thikhe Om ko bhe puchle jabhe tu usko call karne bol raha huga
Haa Aum Patel paid,https://docs.google.com/spreadsheets/d/1BAcSaMNv4tCczsM3clTW3MzVJKBmzHAjtCTUEfPIrn0/edit?usp=sharing
Access de,call karke pranav ko bol poll lene group PE poll dalde konkon interested he regarding Bangalore agar sir ne vune bhe bola hoga to ye puch pehele <This message was edited> aur bol Borivali aur nerul ke bhe coordinators ko karne ke liye
Bola Bola hai sir ne unhe,chalega
Par Pranav khud nahi aa raha,thik he me thekta hu rehene de
Poll dalega wo hola Bola Ki na bolu ?,rehene de
Thikke,sir se ekbar puchake bol denge second year walonko abhe kuch mat bol
Thikke call karu kya sabko kisi aur ne pay nahii kiya,Status puch le
thikke,Kal college Jana padega <This message was edited>
Haaaa,mene nahi likha kuch kal likhana padega submission ke din sare assignments check karne padenge
haaaa se ka kya,Nahi kiya
Mere paas pages nahi hai,College me likhana padega
Ha aa gaya,Hua kya re?
So gaya tha me,Mohit ka hua he kya?
Mohit ?,Mihir
Ha bheja usne,Current status: 3194+ 5345 = 8539 12250 - 8539 = 3711
5345 ? Tickets bhej Ohook tera 4 haina,Before refund
okk,Tu likh raha he kya?
Nhi,ma'am ka call tha project ke liye thikhane ke liye
Kya bola ?,database baki he
To mam kya boli ?,ma'am bol rahe the thikhav
To abh ?,bola mene submission he to jara gadbad he
Okk 24500 12250 -  given to amey 8006 - banglore to mumbai 3194 - mumbai to banglore Remaining balance - 1050,khale
https://dribbble.com/shots/20562638-Kids-education-app-Quiz-app-Ed-tech-application,Om ko pucha regarding benguluru?
Ha Wo bola raat tak batata hu,Bol usko 10.30 ko book karne wale he Meet me Aur sir ne bheja hua message bhej de usko
bheja,om ko bol agar araha he to join kar
Call nahi utha raha,Usko bol last hoga Confirm tickets khatam ho jayenge
Tu laga call,Bola bata raha he Vo bahar Gaya he family ke sath null sirf login registration huahe bohot baki he
Hm,bohot kantala araha he cant they just use this?
our projrct is an app,it is the same thing nothing different at this point I am getting sleep deprived
you should sleep then,https://github.com/AmeyPacharkar1896/ZpSchoolApp/tree/master/zp_school mujhe shayad late ho jayega
wow abh ?,delete karna padga c drive se
star rail delete kar de,deleted he pc me only genshin
ohh wo bhi delete karde,thek ta hu varna node udana padega
baadme download karde wapis,agar nahi ho raha hoga to ha
haaa https://github.com/ketanchoyal/Our-E-School https://github.com/strbbrn/Fluttter-School-App https://github.com/Yassin522/SchoolMate-App working ?,c drive
its empty I mean full,yaa it wont run
delete genshin,since no space in c drive ha
kiya ?,ha You deleted this message You deleted this message You deleted this message You deleted this message You deleted this message You deleted this message You deleted this message You deleted this message You deleted this message You deleted this message You deleted this message You deleted this message You deleted this message You deleted this message You deleted this message You deleted this message You deleted this message You deleted this message You deleted this message You deleted this message You deleted this message You deleted this message You deleted this message You deleted this message You deleted this message You deleted this message You deleted this message You deleted this message You deleted this message You deleted this message
ye sab kya,https://github.com/AmeyPacharkar1896/zp_school_lib ismese lib lele ek flutter project bana aur copy paste karde
Ok,ymal file bhe bhejta hu
ha,asset bhe lele aur pubspec.ymal pura copy paste kar Kya karu me abhe? Ye to nahi mil raha log book banadu tabtak?
ha banade pubspec ?,pubspec.ymal file hoga end me usme kopy past kar
pura error laal laal,dependancies nahi he na
nahi hai,folders me nahi he?
ha mila' fir bhi error hai,?? thika Copy paste Kiya?
haaa,Flutter pub get Command Gaya?
nhi hai,Khol file aur check kar errors Cut kar terminal
super pe error dikha raha hai,Ye last year ka he Hover kar uspe aur ss bhej Mujhe nahi ayatha Dusare file dhek Usme kya error he
har jagah par wohi error hai super ka bass,Tu ek kam kar ymal copy kar aur error bhe aur chatgpt ko bol Solve karke de Hamare group me 3 Jan he na bass?
haa super ka gaya lekin aur bhi errors aaye,saihe kya kiya? only red wale thek agar hua to
ha red wala hi,mene clear kiye the lekin abhe pata nahi
uri doesn't exist bol raha hai,uda
delete ?,ha
iska ka kya,tuje error kyu araha he?
pata nhi,vsc band kar restart pc aur phir try kaar hamare project ka name kya he/
mentor connect mai ye technothon ka karne baithunga to apna mini project hoga hi nahi report bhi nahi bana hai,😅 mera bhe wohe he
same error,pehele he usko declare kiya he mujhe nahi aye ye sab errors lekin
haaa,hamara project kisme he?
kismet hai matlab ?,kya kya use kiya? mongadb aur?
ejs css node.js express.js,ye tujhe android>build-grader vahape true karna padeg
kahape,db kisme he? error wala variable he kya wala pe?
nhi mongo db atlas,report karle
dekhle https://forms.gle/ygf5CZbA2oPd8avg9 https://youtu.be/8Vk_2Kq9Njw?si=0_MISkF5-GbiQaKJ,Kal hamara nahi he To paad Lena kal
Haa First dwm haina ?,"22Oct - CN 24Oct - DWM 25Oct - SE 20/10/2024, 8:50 pm - You pinned a message"
Okk Cn padhna padega,Ha isliye bola Mene Kiya complete chapter 5 arc 4 Sai tha Fake sky bhe dheka
Haaaa Blocks Moon,Destroyed
Sahi hai Haa,Mujhe laga vo planet he
Maja aaya Tera death count Kitna gaya ?,War vo aur better kar sakte the. Lekin bache phir nahi khel pate Death count?
War me Death count Hota hai,Mera ki sabka?
Wo page me,Pata nahi theka nahi. Around 2k?
Mera 4k tak gaya tha,Kyu? Mujhe laga hard coded he vo
Tere actions pe depend rehta hai wo Tu kaha pehele jaata hai,Ohh
Kisko pehele save karta hai Haaa,Saihe
Haaa,Highest kitna hoga?
Maine Reddit ya twitter pe 6k dekha tha Jske uper nhi,Total natlan ka population kitna he?
Pata nhi Lekin mostly sab revive ho jaate hai Flames ki wajahse Kuch hi marte hai,Saihe
Haa,Mujhe lagta he around 10k hoga
Ha mostly,Ya phir aur kam Max 10k hoga
Lekin isme paimon first time kuch kaam ki aayi in a while,Usmese agar 6k mar gaye to 60% bohot he Kya kiya?
Haa She asked captain about dainsleif,Ah ha
Haaaa,Likin last battle baki hena
Haaa,Final
Traveller and mavuika jaayenge,Fire traveller
Mujhe lagta hai abyss me mavuika travelling ko gnosis degi aur khudko sacrifice kar degi,Aur mavuika ka death
And we'll get an op fire traveller,Op nahi rega
Hona chahiye He should use The gnosis,Gnosis maybe captain lega
What if he becomes the new Pyro archon,Nahi banega
Banna chahiye,Uska aim kuch aur he na. Kisko to marna he Vo vala tha ending scene me
Haaaa Captain bhi mar sakta hai,Vuska design saihe
He is weak and deteriorating,Nahi marna chahiye
Haaaa Usko Bina mask ke dekhna hai,Vozombie hoga yaphir dainsleif uska restrn kar dega Do he ho sakta he
Haaa,Aur ek shal for tsaritsa Aur szhezyaya
Yaaaa,Kal college jate he Stamps sab lelete he
Kyu ? Ha chalega Se ka Mera front page pe sign bhi baki hai,Aur kuch baki he kya? TCS on Tuesdays na?
Haaa,Thikhe
Ha Jaldi karke aa jeeyenge,Jaldi jatehe Ha
Haaa,9 ko stamp le lete he Aur 9.30 tak ghar
Haa chalega,Ke liye nikalte he
Ha Maine spiral binding Kara liya hai,Mujhe jagna padega ajj jara for AIML ka assignment. Kal nahi lagta ho payega
Haa karle Kal nahi jaate Tuesday ko hi Kar lenge sab Fukat me time waste hoga aane jaaneka,Tuesday ko jaldi ana padega 9 se chalu ho raha he
Haaa Aa jaayenge jaldi Aaj soja wapis,hello
https://meet.google.com/ste-xsft-dsw https://prod.liveshare.vsengsaas.visualstudio.com/join?D04F4262C650E1FF72FC9FBDF4955CE31DA8,tera lecture hone ke baad batata hu me tujhe code call kar
haa okk,ajgar me sugaya to subhe batata hu
haa,"#include <stdio.h> #include <string.h> char inputPoly[100]; char generatorPoly[100]; char crcInputPoly[100]; int lenInputPoly, lenGeneratorPoly, i, j; //fucntion protocol void crc(); void XOR(); void receiver(); int main() { //input main poly printf(""Enter the input Polynomial : ""); scanf(""%s"", &inputPoly); //input generator poly printf(""Enter the generator Polynomial : ""); scanf(""%s"", &generatorPoly); //find length of both poly lenInputPoly = strlen(inputPoly); lenGeneratorPoly = strlen(generatorPoly); //add lenGeneratorPoly-1 poly into main poly for(i = lenInputPoly; i < lenInputPoly + lenGeneratorPoly - 1; i ++) { inputPoly[i] = '0'; } inputPoly[i] = '\0'; printf(""\nData padded with n-1 zero: %s"", inputPoly); //actual crc started crc(); printf(""\nCRC Value is : %s"", crcInputPoly); //to add the crc instead of 000...lenGeneratorPoly-1 for(i = lenInputPoly; i < lenInputPoly + lenGeneratorPoly - 1; i ++) { //crcInputPoly is only till lenGeneratorPoly-1 //basically, 0 = crc first element and so on inputPoly[i] = crcInputPoly[i - lenInputPoly]; } inputPoly[i] = '\0'; printf(""\nFinal Data to be send is : %s"", inputPoly); receiver(); return 0; } void crc() { //get the first lenGeneratorPoly elements from main poly for(i = 0; i < lenGeneratorPoly; i ++) { crcInputPoly[i] = inputPoly[i]; } //get the length int lenCrcInputPoly = lenGeneratorPoly; do { //if 1 then only we do xor or else we put 0000000...lenGeneratorPoly-1 if(crcInputPoly[0] == '1') { XOR(); } //since we dont use the first element (X daltehe) we shift one for next computation for(j = 0; j < lenGeneratorPoly - 1; j ++) { //the new string which we got after xor (or 0 wala part) we put it for next computation crcInputPoly[j] = crcInputPoly[j + 1]; } //one space still remains in crcInputPoly since we discard first element, so we take one element from inputPoly crcInputPoly[j] = inputPoly[lenCrcInputPoly ++]; } while(lenCrcInputPoly < lenInputPoly + lenGeneratorPoly); } void XOR() { //we always throw away the first element as X in our sum for(j = 1; j < lenGeneratorPoly; j ++) { //XOR logic > if same put 0 else 1 crcInputPoly[j] = ((crcInputPoly[j] == generatorPoly[j]) ? '0' : '1'); } } void receiver() { printf(""\nEnter the received data : ""); scanf(""%s"", &inputPoly); printf(""Received data : %s"", inputPoly); crc(); //check if the output is zero for(i = 0; (i < lenGeneratorPoly - 1) && (crcInputPoly[i] != '1'); i ++); if(i < lenGeneratorPoly - 1) { printf(""\nAn error has been detected""); } else { printf(""\nNo Error has been detected.""); } } crc #include <stdio.h> #include <string.h> int main() { char firsString[20], secondString[20]; char sum[20], complement[20]; int i, length; printf(""Enter the first binary String : ""); scanf(""%s"", &firsString); printf(""Enter the second binary String : ""); scanf(""%s"", &secondString); if(strlen(firsString) == strlen(secondString)) { length = strlen(firsString); char carry = '0'; for(i = length - 1; i >= 0; i --) { if(firsString[i] == '0' && secondString[i] == '0' && carry == '0') { sum[i] = '0'; carry = '0'; } else if(firsString[i] == '0' && secondString[i] == '0' && carry == '1') { sum[i] = '1'; carry = '0'; } else if(firsString[i] == '0' && secondString[i] == '1' && carry == '0') { sum[i] = '1'; carry = '0'; } else if(firsString[i] == '0' && secondString[i] == '1' && carry == '1') { sum[i] = '0'; carry = '1'; } else if(firsString[i] == '1' && secondString[i] == '0' && carry == '0') { sum[i] = '1'; carry = '0'; } else if(firsString[i] == '1' && secondString[i] == '0' && carry == '1') { sum[i] = '0'; carry = '1'; } else if(firsString[i] == '1' && secondString[i] == '1' && carry == '0') { sum[i] = '0'; carry = '1'; } else if(firsString[i] == '1' && secondString[i] == '1' && carry == '1') { sum[i] = '1'; carry = '1'; } else { break; } } printf(""\nSum : %c%s"", carry, sum); for(i = 0; i < length; i ++) { if(sum[i] == '0') { complement[i] = '1'; } else { complement[i] = '0'; } } if(carry == '1') { carry = '0'; } else { carry = '1'; } printf(""\nChecksum : %c%s"", carry, complement); } else { printf(""\nWrong Input""); } } checksum hua kya?"
nhu,ekbar code thekle samja jayega
Haaa Kal bata dena Jaldi aate hai 8.30,crc me cammands paad le. checksum easy he
Haaa,ha chalega
Haaa,padle
Haaa,doubt kal puchlena tuje ajayega
Haa,chal phir good night
Ha chal Good night,Djistra kiya kya? Me bhul gaya
Mai bhi,Bus nahi he Ekbhe
"Maje kar https://drive.google.com/drive/folders/14qEtHZ9FruL2Puu1L4X9vKbqj9J-o8Ll?usp=sharing https://bit.ly/dwmprt https://protonmovies.online/ First 8 he rahenge practical mai 1st problem statement hai , OTT platform 4rth Usecase diagram - Fitness application Internet connection milega ,Draw.io mai Krna hai sab kuch , sirf Problem statement or SRS Chod kai ATM machine Mai Sequence diagram banana hai Questions,mai SRS SDLC, waterfall, spiral model",Viva ke liye SDLC life cycle RMMM Model Agile SCRUM Waterfall Model What is Requirement Gathering? Questions based on your Practical. Bas itna hi hai hamari Viva wali Maam bohot zyada Chill thi Om ka message GPT se PlantUML ka code uthaya aur Draw.io mai paste kar diya fir khud se thoda edit kiya Aur theory Geeks for Geeks se uthaya Aur kartikey Bhauo bole exp1-8 aur SRS ke liye 1hr milega
Okk Chalse 😂😂 Then should I go in his foot steps and cause a mass genocide?,Then die.... You should only follow this
After killing 80 percent of the earth's population,You don't even have a reason 10 ko he Jaldi ana padega For revision
9 ko aaja Haa Time pe aa,Ha try karta hu
Late mat Kar Jaldi karke nikal jaayenge,Daba ko dher hota he jara No khelna?
Daba mat le Are ha Mai bhul gaya Ha fir leke aa,Ha
Haa,Ekbar thekle how to put code in draw.io
Haaa Dekhta hu,Agar chance Mila too Mujhe kal bata
Haaa,Off chance ke liye me padke rakta hu
"Haaa nahi ho raha plant uml draw,io me planttext.com null",we can make different files for js and then import
Those are called modules And that's not very good Only for certain use cases Sor will teach you that when js ends,so dont use them? i used them quite alot
Mostly for different files You have to export them then import them Or it's a mess,yayaa i have been doing that
Yeah,so is it good or not? change the code? or let it be?
And you make them a module Ya good,i see nice you have to give the style type right?
Style type ?,i was using it and had not done it and it kept showing no such module script
Yeah Besides src in the script tag,it took me quite a while to realise it
Yaaaa,yaa then i will keep it for now
Yeah,it was really weird having so many functionalities together due to android 😅
Yeah yeah I know null,null
This message was deleted,kya hua?
Tic tac toe,141mb? Kya kiya itne mb ka?
State full me banaya Pata nhi kyu itna bada hua,Kya color combination he
Haha Best choice,Over load Color bohot ghan he baki acha he
Ruk wapis bhejta hu,Matt download karna padega
Over flow this hua hai ki nahi kaise samjhega,Har ek phone me check nahi kar sathe n Column me dal
Column me hi hai,Sizedbox me he kya?
Haaa,Nikal de Padding de agar chaheye to
Okk,Uske vajese ho raha he
Ohkk,Tumara ajj session he?
Nhi,Kal?
Saturday ko hai,Ok
Ha,we can select a ancestor in css as well not just successor
using > this operator ?,no that's impossible using psudo class
which pseudo class ?,:has https://log-in-page-animation.netlify.app/ window pe dhekna reactive nahi he
ohh that's nice,Saina
Haaa,Happy padva devansh. Tere sare Ghar walonko bhe
Happy padwa Haaaa https://youtu.be/8PbphWFAZv8?si=VQiRgVOe0DGORvv6 ye uperka pune uni ka hai questions sorry,Thikhe chalega
Se,to ye sirf banake rakha  he? mujhe laga tera hogaya  padke
nhi hua TCS CN Ye thoda confusing lagega,Kal subhe a tu Sky ke liye Nahi aya to thek Kar raha he kya pay abhe?
Tu bolw Karna hai to abhi karte hai Om ka kya?,Last time hame kuch receipt nahi pucha tha for advance
Haa,To vo dal sakta he hamara. Lekin ekbar sir ko puchana Sai rahe ga
Ha wohi Puchna Chahiye,Kar lete he. Bol denge kal dorm khatam ho gaya aur next pay 6.5k he. Aur pata nahi agar khatam ho gaya to
Okk Karte hai,Karde
Ha Ho gaya,Mera nahi hua Rukh ja
Done,Receipt lele
Haaa Tera hua ?,Mujhe dodo payment ke notification aya me dar agaya dono bar Gaye kya 😂
Transaction history dekh,Nahi re ekbar he tha Theka mene
Okk Ho gaya fir tera ?,Ha
Okkk,join kar devansh follow up Responsive
Yeah 😂😭 https://github.com/florinpop17/app-ideas,thanks
Ho gaya ?,Ha dimak gaya mera Chalna band ho gaya Maja ayega tuje
acha download karna hai compiler ?,Online editor he waha Bass 2 test cases pass karne he
ohh sirf 2 ?,Mar jayega 2 he karte karte
6 questions hai na,Yes
okk tere kitne question hue,Me bolunga python ya phir Java kar
python nahi aata java karunga,Hmm first question string operation aur recursion par he
ohh questions change honge na,Mostly ek set hoga usmese random
haaa ?,3
Camera ya ya kuch chalu nahi rakhna na,Mera aur time he around 2-3 he Kuch nahi par mene pada he unka plagiarism bohot acha he
ohkk,Agar samaj tune uthaya bhe to wala link dalde kahase udhaya karke
are matlab mai bina tshirt ke baithunga to chalega na,Ya phir reference kaha se liye uska bhe link dal
haa,Ha
mai baithta hu abhi fir,Bhet ja Maja ayega tujhe
haaaa,Me to abhe sone ja raha hu. Dimak gaya mera All the best Maja kar
bakike questions ?,Ho gaya mera. Bakeke try Kiya nahi hua.
okk achaa,Matrix aur 2d Wale he
achaa,Me reference se kar raha tha lekin logic kuch hua nahi
okk dekhta hu mai,Mujhe to ek pesese code Dene Wale website bhe mile Ek Jan kar raha tha
ohh,Ha Thekle agar le raha hoga to lele
nhi re,Kese gaya?
I can't think anymore 3 question hue My brain has stopped working Padhunga kaise abh mai,Practice karna padega. Ese nahi chalega
Haaaa,aya kya payment ?
Haa Aay gaya,Oho interesting. Is it edited? Devansh vo notes bhej na
Haaa Aa gaye paise . cn SEM 5 https://drive.google.com/drive/folders/1XKilsUKiHpJQObljYkkhlYbGyBgTIqIe?usp=sharing,Itna he?
Haa,Ok chalega
my application got accepted for an internship for a software development engineer role and its a stock markey app company,Cool good luck Linkdin?
unstop,Paisa?
the issue is I applied to 5 internships from unstop and this isn't one of them,😂😂 Paisa?
my resume got accepted for an intern position which I never applied for kuch likha nahi hai,Ekbar enquiry kar unke pass Regarding post and all
shortlisted hua hai accept nahi,Kar phir
ha wo to technical assessment dunga hi baadme dekhte hai,Ha
kya hota hai,Chalega
paisa nahi hoga to na bol dunga,Ha
haa,Resume kaha se banaya? Vo web wala ki resume?
Wapis banaya Bhejta hu ruk Dono,Saihe
Ha,"*Join the PM Internship Scheme* *Application Now Open to All College Students, Including Graduates* We are excited to announce that the application form is now open to all college students, including undergraduates and graduates. This opportunity is perfect for anyone looking to apply for a scholarship internship *Eligibility:* *Undergraduates:* Currently enrolled in college. *Graduates:* Recent graduates or those pursuing a graduate program. *How to Apply:* Complete the application form. *Apply Now:* https://forms.gle/FXCzB6uynAdUs2Gn6 Deadline: 20/11/2024 (7 IST) Feel free to circulate this information with your friends and fellow students at college—everyone eligible is encouraged to apply! Don’t miss out on this opportunity to advance your academic or career goals. Apply now!"
I'm scared for my life,Design acha he
bohot acha hai,Do swords he na vo?
haaaa,Gate ka message aya kya?
Ha kuch defects hai mere form me Barabar karne bola Kiya nahi hai maine,Ha mujhe bola accepted
Ohkk https://appwritereactblog.netlify.app/ Doesn't work on mobile i have to make changes 😅,"https://assignment-10-restaurant-js-dom.netlify.app/ Assigment Details: 1. fetch call to https://dummyjson.com/products 2. render product list from fetch results 3. When user types a query, make api call to 'https://dummyjson.com/products/search?q=USER_QUERY' 4. render search results in the list 5. when user clicks on the product. 1. open popup 3. render product details from fetch results"
"<Media omitted> 08/12/2024, 5:07 pm - You pinned a message",om ko bhe call karke puchle araha he kya karke
Ha Phone nahi utha raha,Me try karta hu Agaya vo
Aaya wo,https://meet.google.com/cpt-bgyh-skh we forgot one thing to use localstorage 😅😂 the answer was so easy still so hard
Oh 😂 Wow,mene bola tha vo movie theka kya?
Nhi Naam kya tha ?,Never let go
Aaj dekhta hu,Ha Phir bata mujhe Kese laga
Haa Kidher dekha tha tune ? Amazon prime pe paise maang raha hai dekhne,Protonmovies
Okk,Yaa that's how she died
Do the kids leave the home ?,You will see
So they for saved in the end,.
It ended,Ah ya they get out
They got saved,But his brother because dark
Yeah They got him,Yaa it was an alien right
Then the other one hugged a creature and said I love you mom Yeah an alien,Yaa it was alien brought by his mom
So they kids were safe,Yaa it was basically the house from the lore most probably
It was only the mom who was not safe,Idk I think it would be bad since his brother became dark
Ya no When the mother was alice Alive,Ah ya In the beginning I was thinking their mom was mentally ill and she just dragged her kids
And the poor man he was real,In the end it turned out there was something Yaa Tho his daughter status is unknown
And when the brother killed him the evil took advantage of it,I think their mom was seeing things and such
Yeah,Yaa
It's was creepy,Yaa
Yaaaa,There are quite a few movies like this
Ohh are there,"Yaa there is this one ""Get Out"" It is a good one as well"
I thought it was horror at first Ohh,It is horror but really.little
Yaaa I've watched 9 movies till now,😅 Which ones?
All the spiderman And this one,Watch John wick then It is good.
Hmmmm Alright,What the heck? Isn't she a grandma? Still?
Yeah 200 + years,Yaa tho spoiler alert. There is alot of killing and cool fight scenes
Oh ya I know that,It doesn't feel super natural tho like ij alot of movies
I've heard about John wick,No extra random stuff just pure killing
And matrix,Yaa Yaa I watched both of them Matrix is good too
Yaa Ill watch it after this,Tho I didn't liked the last movie It's good but not for me
Ohkk,After what? John wick?
Yeah,Nice
I was gonna see iron man and avengers too,All Marvel huh
Yeah almost,You watched dark knight?
Yeahh All 3 in one go,Dang I only watched first one
Those are good,Mostly for joker 😅 Then I didn't watched it
Yeah he's just in the first The actor died later on na,Yaa then he becomes anyi-villain right?
Then they recast him recently,Yaa it was a really great performance
Yeah,For joker movies?
He got an Oscar after death Yaa,Yaa Those were some dark movies
The joker movie is also good Yeah,Yaa you watched both?
Naa I want to watch the second,Yaa the second one Won't spoiler Tho first one was really messed up. He starts a roit right?
Yeah,t the end he became celebrity In a bad way tho
Yaa https://youtu.be/2pZR-vfbcbo?si=veMeuK49vQW6vbwz,Maybe I should stop watching so many movies centred around death and killing
Ya maybe,Will have to try it now
yeah its a headache,You tried?
naa I just found it now and theres no video of it on tailwind,Yaa that might be nice to try in something
yeah https://en.wikipedia.org/wiki/Udyan_Express,https://github.com/AmeyPacharkar1896/Flutter_Projects
https://meet.google.com/fbx-xija-oqz put background color in image tag in css,.thumbnail img { width: 100%; height: auto; border-radius: 8px; background-color: white; display: inline-block; } css for img
did you put background color in thumbnail / ?,nothing happened
whats the html like oh that's the entire image ? try using blend,yaa thumbnail>img let me try isn't it for background img? will have to change to backgroudn it just makes the color change even for the products
Yeah i know,yaa so its useless mostly since product site since it would be fraud
Ya maybe,yaa Devansh kal mere ghar Satya Narayan ke Puja ke liye aja. Evening me 6 tak aja.
Okk The variation between my friends,😂😂 kabka he?
Date dekh uper 19th feb,spoken tutorial karna he na/ ki kiya tune?
Nhi kiya,Karna padega phir
Haa,Link : https://spoken-tutorial.org/ software training > training > student dashboard > Linux > Quiz > Start https://meet.google.com/okm-dryy-ceg aja devansh <This message was edited>
you have to check it out git wrapped git-wrapped.com we only have to book 3 tickets Satyendra sir and her wife and parth,Ok
I got the details,Ok to nahi puchata
Haa,Call kar Kam he jara https://youtu.be/QnEIppVG2Sk?si=ni4zmdWn-_4UhFdO
Parth Abhijit Mayuresh Adnaan Pranav Om Ayush Mihir Purva Saish Amey Asmita Jai Shivam Aum Sunn Manav Harsh and dad Tanishka,"null Hello everyone, I hope you're all doing well after our amazing trip to Bengaluru! It was such a blast exploring the city and attending the Advanced Meditation Program with Akhilesh Bhaiya. 🎊 As a token of our gratitude for the wonderful experience and the delicious sweets we enjoyed, we are planning to make a donation to the Gaushala at the Ashram. Please feel free to contribute as you wish. You can consider this donation as the fee we were informed to carry for the shows at the Visvesvaraya Museum. I encourage everyone to find it in their hearts to contribute to this noble cause. Thank you! Ye thek kesahe"
Acha hai,"Hello everyone, I hope you're all doing well after our amazing trip to Bengaluru!👐 It was such a blast exploring the city and attending the Advanced Meditation Program with Akhilesh Bhaiya. 🎊 As a token of our gratitude for the wonderful experience and the delicious sweets😋 we enjoyed, we are planning to make a donation to the Gaushala🐮 and Girl child education👧 at the Ashram. Please feel free to contribute as you wish (minimum Rs.100). The amount Sir had told to bring for the shows at Visvesvaraya Museum was paid by Vinayak Sir himself. Now he insists that instead of returning we donate. I encourage everyone to find it in their hearts to contribute to this noble cause. Thank you!🎊"
👍🏽👍🏽 Nice,tera video band aur chalu same he
😂😂😂 Wo thik hai Transposition wala kar hua kya ?,Nahi kiya Kal karte he college me Agar time Mila to
"ha chalega mera decrypt nahi ho raha import java.util.Scanner; import java.util.ArrayList; class database{ ArrayList<Character> additiveEncryptionDictionary(){ ArrayList<Character> alphabets = new ArrayList<Character>(); char ch = 'a'; char capCh = 'A'; while(ch <= 'z'){ alphabets.add(ch); ch++; } while(capCh <= 'Z'){ alphabets.add(capCh); capCh++; } alphabets.add(' '); System.out.println(alphabets); return alphabets; } } class AdditiveEncryption{ String encrypt(ArrayList<Character> dict , String plainText , int key){ String cipherText = """"; int cipherValue; for(char ch : plainText.toCharArray()){ int value = dict.indexOf(ch); cipherValue = ((value + key) % 53); cipherText += dict.get(cipherValue); } return cipherText; } String decrypt(ArrayList<Character> dict , String cipherText , int key){ String plainText = """"; int cipherValue , cipherValue2; for(char ch : cipherText.toCharArray()){ int value = dict.indexOf(ch); cipherValue = value - key; cipherValue2 = cipherValue < 0 ? 53 + cipherValue : cipherValue % 53 ; plainText += dict.get(cipherValue2); } return plainText; } } class KeylessTranspositionEncryption{ String[] encrypt(String plainText){ String[] outputs = new String[3]; String odd = """"; String even = """"; for(char ch : plainText.toCharArray()){ if(plainText.indexOf(ch)%2 == 0){ even += ch; }else{ odd += ch; } } String cipherText = even + odd; outputs[0] = cipherText; outputs[1] = odd; outputs[2] = even; return outputs; } void decrypt(String odd , String even , String cipherText){ String plainText = """"; System.out.println(""Even ""+ even + ""\nOdd ""+odd); System.out.print(plainText); } } public class Main{ public static void main(String[] args) { database db = new database(); Scanner sc = new Scanner(System.in); AdditiveEncryption ac = new AdditiveEncryption(); KeylessTranspositionEncryption kt = new KeylessTranspositionEncryption(); ArrayList<Character> additiveEncryptionDictionary = db.additiveEncryptionDictionary(); System.out.println(""Enter plain text :""); String plainText = sc.nextLine(); String cipherText = """"; String decipheredPlainText = """"; System.out.println(""Choose the encryption method""); System.out.println(""1.)Additive Encryption \n2.)Keyless Transposition Encryption""); int choice = sc.nextInt(); switch(choice){ case 1: System.out.println(""Enter key :""); int key = sc.nextInt(); cipherText = ac.encrypt(additiveEncryptionDictionary , plainText , key); System.out.println(""Encrypted text by Additive encryption :""+cipherText); decipheredPlainText = ac.decrypt(additiveEncryptionDictionary , cipherText , key); System.out.println(""Decrypted text by Additive decryption ""+decipheredPlainText); break; case 2: String[] outputs = kt.encrypt(plainText); cipherText = outputs[0]; System.out.println(""Encrypted text by Keyless Transposition encryption :""+cipherText); kt.decrypt(outputs[1] , outputs[2] , outputs[0]); } } }",Kiska nahi ho raha he?
keyless transposition arraylist ka matrix bana sakte hai ?,Ha
okk,That would be arraylist of arraylist Arraylist<ArrayList<character>> Esa kuch
haaa tera code bhejna dictionary ka dekhna hai,"import java.util.Scanner; import java.util.ArrayList; class database { ArrayList<Character> alphabetDataBase () { ArrayList<Character> alphabets = new ArrayList<Character>(); char ch = 'a'; while(ch <= 'z') { alphabets.add(ch); ch ++; } return alphabets; } } class AdditiveCipher { String encryption(ArrayList<Character> dictionary, String input, int keyValue) { int encryptionValue; String cipherText = """"; for (char ch: input.toCharArray()) { if(ch >= 'a' && ch <= 'z') { int value = dictionary.indexOf(ch); encryptionValue = ((value + keyValue) % dictionary.size()); cipherText += dictionary.get(encryptionValue); } else { cipherText += ch; } } return cipherText; } String decryption(ArrayList<Character> dictionary, String cipherText, int keyValue) { int decryptionValue; String plainText = """"; for (char ch: cipherText.toCharArray()) { if(ch >= 'a' && ch <= 'z') { int value = dictionary.indexOf(ch); decryptionValue = (((value - keyValue) % dictionary.size() + dictionary.size()) % dictionary.size()); plainText += dictionary.get(decryptionValue); } else { plainText += ch; } } return plainText; } } public class Main { public static void main(String[] args) { database db = new database(); ArrayList<Character> dictionary = db.alphabetDataBase(); Scanner sc = new Scanner(System.in); System.out.print(""Enter the secret shared key value: ""); int keyValue = sc.nextInt(); sc.nextLine(); System.out.println(""The secret shared key : -"" + keyValue + ""- as been shared with both sender and receiver.""); int userRole = 0; AdditiveCipher ac = new AdditiveCipher(); String input = """", cipherText = """"; do { System.out.println(""Who are you?\n1. Sender\n2. Receiver\n3. Exit""); userRole = sc.nextInt(); sc.nextLine(); switch(userRole) { case 1: System.out.print(""Enter the plain text (uppercase letters are not supported) : ""); input = sc.nextLine().toLowerCase(); cipherText = ac.encryption(dictionary, input, keyValue); System.out.println(""The encrypted message '"" + cipherText + ""' as been send to the receiver.""); break; case 2: if(cipherText == """") { System.out.println(""You dont have any pending messages""); } else { String plainText = ac.decryption(dictionary, cipherText, keyValue); System.out.println(""You have a message send by encrypting in additive cipher : "" + plainText); cipherText = """"; } break; case 3: System.out.println(""Thank you for messaging""); break; default: System.out.println(""Please choose correct option.""); break; } } while(userRole != 3); } }"
"import java.util.Scanner; import java.util.ArrayList; class database { ArrayList<Character> additiveEncryptionDictionary() { ArrayList<Character> alphabets = new ArrayList<Character>(); char ch = 'a'; while (ch <= 'z') { alphabets.add(ch); ch++; } alphabets.add(' '); return alphabets; } } class AdditiveEncryption { String encrypt(ArrayList<Character> dict, String plainText, int key) { String cipherText = """"; int cipherValue; for (char ch : plainText.toCharArray()) { if (ch >= 'a' && ch <= 'z') { int value = dict.indexOf(ch); cipherValue = ((value + key) % dict.size()); cipherText += dict.get(cipherValue); } else { cipherText += ch; } } return cipherText; } String decrypt(ArrayList<Character> dict, String cipherText, int key) { String plainText = """"; int cipherValue; for (char ch : cipherText.toCharArray()) { if (ch >= 'a' && ch <= 'z') { int value = dict.indexOf(ch); cipherValue = (((value - key) % dict.size() + dict.size()) % dict.size()); // (value - key) < 0 ? dict.size() + (value - key) : (value - key) % // dict.size(); plainText += dict.get(cipherValue); } else { plainText += ch; } } if (plainText.isEmpty()) { return """"; } return plainText; } } class KeylessTranspositionEncryption { String[] encrypt(String plainText) { String[] outputs = new String[3]; String odd = """"; String even = """"; int length = plainText.length(); for (int i = 0; i < length; i++) { if (i % 2 == 0) { even += plainText.charAt(i); } else { odd += plainText.charAt(i); } } String cipherText = even + odd; outputs[0] = cipherText; outputs[1] = odd; outputs[2] = even; return outputs; } String decrypt(String odd, String even, String cipherText) { String plainText = """"; for (int i = 0; i < (cipherText.length() / 2); i++) { plainText += even.charAt(i); plainText += odd.charAt(i); } if (even.length() != odd.length() && even.length() > odd.length()) { plainText += even.charAt(even.length() - 1); } if (even.length() != odd.length() && even.length() < odd.length()) { plainText += even.charAt(odd.length() - 1); } return plainText; } } public class Main { public static void main(String[] args) { database db = new database(); Scanner sc = new Scanner(System.in); AdditiveEncryption ac = new AdditiveEncryption(); KeylessTranspositionEncryption kt = new KeylessTranspositionEncryption(); ArrayList<Character> additiveEncryptionDictionary = db.additiveEncryptionDictionary(); String cipherText = """"; String decipheredPlainText = """"; int key, choice = 0, senderReceiver = 0; System.out.println(""Enter plain text :""); String plainText = sc.nextLine(); do { System.out.println(""Choose the encryption method""); System.out.println(""1.)Additive Encryption \n2.)Keyless Transposition Encryption \n3.)Exit""); choice = sc.nextInt(); switch (choice) { case 1: do { System.err.println(""Are you a sender or reciever ?""); System.out.println(""1.)Sender \n2.)Reciever \n3.)Exit""); senderReceiver = sc.nextInt(); switch (senderReceiver) { case 1: System.out.println(""Enter key :""); key = sc.nextInt(); cipherText = ac.encrypt(additiveEncryptionDictionary, plainText, key); key = 0; System.out.println(""Encrypted text by Additive encryption :"" + cipherText); break; case 2: System.out.println(""Enter key :""); key = sc.nextInt(); decipheredPlainText = ac.decrypt(additiveEncryptionDictionary, cipherText, key); key = 0; if (decipheredPlainText == """") { System.out.println(""No new Message ""); } else { System.out.println(""Decrypted text by Additive decryption "" + decipheredPlainText); } break; } } while (senderReceiver != 3); break; case 2: do { String[] outputs = kt.encrypt(plainText); System.err.println(""Are you a sender or reciever ?""); System.out.println(""1.)Sender \n2.)Reciever \n3.)Exit""); senderReceiver = sc.nextInt(); switch (senderReceiver) { case 1: cipherText = outputs[0]; System.out.println(""Encrypted text by Keyless Transposition encryption :"" + cipherText); break; case 2: decipheredPlainText = kt.decrypt(outputs[1], outputs[2], outputs[0]); System.out.println( ""Encrypted text by Keyless Transposition encryption :"" + decipheredPlainText); break; } } while (senderReceiver != 3); } } while (choice != 3); sc.close(); } } pura ho gaya run karke dekh",key ekbar sender ne ya receiver ne set kar Diya to dont ask again. the key is shared so dont ask both of them
Allright,or else the message wont be same
Ya,follow up ko aaaa abhe
Are,ignore kiya message to thek chal
Behen ko school chodne Jaana Hai,no excuses
Van nahi hai Papa bhi Bahar gaye hai,to drive karte karte sky kar aa
Kal pakka aaunga Aise kaise,🙁 thekte he
Haare 8 baje haina ? AI-Powered Career Counselor: A system that suggests career paths based on students' interests and academic records. I was thinking of an app or website for teams or groups for team and task management on daily bases,We can just make this thing using Google form as well. Not a big project
Yeah maybe,Explain
1.) Start up sessions for those who filled form 2.) Task before internship and placement (first with sir startup activities and second with swaraj and vedant bhaiya) 3.) Notes update,"1.) Start up sessions for those who filled form (with Vinayak sir) 2.) Task before internship and placement (with swaraj and vedant dada) 3.) Notes update for juniors No, you can't get meeting participants info in Zoom API for free: Zoom meeting attendance report To generate and view the attendance report, you need a Pro, Business, Enterprise, Education, or API account. You also need to be the meeting host and have a role with Usage reports permission enabled. Zoom Meeting API To access the Zoom Meeting API, you need: A paid Zoom account with Developer access rights A server-to-server application A JSON Web Token (JWT) Participant email addresses You can only get a participant's email address if they are part of your Zoom account, or if your meeting requires registration to join. In-meeting experience The Zoom API doesn't provide access to the in-meeting experience, such as the current attendee list, who is the current speaker, or the ability to mute participants. You can also retrieve a participant report after a meeting has completed. This report includes who joined, when they joined, and when they left. For the most accurate reporting, make sure your participants sign into the Zoom app before joining a meeting. AI-Powered Personalized Study Assistant Overview Develop a personalized study assistant that uses AI to generate tailored learning materials, provide real-time doubt-solving, and track user progress. The project integrates AI, natural language processing, and gamification to improve user engagement and learning outcomes. The tool will cater to students, professionals, or anyone looking to acquire new skills. Food Rescue and Distribution Platform for Hotels Overview Develop a platform that connects hotels and restaurants with charitable organizations or individuals in need by rescuing excess or waste food and delivering it to homeless or hungry people. The system will streamline food collection, packaging, and delivery processes while ensuring food safety and minimizing waste. AI-Powered Career Counselor: A system that suggests career paths based on students' interests and academic records."
Laptop lele,Ok You deleted this message
This message was deleted,Guys. We have a session with swaraj dada to understand the business logic of our JKB website. 👍 It is a incredible learning opportunity for us. 🤝 Please do join tomorrow at 10PM.🙌 Pure third year me sirf menehe enterpreneurship dala he
"Waah Update on the Training Program in association with Edunet Foundation for TE students Dates: Thursday, January 16, 2025 to Saturday, February 1, 2025 (9.30 a.m. to 4.30 p.m.) Contents: Technical Sessions and Employability Sessions Mode of training: Offline/physical presence of students is required *Requirements: Participating students need to carry the laptop* *Software and hardware requirements available with this message, please go through and comply the same* Contents of the session: *Available with this message, please go through the same* Venue: Batch 1 - Smart Class Room No 308, third floor (Dept of COMP and Dept of AI&DS students) Venue: Batch 2 - Computer Centre (019, ground floor) (Dept of IT and Dept of AI&DS students) Link to join the WhatsApp group: https://chat.whatsapp.com/B4yzNx1mGfkCjWosPUZYCQ Note: Please find here with this message the list of registered students, those students who have not yet joined the WhatsApp group, please join the same group by using the above link. 15 din hai Ek din nahi baithunga Baki baith sakta hu Sir se baat kar lete hai 1)Deepfake Detection Deepfake detection involves creating models that can identify manipulated videos or images generated using deep learning techniques, ensuring authenticity and trustworthiness in multimedia content. Example: Developing a deepfake detection system using facial landmark detection algorithms and deep learning frameworks like TensorFlow or PyTorch, which analyses facial features and inconsistencies to distinguish between real and manipulated videos. 2)Online Payment Fraud Detection This online payment fraud detection project aims to help students learn how to build a system that can identify fraudulent online transactions.  The model will work with a dataset of previous online transactions and train machine learning models to recognize patterns that distinguish fraud activities from normal transactions. Ye 2 topic hai mere end se Inn dono ke source code+yt videos dono available hai https://unstop.com/blog/deloitte-nla-2025-preparation urgent aaj last date hai deloitte ka hiring 3.25 se 4 lpa hi hai and final year students",Tune kiya registration?
abhi tak nhi,University registration number kya he?
pata nhi ID card dekh percentage ya cgpa ?,Cgpa
cgpa out of 10 na ? possible start date end date ?,Yes Ya kya dala?
apne uni marksheet pe hai prn number,Ye kidar he?
email kaha se milega ? university marksheet,Website? Swapnil sir na
haa email unka ? possible end date ?,Website or nahi he?
dekhna padega email nahi hai unka website pe tpo ka mail hai,Resume nahi he Mera currently
mera hai maine recently edit kiya,Mera edited nahi he lekin
kya karega fir ?,Thekta hu
raat tak time hai edit karle lekin aaj last din hai extend hoga ya nahi pata nhi format chahiye to mera lele abhi ke liye naya banaya maine kardu mai submit / ?,Ha An idea that will bring ease and comfort to people or solve the complex solutions. 1. Drone with 4G model inbuild rasberrypie and camera (contain sim card). 2. Data has to be the part of the project. 3. Mobile app or web page ordinary thing in project. Message kar group pe Join karne
Ha jkb website banate hai Ek shirt leke aa Extra Mere liye,Call utha
Mam hai,Hum bhet rahe he tu araha he kya?
Kaha ? Training?,Edunet
Kyu ?,Kartikey gaya he kya? Ki class me he?
Pata nhi Class me nahi hai,Om bol raha he. PPO de rahe he
To registration? Kiya nahi,He shayad chalu
Ha to fir tum jaao Mai Kal se aata hu,Acha
Ha T mane sir aa gaye Get paid for answering short surveys. Download Google Opinion Rewards now: https://googleopinionrewards.page.link/share,https://github.com/AmeyPacharkar1896/Flutter_Projects
Kal jana hai college ? https://github.com/nodejs/help/issues/1771,https://chatgpt.com/share/678f4d77-64c4-8012-b711-05d7506927d8
black screen aa raha hai app me run kiya to,Material app me dal Or scafold me dal
I DID IT !!!!! the damn sha key is generated,Great Congrats Mujhe bhe error mil gaya
thanks 🥹🥹 kya tha ?,Batata hu me Badme Lecture ke baad
okk,74000130 FF000000 B2101D40 00000000 00000094 00000044 D2000000 00000000
Provider - Till moderate complexity Bloc - High complexity Font thoda bada Kal offline hai re lectures Sir ko puch Aa sakte hai kya Kal 11.30 ko hai,Thik he Puchata hu me
Ha Kuch bole ?,Nahi
To Mai pranav ko puchne bolu Kal? Wo jaane wala hai L3pp ka selection karne wale hai sir,Mat bol
To fir ? Aise hi jate hai ?,Nahi re Agar reply nahi aya to follow up ke baad puch lunga.
Acha ok Follow up nahi hua to?,Kya bol raha he? Follow nahi hoga?
Kal agar follow up nahi hua to ? Kaise puchega sir ko,Are chill re Sunday ko puch lenge Ya phir call karte he
Ha okk Kya karna hai ? Bol,Dadar 11.30 to 1 Sir ka message
Okk Kabh jana hai ?,11.30 tak
Okk Chalse,12 tak aja
"Haa amey..... ek bande ne mujhe bubble sort ka code bheja public class Main { public static void main(String[] args) { int n = 5; int[] arr = new int[n]; Scanner scanner = new Scanner(System.in); System.out.println(""Enter "" + n + "" numbers:""); for (int i = 0; i < n; i++) { arr[i] = scanner.nextInt(); } bubbleSort(arr); System.out.println(""Array in ascending order with index:""); for (int i = 0; i < arr.length; i++) { System.out.println(""Index "" + i + "": "" + arr[i]); } } public static void bubbleSort(int[] arr) { int n = arr.length; for (int i = 0; i < n - 1; i++) { for (int j = 0; j < n - 1 - i; j++) { if (arr[j] > arr[j + 1]) { int temp = arr[j]; arr[j] = arr[j + 1]; arr[j + 1] = temp; } } } } } sir ko message kar",Kiya he
okk,Kyu?
aaj ke problem ka solution,Ahh Explain kar usko Mujhe tenone bhe correct answer diya
ye Abhijeet hai,Ha
Toilet me hu Bol,😂😂 badme call kar
Haa,jkb.poonam@gmail.com jkbjgd123 Tere tak rakh
Ha ofc Student model bhi maang,Website pe jo dikhega vo use kar
Bhaiya bole ? Tu itne time se yeah dhundh raha tha 😂,😂😂 Nahi mil raha tha
Waah waah,Me so Raha hu devansh. Agar aya to bich me ajayunga Thekta hu
Aye Ayein Kyu ?,Bara kya tum logone internship ka? Paid ya ppo wala he kya?
maine nahi bhara aadha hi bha om ne pura bhara paid to nahi hai ppo bhi mostlt nahi hoga,Pucha kya vunko?
nhi,Regarding pp *ppo?
nhi,Ekbar thek puchake
okk,Agar raha to bartehr
haa tere paas android ka syllabus ka photo hai ? rahega to bhejna,Nahi he re
okk Yeah join kar,me try karta hu pehele. agar kuch issue aya to join karte he chalega?
ha chalega kuch laga to puch,ha mongoose or node.js?
node js,ok abhe react karna he pura
Pura hi gaya ?,nahi re ek user add kiya aur phir uspe sare operations
Ohhh,itna nahi ghan hoga ki sab uda diya 😂😅
Mujhe udana padega,ha kuch to gadbad hua na data add karne me
Haa,mujhe bhe final check karna he
Timestamp nahi dala,kal karte he
Haa,college me
Haaa,shayad me ai karunga lekin thekta hu
Dekhte hai,Ha Mujhe ke doubt he kal puchata hu Regarding how can we get the is and store when we ask for data Since it makes the id on its own
Haaaa https://coolsymbol.com/line-symbols.html,Kya he ye? null Are
Kya hua,Call kat kar raha he. Kya hua?
Mai tujhe call kar raha hu,null
https://chat.deepseek.com/a/chat/s/dd8ce307-98d8-4336-946e-1013f3a7c579,Nvaida ka he na? Naya LLM?
Nhi China ke deepseek company ka https://jkb-website.vercel.app/ Quasar ke liye register kar,isme kitna time lagta he me around 2hrs sirf nav bar bana raha hu
Kisme ?,https://meet.google.com/fbx-xija-oqz
Kal jana hai college ?,You deleted this message Practical tak behete he Phir nikal jayenge Gate ka padana bhe he Along with project
Thikke,Janahe kya kal? Bohot Kam he <This message was edited>
Haa Kantala bhi aa raha hai Chod Mera bhi android ka baki hai,Ha Mera bhe
Haa,Ha om bhe bata de <This message was edited>
Monday se jaate hai Regular Lunch tak,😂 Ha
Haaa,Vo hua solve issue. Height dena tha
Ohh Sahi,😂 Chal me khana khata hu
Aise kaise height ka issue tha😂 Haaa Chal,null
For everyone Boli mam,to late jana he
Ha,Bola kya send karne ko?
Haaa Aaya,Bota
Mera,Woah bohot Kam he Thank you bol usko bhe
haaa,Tera team work ne mere bohot najadik laya
haaa mast na,Na .05 he difference
675710 675610,Nahi samja
pointer in each subject tera mera,Woah we are doing really bad then
Yaaaa https://www.geeksforgeeks.org/events/rec/job-a-thon,DS ke notes ka dhekle Me bhe mere lecture ke baad karta hu
Acha ok,Swaraj dada said to share your hosted website as well as got repo with him for jkb website
Private hai repo Public karke bheju ?,Nahi re you can share private repo as well. Check onces
Ohok,Kiya kuch?
Nhi Lecture tha Aur mai Ghar late aaya Family ke saath Bahar tha,Acha chalega
Ghat ki chavi mill gayi Ghar*,Congratulations 🎉🎉
Thankss,Key Takeaways from Today’s Session: 1. JKB Business Logic: Work on the business logic of JKB in groups of 10. 2. Higher Studies Abroad: A meeting will be held soon for students interested in studying abroad. Stay tuned for details. 3. New L3PP Batches: Fresh L3PP batches are starting soon! Inform your buddies if they wish to enroll. 4. Public Speaking Practice: Teach juniors to enhance your public speaking skills. Sessions should be at least 5 minutes and up to 30 minutes long. Send this to Android wala group
Te ke group pe bheja tha na,Higher order se order Mila he No questions asked
Acha thikke,devansh take a snipit screenshot of the table of groups and send me me laptop me screenshots nahi le pa raha hu me
Okk Lavaris ke saath bheja 😭😭,ha
Waaa,devansh screenshot bhej mujhe mereme nahi araha he
Bheja na .,https://docs.google.com/spreadsheets/d/17QspQsoC7koixIjb5-vc5DknTL7yTQP-ifgMONf7X-M/edit?usp=sharing change kiya he phir se nikalke bhej Thank you
Haa,are yar Rushikesh ka name table mese nahi nikala from web table
Kal college?,vo nahi than gaya kartikey ko puch if he is coming <This message was edited>
Haa,since he has all the things to print
Om ko puch pehele,lecture he mera chalu
Lecture ke baad puch usko Fir Mai kartikey ko puchta hu Warna rukk puchta hu Kartikey aa raha hai,ha to jatehe print nikalna he na usko bolde
Haa,om ko bhe 9AM kal
Ha bolde tu https://youtu.be/QQYeipc_cik?si=pucQiYdJaPz4lWaE,Me kal he likunga. Abhe sota hume Chal good night
Ha chal Good night,ameypacharkar076 J1ZQoYBu0vAQDqzl You deleted this message
"const asyncHandler = (requestFunction) => { return (req , res , next) => { Promise.resolve(requestFunction(req,res,next)).catch( (err) => next(err) ) } } export { asyncHandler }",https://chatgpt.com/share/67aec590-7278-8012-8f01-b49c8f130e7c You deleted this message
Im in for AI batch,noted You deleted this message Kshitij la sangitla ka re?
Nhi,kya? dal message usko
Android ios ka batch,ese mat likh vo bohot galat lag raha he
Tag karke dala hai message Edit nahi ho raha Delete karke wapis dalu ?,to ache se likh nahi re vo lag raha he ki inform kar phir inform again and repeat informing for loop in infinite loop
Dekh 😂,Kya? Ha theka barabar he
Haa Kshitij bola ki aa gaye sab,sir ranna message takala sang personal ki android-ios che sarve transfer jale mahanun ya phir nahi group pe bolde
Kya ?,chod
Thikke Mi challo zhopayla,Good night
Good night,https://www.facebook.com/share/r/1YUwRoC1Gi/
CSS - 3 AI - 2 Cloud - 2-3-4 baki hai karu accept ?,"https://quasar-hackathon.notion.site/Quasar-3-0-Problem-Statements-PS-176798723d9c8081a134d5ffd4d26c73 AIML list :- 1. Ashmit Shelkar 2. Khush Godanii 3. Jai Parmar 4. Kshitij Vyas 5. Tanay 6. Parth Amberkar 7. Tanveer Ahmed 8. Swaraj Chavan (rejoin) 9. Priyanshu 10. Kaustubh 🎊Welcome to our WhatsApp group for Your AI-ML-DS L3PP batch & Career Growth along-with the Mentorship Program by Vinayak Sir ❤️ https://chat.whatsapp.com/D6RAApLoDHL21dELBq31ZP ✅Fixed Schedule will be given in group description of WA group We have assigned 2 trainers🎊 MT : Master Trainer PT : Practice Trainer For your small batch to get 💯% productivity which will define your career growth🎊 ➡️Level up your journey, Keep practicing 💪 & ask all your doubts in *Live Session* & our WhatsApp Group. ➡️ Attend all MT, PT & Practice sessions ➡️ Submit assignment to MT &  PT in WhatsApp Group - Team JKB 💙"
"import { mongoose } from 'mongoose'; const { Schema } = mongoose; const userSchema = new Schema({ fullName: { type: String, required: true }, email: { type: String, unique: true, required: true, }, password: { type: String, required: true, }, authType: { type: String, enum: ['jwt', 'oauth'], required: true, }, role: { type: String, enum: ['admin', 'user'], default: ""user"", }, profilePicture: { type: String, }, createdAt: { type: Date, default: Date.now }, }, { timestamps: true }) export default User = mongoose.model('User', userSchema); USER MODEL FOR AUTH Name the PPT:  teamname_problemstatementnumber_projectname ye format me chahiye na ppt ka naam check kiya ?",He na? Mene change Kiya tha Thek Problem statement number first he
nhi,Check kar ekbar
apneme ye meko Nikhil puch raha tha,Templet me check kar Mene barabar dala tha. Par templet check kar
Name the PPT: ProblemStatementNumber_teamname_projectname ha sahi hai,Ha
haaa unstop pe ye wala hai kuch nhi rehenede chalega ye sab 2nd exp ka hai isme photos dekhke exchange kar lena aur mujhe aur om ko bhej de 4th wala karta hu mai,banaya kya ? ki ba.n.vu me? om ko puchle
Om kar raha hai,acha ok
Wo cloud ka 2nd kar raha hai abhi Tujhe css bheju ?,me aiml ka jara karta hu phir bhej de
Print kabhi lenge fir,ajj session he to jara karna baki he
Late ho jaayega Thikke,ha thike bhej
Okk,om ko puchle hua kya?
usko cloud ka karne bolta hu 4th bhi,.ha.
tu css karle,ha
1st exp,last me lab munual bhe bhej de
3rd exp <This message was edited> 2nd exp 4th exp,...me.re ..is.me .........dotes ..chalu gaye abhe
Ha dikha,sai .............he .re.. ............time pe ba.r.abar ..chalu. hote .he
Thappad maar,Mujhe lakta he shayad kuch tuta he usme
haaaaaaaaa karwale  thik,null Me sidha practical ko araha hu
Acha okk To hum cloud ka check karale ?,Lecture hoga na?
Haa Hum nahi baithenge mostly Presentation ka date and time bola kya ?,Kuch email nahi he
okk,Avaj raha he kya?
Nhi Ruk cur Karta hu Wapis kar,null
kaustubh ayush shirodkar parth advita aayushi purva tanmay ashmit khush godani pranay diya jai devansh amey kshitij tanishq tanay om jaiswal aum patel sairaj shivam sahil Today at 8.15 we are going to have a discussion about start-up activities. For about 10 15 minutes. Please join on Time ya to bohot kuch miss ho jaayega!! <This message was edited>,"Parth, we have a session regarding STARTUP at 8.15PM today. It is only for 10minutes so join on time. If you are late you will miss a great opportunity. Sabko bola group me se"
Ha,"Amey Devansh Parth Adwita Ashmit Diya Om 21/02/2025, 8:19 pm - You pinned a message Diya ko kar sirf"
Haa,"Amey Devansh Parth Adwita Ashmit Diya Om Dhruvi 21/02/2025, 9:05 pm - You pinned a message"
Details kaha hai Login ke ? Join kar Jaruri hai,Mene do lecture join Kiya he
Do ?,2
Are do kaise,Mene papa ke phone se kiya he Chalega na? Ai
Haaa,Agar join karne bolabreakout room to bolo
Haa,Than de devansh Aur tune kyu haat upar kiya he
Rehene de Jaldi le liya to Dekh raha hu mai Ready reh Apna next hai bole Breakout room join karna hai,Yes Join karna hota tabhr bolna Me kartahu
Haa I starting from start to 100,Pohocha me 15minutes pehele
okk,Terakitna products hua he?
20,Web ka pdf bhej sir ne bheja tha vo
Web ka pdf ?,Ha re mind note ka Bhej agar he to
Haa Done,Devansh syllabus bata na
Kiska,Sabka
Mc 3 Spcc 4 Ai 3 Css ka 2 hai shayad Qa ka Pata nhi,Change thanks
kuch karega to mujhe bhi bhej,Book se kar raha hu me
Okk,Spcc ke kuch questions diye he kya?
Macro Database Features of Macro Basics of Macro Aur mam 1st module Pura karne boli Wo 1st year wale bacche ka naam dev hai,Ha bheja he mujhe bhe message
Haa Meko seen pe chodke gaya sala,😂 Mujhe bhe same pucha he Ye seen pe he shodana hota he
Haa laga hi tha Aisa hai kya ? Thikke fir Kakdi hai pura,Kakdi?
Patla,Acha ha
Haa,Me soraha hu devansh Agar kuch kam rahe ga to call karle mujhe
Haa Try kar Abhi,Ml me ye dal Different classification and regression algo Neural network
Ha,Background ignore kar
Waaah waaah Toilet me hu Bol,Marja
Kya hua ?,Pohochana
Haaa,Uska all tha
Okk Haa pohoch gaya,Samja pohocha to bola
Ayush ka medal mere paas hai,😂
Haa Book de diya Wo reh gaya,Usko bolde
Haaa Bola,Chalega chal
Haa chal YardStik Ye company dekh to jara kya karti hai mujhe samajh nahi aaraha https://internshala.com/internship/detail/work-from-home-full-stack-development-internship-at-yardstick1739581024,https://www.yardstick.live/
"Stage 1: Basic Transaction Tracking - Add/Edit/Delete transactions (amount, date, -description) - Transaction list view - Single chart: Monthly expenses bar chart - Basic form validation Stage 2: Categories - All Stage 1 features + - Predefined categories for transactions - Category-wise pie chart - Dashboard with summary cards: total expenses, category breakdown, most recent transactions Stage 3: Budgeting - All Stage 2 features + - Set monthly category budgets - Budget vs actual comparison chart - Simple spending insights Stack: Next.js, React, shadcn/ui, Recharts, MongoDB Responsive design with error states",free he kya?
Ha Kya hua ?,Kal batata hu me
Okk,Araha he kal? 😅
Nhi,Kesa Gaya interview?
Acha tha,Kya kya pucha?
Projects ke baare me Past internship ke baare me College aur internship kaise manage karunga Bas 5 - 10 minute hi liya,acha
Haaa,List diya he kya?
Nhi https://cloud.google.com/products/agent-builder,https://codelabs.developers.google.com/devsite/codelabs/building-ai-agents-vertexai#0
https://personal-transaction-visualizer-main.vercel.app/login hui gawa check karle kuch changes hoto bata,After login directly sign up karde
Uper ke icon ko click kar Top left corner,As the categories are used show them. Don't show for Rs.0
Haaa,Except for transaction don't know anything till it is viable. Ya phir chalega
That's a dashboard Sab dikhna chahiye,Ya but don't show 0
Haa,Show no spending And so on Instead of template with 0 UI acha he. Kahase mila?
Shadcn,Aur vo icon bada kar Bohot chota he
Haaa,Admin ka kuch he? Ki sirf users?
Sirf users Admin bhi add karu ? Clikable banau ?,Dalde for getting data on how much ppl spend in what categories at which locals and such
Ohh Overall data,Ha For data analysis and research
Haa,Tu vuspe paper lik sakta he if you make this website public with users Nahi make it better. Interactive yaphir animations or colors
Okk https://unstop.com/internships?oppstatus=open&domain=2&quickApply=true&course=6&specialization=Computer%20Science%20and%20Engineering&usertype=students&passingOutYear=2026 isko apply kar chod 2nd year women ke liye hai,"Casual Messages (like WhatsApp/Telegram chats) Hey, what’s up? Let’s catch up sometime this weekend! Emails (formal and informal) Dear [Name], I hope this email finds you well. I wanted to check in on the project status. Technical Writing (if you explain coding or ML concepts) Gradient descent helps optimize neural networks by minimizing loss functions. Personal Thoughts or Opinions I believe that AI will transform the way we work. The real challenge is ethical AI development. Storytelling/Narrative Writing Last summer, I visited the mountains. The view from the top was breathtaking! deepseek ka me try kar raha  hu. agar hua to batata hu me"
Haa bata,rakt ko bhete he chat karne
Ha chalega,1-2 hrs hua kya?
nhi sirf search kiya https://chatgpt.com/c/67cb03e3-04f4-800a-a2b4-766aaea9e8ec,Hua lecture?
haa ho gaya khana kha raha tha,Ha chalega Ha ghale
ho gaya khake download hua ?,Nahi try kar raha hu. Abhe to Shivam ke lecture me hu
acha okk Kabh karna hai ?,me botata hu kuch dusara try kar raha hu botata hu me tu bhe try karte he kuch na kuch to chalega
Haaa ohh hui gawa,Are wala Kya kiya?
2 3 jagah se try kiya nahi hua,😃 To?
peheli baar itna hua hai,Kya hua he?
tera ho gaya ?,Disclaimer padha?
ha padha lekin locally run hua na,It's not deepseek tho Uska try baki he
konsa hai ?,EleutherAI/gpt-neo-125M iska research nahi kiya. kesa he karke
baapre ye konsa hai,.
okk to isko deploy kaise karenge ??,dada one step at a time
okok,ham Himalaya one step me nahi jayenge pehele kattra
haaa mujhe bhi bata,tu itne ratko kese jaga he?
yehi try kar raha hu,it is not final ha pura bhe  change ho sakta he
ha pata hai,ye sab testing chalu he
haaa,steps batata hu me
haaa bata,step 1: get model step 2: listen to audio using sounddevice library step 3: Transcribe recorded audio using Whisper. (audio to letters) step 4: generate response by giving prompt (prompt to response via model) step 5: Convert text to speech and save the output as a WAV file. (TTS.api) step 6: Play the audio from a given file path. (simpleaudio) current way
mera model hi download nahi ho raha,kunsa mudel? deepseek?
deepseek,https://www.analyticsvidhya.com/blog/2025/01/run-deepseek-models-locally/
aur ollama try kiya,yetheka kya?
nhi,check  kar
haa,same he phir bhe try kar mene nahi kiya he yet
haaa karta hu mai,feedback de
haaaa https://www.youtube.com/watch?v=-qjE8JkIVoQ,mujhe laga tuje video mela to download deepseek to me as fast as light aya
nhi re,🤦‍♂️
ollama download ho raha hai,ha 1gb he na shayad?
time le raha hai,ha
exact 1000 mb,saina
haaa,devansh
ha bol,"this is one method. another method is using chatgpt (latest not sure), gemini or deepseek since they do it altogether intenally"
oh aisa hai kya,yes
okk,kya gane here hindi ke purane
haaa ache hai,ha to basically you can try with deepseek once you download it. the process will be same but just give it one proper prompt
haaa mai so raha hu subhe karunga,acha chalega kuch hua to botata hu  me good night
haaaa good night Hua kuch ?,Abhe utha 1hr me thekta hu me
"okk https://www.instagram.com/reel/DG3FlWSO4Qi/?utm_source=ig_web_copy_link try kar ye >>> So now give me one by one step to deploy you on a render using an express server Sure! Here's a high-level overview of the steps involved in deploying me (a large language model) on a private server using Express.js: Step 1: Set up a server * Install Node.js and npm (the package manager for Node.js) on your server. * Create a new directory for your project and initialize a new npm project within it. * Install Express.js by running the command `npm install express` in your project directory. Step 2: Clone my repository * Use Git to clone my repository from GitHub. You can do this by running the command `git clone https://github.com/google-research/large-language-model`. Step 3: Install required packages * Once you have cloned my repository, navigate to the `models` directory within it. * Install the necessary dependencies for my model by running the command `npm install` in this directory. Step 4: Train and deploy the model * Transfer the trained model files from the `models` directory to your server. * Use Express.js to create an endpoint that will handle requests to my model. For example, you could create a route like `/predict` that will accept a text input and return the predicted output. * Configure any necessary middleware functions (e.g., authentication, rate limiting) to protect your endpoint. Step 5: Secure access * Implement authentication and authorization mechanisms to restrict access to my model. For example, you could use OAuth or API keys to authenticate requests. Step 6: Monitor and update * Use tools like Express.js's built-in logging functionality or third-party monitoring tools to monitor the performance of my model on your server. * Regularly update my model with new training data to maintain accuracy. You can use Express.js's built-in endpoint for updating models, or you can create a custom endpoint for this purpose. That's a high-level overview of the steps involved in deploying me on a private server using Express.js! Let me know if you have any questions or need further clarification. llama 2 hai ye",Deepseek kiya?
nhi 8 gb ram me nahi hoga deepseek wo 600 billion parameters wala hai llama2 7 billion parameters,Thek karke phir Hua to bata
haa,Par cloud pe kyu dal raha he? Ah samja thik he
haa personal ai no limit kuch nhi yehi actual task tha apna peak hua,Ofc Gpu compulsory lagta he to run this llms
CPU bhi peak hua GPU nahi hua peak,CPU par maat karna run gpu par kar If you have gpu
ye cpu based hai model jo maine download kiya,ha barobar he par cpu par bohot slow hoga thekle
haa slow hai,gpu is prefred
haa,for this llms
gpu wala try karta hu,Ha Ha potahr
haa auto cpu pe chalega iska abh hume model download karke train karna hai abh humare hisaab se speech to text aur text to speech karna hai,kar aur bata
tu nahi kar raha ?,me alternatives thek raha hu for gpu
okk fir cloud hi hai alternative,ha express par kar raha he kua?
haa,why?
uspe hi karna hai na ?,bola he kya? python?
Sudhanshu sir ne jo bola tha ek private server host karo,Vinayak sir ne bola hua nahi kar raha?
wohi karna padega par kaise karenge,isse
lekin bolne wala chahiye na ?,start text se kar issue kya he?
model ko server pe host kaise kare,to pehele vo karte he step by step
haa,chalea
isko run kar raha hu to nahi ho raha ollama se kar raha hu tohi ho raha hai,huana run?
haa,thek search karke
__init__.py file nahi ho rahi run,mujhe bhe nahi pata ye usecase
haa,aur bata hua  to
Hss,hmm?
Haaa,?? kya  he hss?
haa*,kuch hua? me break le raha hu.
nhi server banaya lekin response hi nahi aaraha localhost pe,Kya hua errors?
error nahi hai,To? Braket kuch missing he kya?
error deta fir barabar hai sab check kiya maine,To? Output me kya he?
python server use kiya to aaya,To python use kar
haaa,Abhe sirf training baki he tera
Render pe dala to 500 error aa raha hai,😆 maj maj maja
Dimag ka Maa bhen hoga aise to,kuch to hoga aur
Haaa,hua kuch? banaya?
Nhi Tera ?,mera modulation wala he thoda.lekin llm wala kuch chamak nahi raha he
okk mai android ke lecture me baithunga aaj web ke session me jo hoga mujhe batana,yes botata hume dono same time pe he?
Android 8.30 Web 9.30 Jaldi hoga to mai aaunga,ha  chalega git saihe re.kya maja ata he use karne ko.
Ha kya,Ha na Locture chalu he kya?
haaa,Sirf 6 juun thik rahe he
ha sirf 6 hai,Pehele to 15 the shayad
9 the sirf,Acha
haaa,Mujhe jyada the laga tha Itne kam kyu?
pata nhi koi aata hi nahi,Last session he aur
baadme mujhe bata deployment on aws iske baad ek aur hoga,Ha Mujhe sai wala insite mela sir bolte bolte Project ke liye?
haaa tumhara wala hi denge shayad,Maybe
bol rahe the sir,vo project ka worth he in resume
Ohh Karna padega fir,"https://github.com/deepseek-ai/DeepSeek-R1 1. Data Collection: The Foundation of Your ""Digital Self"" This is the most crucial step. The quality and quantity of data you provide will directly impact how well I can emulate your style. Think about the different aspects of your communication you want to capture. Here are some ideas: Text Data: Emails: Export your sent emails (Gmail, Outlook, etc.) and provide them as .txt files. This is likely the most useful. Aim for at least hundreds, ideally thousands, of emails. Organize them by topic if possible. Chat Logs: Export conversations from messaging apps like WhatsApp, Slack, Discord, or SMS. These can be invaluable for capturing your conversational style. Be sure to remove anyone else's private information. Social Media Posts: If you have a consistent writing style on platforms like Twitter, Facebook, or Reddit, collect your posts and comments. Documents and Writings: Any personal writings, blog posts, articles, notes, or documents you've created. Meeting Transcripts: If you have recordings or transcripts of meetings you've participated in, these can provide insights into your communication style in a professional setting. Answers to Common Questions: Compile a list of frequently asked questions and your typical answers. This is very useful for specific use cases. Narrative: Write a short, fictional story where you are the main character. Describe your values: A document explaining your values and ethics is essential. Describe how you would respond to particular topics: If there are certain areas where you wish to be very similar to yourself, write specific answers for these scenarios. Style Considerations: Vocabulary: Do you use specific jargon, slang, or technical terms? Tone: Are you formal, informal, humorous, serious, direct, or indirect? Sentence Structure: Do you tend to write short, concise sentences or longer, more complex ones? Punctuation: Do you use exclamation points frequently? Are you a fan of emojis? Opinions and Beliefs: While I'm trained to be neutral, providing information about your perspectives on certain topics can help me understand how you approach different subjects. Be cautious about sharing sensitive or controversial beliefs. Specific Examples of Your Writing: Select your best writing samples and provide them as benchmarks. Highlight what you like about these examples. 2. Data Preparation: Cleaning and Structuring Your Data This is a critical step often overlooked. The cleaner your data, the better the results. Privacy: Absolutely essential! Before sharing anything, carefully review all your data and redact any Personally Identifiable Information (PII) that you don't want me to have. This includes: Names (of yourself and others) Addresses Phone numbers Email addresses Social Security numbers Credit card numbers Dates of birth Anything else that could be used to identify you or others. Consider replacing names with pseudonyms. Format: Save your data as plain text files (.txt). Large documents can be split into smaller chunks. Organization: Organize your data into folders or categories (e.g., ""Emails,"" ""Chat Logs,"" ""Documents""). This can help me learn different aspects of your style. Noise Reduction: Remove irrelevant information, such as email signatures, disclaimers, and repetitive phrases. Consistency: Ensure the data is consistent in terms of formatting and encoding."
💀,😂😂 lagja kampe
Hloooo Ha lecture zala ki ekdam fat fat Yaar pan ata te bus cha kai karayacha🥲,Ata sathi message takuya group var udya ki bus ki fee denya sathi Jar nahi reply ala tar mag call karun check Karo Chalel?
?? kai msg taknar?? bus vala bhetla nahi na ajun paranta,Ah mug thambav lagel na? Karal total amount mahit nahi
haa,Did sir told us to collect money or find bus?😅
te baghu apan nantar prize cha find bus,Chalel Different bus? Not same like in first year?
"yes ek kaam karu call karuya me ata khato ahe jara tu pan khaun ghe mughe msg karun call karto tula, k?",Chalel
yes see ya than,Ahes ka free ata?
"ho ata ahe call karu ka?? Sry re late takla msg ani bughitla pan nahi me Udya 1:15 la call, k?",Noko college madhe asel me 5la?
K Me nahi kela tar tu karun tak np,Chalel
Bro aaj mala time bhetla nahi Me tyanla udya call karel Te jara clg che meetings hote 🥲 Tugha kahi zala ka bolun??,nahi re maje baba late ale
ohh me udya karel office hours madhe,dakale ahet bakto me chalel me pun bhekto Bagitlas ka re?
Aik https://docs.google.com/spreadsheets/d/1BD8lsp1ohB7-DqwcOhYUbD_RgTOBxdo6lJzTqmhgukY/edit?usp=sharing Mala siddesh ne hi link send keli ahe Aplya la dadar sathi same banvai chi ahe,Thamb Ashmit Ani me dadar sathi karat ahe hi link Bus Siddhesh karnar ahe na?
Asa banvun zala asel tar siddesh la send karun tak +91 74002 02467 Siddesh,Chalel Baki ahe pun
Achaaa,Bakto me
Siddesh shi bolun ghe mugh,Chalel
kahi help havi ahe ka excel sathi??,Ek kam karshil? Ask PPL in your group if they have filled the form
"""our group"" ??",Are D3 vala ahe na sir ranni banav Lela Majya kade sarvanche number nahi ahet
mmmmm mala nahi mahit he tar,Ashmit Ani Aum cha group?
gyancha contact ahe tyanla karto msg ahe ka grp?? me nai techat asel tar,Are sir made that group for group study *those groups Me Tula pathavto Excel sheet
yes me update karto,https://docs.google.com/spreadsheets/d/1Pdlc3_tzUycI9NOZKcPXsruw4hm9sfGzoj3JGafE6Ag/edit?usp=sharing Hota ahe ka?
hota ahe,Chalel Rahelel che ekta confirm karun ghe Jar number astel tar
yes,Krishnaveni cha me manjul la sangetla ahe check karayala. Karan tu respond nahi karat ahe
me?? me kadhi respond nahi kela??,I have told manjul to check krishnaveni's status regarding registration He Mala bolya cha hota
oh mala respond ala nahi tichya kadhun 👍🏻,Ho me vicharto Tila parat
"aman bol la to friday la register karel me mark nahi kela mugh tyala, to text karel kela ki",Ho Shivam baghu jar ajj nahi reply kela tar call karun confirm karun ghevuya Me Siddhesh la Excel pathavun thevala ahe
Hoo,Yeto ahes ka re 8la?
"Kashala?? Kahi vicharayacha ahe tar yeto, asa kai nai <This message was edited>",Sir shekavtat ahet
K,8.30 parenta chalel mostly
Oh noice me pochel toparanta Sir ale?? ??,Ho
🥲,Ahet sir center var
Tu thambto ahes ka?? Me matunga la ahe Timepass houn jail🥶,Bolto siran she
😨,Ahet sir ye ye Dadar update: 11 Students have registered. 6 Students have paid bus fare. Pathavu?
Excel madhe check kela na,Ho devansh kade confirm fare cha kela Registration from excel
Out Of these many te pan sang,Ani krishnaveni bolli te offline registration karnar ahe Tila pun consider Karu?
Offline reg hota??,11/19 6/11 Mahit nahi te bolli mala She paid bus fare
Oh mugh kar consider ig,Mug 12/19 Ani 6/12
Perfect,Message takto me
Ho Aye aye captain 🫡,Mala ashmit ne message kela thambuya Tu pay karto ahe
"""To pay karto ahe""??",Nahi nantar Karel bola to
Achaa Lavkar karayala sang nahitar aplya branch cha rahun jail Pan jar to confirm karat asel tar tycha no. Add karun msg send kar,Nahitar ata ekta padavo nantar 8-9 la parat padavu Majehe baba alya var kartil pay mahanun null
👍🏻,Any update on aman?
Nope,He is in
Ohh Noice,Maja access ghetla 😂😂 jala re sarvancha. Rishikesh baki ahe. to 12 cha aadhi denar ahe
sahi ahe,Anything from Anushka?
nope me msg kela ahe to juna no. ahe tu msg kela ahe??,Nahi Number nahi ahe Devansh ni message kila hota
ok karto msg,Ho bhag ekda
anushka bol li nahi yenar,Chalega Only rishikesh bus fare baki he
ohh let me ask,Yaa then will inform Team JKB
yup Rushikesh zopla ahe vat ta msg no delivered,.... 🤦‍♂️
call kela asta pan late zala ahe,Odya karuya mug
hoo,Ho noko Karu
udya sutti ahe mast,Ho zopuya ata
hehe game khele,Chalel chal mug. Gn
GN Bharle tyane👍🏻 https://maps.app.goo.gl/kTn2BmhtTdnxXrjC9 he sir ni sangitle le stops ahet aplya bus sathi tumala ez padel,Thanks 👍
ami sion la tya spot la thambu np bro,Chalel
devansh la pan send kela,Chalel
"Bro tughya kadhe list ahe ka, ki kon-kon kuthlya stop la chadnar ahe",Sion la 3 PPL ahet
👍🏻 Bapre sagle dadar la ahet,Ho Maybe close from home
Haa,Bhejshil sion la ale ahet ki nahi 6.10 parenta
Kai??,Please keep an eye on who have not yet reached sion before 6.10 That way we won't have to wait when we reach sion
Sir yes sir🫡 bro ethe thambel na bus?? https://maps.app.goo.gl/AthmEFmZiSSvs4EZ7,Sion circle la thambanar ahe ka?
hoo sion circle highway tech ahe,Thambavta yenar ka tethe?
sir ni stop set kela ahe na to,Ho but it shouldnt have no parking Can you check location to stop bus at sion tomorrow? Then just share location....
tithe traveler bus thambtat regularly,Chalel
mala nahi vatat no parking asel,Chalel chalel. Thithek thambavu
te kai na lokan la exact location dili tar changla ahe na me aman la ani krishnavini la send kela ahe same <This message was edited>,Ho chalel you will have to check for FE ppl too will call you regarding that Bat ahe ka?
Nahi Ball ahe Single tennis List vagere kahi asla tar de,List nahi share Karu shakat. Me call karen no worries You deleted this message Konala deu nako FE che ahet Call PPL who have not come null
All in sight sir🫡,Roger
Aaj lecture nai??,Ho ashmit link pathavto ahe
sir la msg kartos ka??,ho bhakto
🫡,sir rani nahi bhaghetla message
"Aik na, mala bank management system cha code send kar na Je tu sunday la laptop var dakhav lela","import java.util.Scanner; public class BankApplication { public static void main(String[] args) { Scanner sc = new Scanner(System.in); System.out.println(""Enter your 'Name' and 'CustomerId' to access your Bank account:""); String name=sc.nextLine(); String customerId=sc.nextLine(); BankAccount obj1 = new BankAccount(name,customerId); obj1.menu(); } } class BankAccount{ double bal; double prevTrans; String customerName; String customerId; BankAccount(String customerName,String customerId){ this.customerName=customerName; this.customerId=customerId; } void deposit(double amount){ if(amount!=0){ bal+=amount; prevTrans=amount; } } void withdraw(double amt){ if(amt!=0 && bal>=amt){ bal-=amt; prevTrans = -amt; } else if(bal<amt){ System.out.println(""Bank balance insufficient""); } } void getPreviousTrans(){ if(prevTrans>0){ System.out.println(""Deposited: ""+prevTrans); } else if(prevTrans<0){ System.out.println(""Withdrawn: ""+Math.abs(prevTrans)); } else{ System.out.println(""No transaction occurred""); } } void menu(){ char option; Scanner sc =new Scanner(System.in); System.out.println(""Welcome ""+customerName); System.out.println(""Your ID:""+customerId); System.out.println(""\n""); System.out.println(""a) Check Balance""); System.out.println(""b) Deposit Amount""); System.out.println(""c) Withdraw Amount""); System.out.println(""d) Previous Transaction""); System.out.println(""e) Exit""); do{ System.out.println(""********************************************""); System.out.println(""Choose an option""); option = sc.next().charAt(0); System.out.println(""\n""); switch (option){ case 'a': System.out.println(""......................""); System.out.println(""Balance =""+bal); System.out.println(""......................""); System.out.println(""\n""); break; case 'b': System.out.println(""......................""); System.out.println(""Enter an amount to deposit :""); System.out.println(""......................""); double amt=sc.nextDouble(); deposit(amt); System.out.println(""\n""); break; case 'c': System.out.println(""......................""); System.out.println(""Enter an amount to Withdraw :""); System.out.println(""......................""); double amtW=sc.nextDouble(); withdraw(amtW); System.out.println(""\n""); break; case 'd': System.out.println(""......................""); System.out.println(""Previous Transaction:""); getPreviousTrans(); System.out.println(""......................""); System.out.println(""\n""); break; case 'e': System.out.println(""......................""); break; default: System.out.println(""Choose a correct option to proceed""); break; } }while(option!='e'); System.out.println(""Thank you for using our banking services""); } }"
"thx meeting madhe koni navta mhanun breakout room close karayacha option yet hota, mugh me leave keli meeting",Are I became host after sir left so when I left I gave the position of host to you
ohhhhhhh,"import java.util.HashMap; import java.util.Map; public class Main { public static void main(String[] args) { Map<Integer, Express> vinayak_map = new HashMap<>(); vinayak_map.put(11,new Express(""Amol Parad"",20000)); vinayak_map.put(24,new Express(""Amruta Auti"",20000)); vinayak_map.put(53,new Express(""Unknown"",200)); for(Integer val : vinayak_map.keySet()) if(vinayak_map.containsKey(val)) System.out.println(vinayak_map.get(val).name + ""\t"" + vinayak_map.get(val).salary); } } class Express { String name; double salary; public Express (String name, double salary) { this.name = name; this.salary = salary; } }"
me questions txt file madhe takle ahet te code madhe taktos ka plz nahitar sangun tak konala tari,chalel tujhe questions pathav mala me sangto konala tare
me takto ata jevdhe hoil tevdhe chalel ka rahile tar sangto,sangto me konala tare send kar questions phata
"k INHERITANCE: HARD: Q.1 What is the difference between ""superclass"" and ""subclass"" in Java? - Superclass is more powerful than a subclass. - Subclass is a derived class that inherits properties from the superclass. >>correct - Superclass can access members of the subclass. - Subclass can access private members of the superclass. Q.2 Which of the following statements is true regarding constructor inheritance in Java? - Constructors cannot be inherited in Java. - Subclasses can inherit constructors from their superclass. >>correct - Constructors must have the same name as the superclass. - Subclasses must redefine constructors from the superclass. Q.3 Can a subclass override a private method from its superclass? - Yes, it can. - No, it cannot. >>correct - Only if the subclass is in the same package as the superclass. - Only if the subclass explicitly declares the method as 'protected'. Q.4 What happens if a subclass attempts to call a non-existent method of its superclass? - Compilation error. - Runtime error. >>correct - Method call is redirected to the superclass. - No error, but the method call results in a null value. Q.5 Which keyword is used to prevent a method from being overridden? - final >>correct - static - private - super MDEIUM: Q.1 In Java, what is the purpose of the super keyword? - To call methods of the superclass. >>correct - To create a new object of the superclass. - To access static members of the superclass. - To prevent inheritance of certain members. Q.2 Which of the following is true about method overriding in Java? - Subclass can reduce the visibility of the overridden method. - Subclass can increase the number of parameters in the overridden method. - Subclass cannot change the return type of the overridden method. >>correct - Subclass can remove the throws clause from the overridden method. Q.3 Which of the following is NOT a valid inheritance relationship? - Class inheriting from an interface. - Interface inheriting from a class. >>correct - Class inheriting from another class. - Interface extending another interface. Q.4 Can a subclass constructor call multiple constructors of its superclass in Java? - Yes, but only if the superclass has multiple constructors. >>correct - No, a subclass constructor can only call one constructor of its superclass. - Yes, regardless of the number of constructors in the superclass. - No, a subclass constructor cannot call any constructors of its superclass. Q.5 What is the role of the @Override annotation in Java? - It indicates that a method is private and cannot be overridden. - It specifies that a method is to be inherited from the superclass. - It marks a method as implementing an interface method. - It indicates that a method overrides a superclass method. >>correct EASY: Q.1 Which keyword is used to implement inheritance between classes in Java? - inherit - extends >>correct - implement - inheritance Q.2 Which method is called by default when an object of a class is created in Java? - finalize() - initialize() - construct() - constructor() >>correct Q.3 In Java, can a subclass access the public members of its superclass directly? - Yes >>correct - No Q.4 Which of the following is NOT a benefit of inheritance in Java? - Code reusability - Reduced complexity - Encapsulation >>correct - Polymorphism Q.5 What is the relationship between a superclass and a subclass in Java? - Unidirectional - Bidirectional - One-to-many - Inheritance >>correct",chalel
me karto maza vala thamb jara nahi zala tar sangto mala kantal ala ahe abhyas karun hehe,chalel nahitar ashmit la sang
yes rps madhe karu na??,ho
rps.java inheritance cha zala 🫡,Great 🫡 Update on rps
rps madhec ahe na ekdam last madhe,Put it as per hashmap inputs
Ha kela te Aaj offline ahe ka??,Mahit nahi sir ranni nahi dangitla ahe *sangitla
Haa na ooiiii mala sir ne dile la assignment sang na maza laptop sign out zala tya time la T_T,make a code showing abstraction take any example
oki thx,no problem kelas ka re tu questions? ekda kishnavehi ani Mihir he bolu khe
This message was deleted Nahi re ??,I meant they are the ones who are not yet done. Krishnaveni has got the questions but has not yet put it in replet Ask mihir if he has not done it then can you do it please *?
k i will ask him to do so,Chalel
Mihir bol la karto Me tyala call var sangitla ahe kai karayacha,chalel
Bro mala aaj late hoil join karayala,thik ahe sangto me siranna na
bro offline kadhi honar ahe?? *offline lecture,offline? sir bolle ahet ka? mostly sunday
haa kahitari tuesday la ig confirm karun sangto,Sir bolle? Kadhe?
Ho Monday la blat hote na sir Me ashmit la vicharnar hoto pan ut ahe na tyachi Msg takun deto,chalel
tu vichartos ka maza lecture chalu ahe,konala?
ashmit maybe aum la vichar,kai? offline ahe ka?
ho,sir rangtil na offline ahe mahanun chill
haa pan ek juna friend yenar ahe maza gudi padva la tar tevha asla tar vande ahet,ekda sir ranna vicharu
me ahe robotics chya lecture madhe vicharun gheto mugh,Chalel
sir te offline session cha sunday la sangtil or maybe later btw tula kandivali madhe counseling kuthe hote te mahiti ahe ka,"🎯  *MISSION ENGINEERING !!!* Catch 25 invites students to attend an offline seminar on: *Only for Engineering Aspirants* with *one parent* compulsary *""BRANCHES OF ENGINEERING""* *This seminar will give you insights & complete idea about different branches of Engineering, Various colleges, Cut-offs and Selection Criteria* 📒 *Contents of seminar:* 1. Understand the various branches of Engineering (Computers, Electronics, Artificial Intelligence, Machine Learning, Mechanical, Chemical, etc) 2. Engineering colleges in Mumbai (Govt, Private, Autonomous, etc) 3. Documents that you need to keep ready for Engineering admission 4. Interactive Question Answer session 🟠 Compulsory for all Engineering Aspirants 🟠 ➡️Date : *16th March,2024 - Saturday* ➡️Time: *11 am* ➡️Venue: *JES COLLEGE AUDITORIUM* https://g.co/kgs/Rge3VY JES College ,Near Ismail colg ,Station for Road ,Jogeswari east ,Mumbai - 400060 It was here last time"
ohhh ya velis kandivali la na sir bol le address send kartil,velis?
this time = ya velis hinglish hehe 😂,😅😅 buddy 6.30? tu kuthe raha tos?
chunabhatti late hoil na nahitar,yevada lamb ahe?
kahi dusra way asel tar sang ho time vachel apla,train is best bus ne ajun vel hoyel
haa luckily megablock nahi ahe western la,ho tu bone thambanar ahe ka? sessions?
plan tar nahi ahe sir ne bola la tasa maghi pan exam ahe monday la,are ha tare yeto ahes?
tughi pan ahe?? sir ka hukum sar aakho par🫡,sai ahe
😂😂,exam tar kai har sunday la hote
new quest ahe XD,*monday bet your life on it
those snacks better be worth this 🤞🏻😂,The only thing we want from that session
international speaker pan yenar ahe na useful asel vat ta mugh tar 🤞🏻,Sir was saying he is a really good speaker Telhe eksath dadar la milnar ahot na?
yes,Devansh la mahit ahe ka?
ha grp var takla na tyane react pan kela,Chalel
takto tari ekda msg,Me takla message tyala
XD me pan just takla,😂🤦‍♂️ Me bandra la chadel Nahitar mala ulta padel
Ok chalel Mugh kandivali pasun ekatra jau,Chalel 7.30 parenta kandivali la pochacha ahe na?
Hoo,Bhaiya  ahet ka session madhe?
rejoin karat hote te,Acha Me lagg hoto ahe Simulation and zoom is too much for my laptop
ohhh heavy driver hai flutter,baggna me meeting chya baher alo
Bro mala parat sangu shaktos ka kai karayacha ahe Sir ni kaam dile la techyat laksha hota maza😅,Today's discussions: 1) Make 3 different screens from the image send in group 2) Make a drive folder and save all your assignment folders their. Send me the link for that drive folder.
Assignment folders meaning??,Make a drive folder to save all your future and current assignments Sir will check through thar link *that
.dart file = assignment file??,If you have make multiple .dart files for assignment then the whole folder or else just .dart file Along with pictures if you wish Tho I would say make a universal folder Give me the link of universal folder
Ohk,Then just add flutter folder of your project In that universal folder
Haa universal folder ke andar kya hoga vo jan na tha Yup,Your flutter folders of assignment If you want add images of screens
Me actually new screens banavto ahe as per the tasks given Class homeScreen() sarkha,Then add the folder
Bro borivali la kadhi pochaicha ahe??,5.30 parenta Yenar ahes ka?
Maza 4:45 paranta lecture ahe Professor la sangun pavkar nighto,Borivali station la Bhag kiti vel lagel Tula yenya sathi?
45 min Wadala pasun nighel,Chalel aramat ye Me lavkar bolavto ahe Karan sir bolle jara lavkar yaa nahitar gardi hoyil
7 la chalu honar ahe na vat ta Karan ki sir bol le 2hr asel Ani 9 paranta asel Mugh 7 to 9🤔,Sir rancha message
Ohk,8104066957 Ravi Pande Sir's number vinayak sirrani kaal dilela ha number tya number varti message karaycha aahe ki  I am ready for database and notes updates Tu pun hotas na jeva sir database cha sangat hote? Ajun kon hota?
Me navhto vat ta Sir ne grp var msg kele la te baghitle la fakta,Acha chalel Tula karaycha asel tar message tack tya sir ranna
Kadhi paranta msg karu shakto??,Bhag ajj kar. Mala kaustubh ne sangitla
K baghto bro free ahes ka??,ho bol sorry jevat hoto
Python doubt,Kai ahe doubt?
te sir la vicharat hoto na to,Kai hota doubt pun? 😅 Me navta ekala hota
"doubt vihcharaicha chance nahi dila sir ne ```def update_list(lst): print(f'Before update {id(lst)}') lst[2] = 45 lst[0] = 65 lst.append(32) print(f'After update {id(lst)}') return lst def change_list(lst): print(f'Before change_list {id(lst)}') lst = list(lst) print(f'After change_list {id(lst)}') return lst my_lst = [33, 44, 55, 32, 22, 67, 78] print(f'memory address of my_lst is {id(my_lst)}',end="" --line 16\n"") print(update_list(my_lst),end="" --line 17\n"") print(my_lst,end="" line 18\n"") print(change_list(my_lst),end="" --line 19\n"") print(f'here we are returning tuple and accessing it\'s address {id(change_list(my_lst))}',end="" --line 20\n"") print(type(change_list(my_lst)),end="" --line 21\n"") print(my_lst,end="" --line 22\n"") print(type(my_lst),end="" --line 23\n"")``` <This message was edited> ha code run kar tula kalel doubt *s* line 20 madhe cha output madhe joo address ahe ani tychya next line cha jo address ahe te doni same ahet but different asayala hava sry previous nvm clear zala",tu yede print kele ahes ke ata kahis samjat nahi ahe
🥹👍🏻,only print what your doubt is and send me
nai rahude mala samajla,nahitar tujhe doubt shodyala vel lagel chalel
thx 😁👍🏻,breakout room no3
https://drive.google.com/drive/folders/17dQ7VYMT56HBuzDLRoeAGSCgkY4rGpcY?usp=sharing Link for L3PP assignments/projects let me know if it works docs madhe output screenshots update karnar ahe thodya velat,add kela ahe me takshil message
Yes,Android cha session join kar please
"Thx bro sangitlya badhal, me 9 samajle la🫶🏻",no problem mahanun me ahe na. 😊
bro apla l3pp cha assignment kai ahe sangtos ka?? aplya la sagle* widgets use karun kahi tari banvaicha ahe?? ki te contacts cha app banvai cha ahe??,"add alert, snackbar in contact assignment"
Me late join karel,kare?
Abhyas🥹 Exam nahi sample,acha join karun thev <This message was edited>
Haa Bro me aaj late yeil ani maza video pan chalu nahi karu shaknar Papa chi retirement trip/ party plan keli ahe,Chalel Lecture chalu jala ahe Please let me know your statues regarding the timer assignment
chalu nahi kela T_T,Are join karala call kelela. Nantar pahila tu ahes
"haa, tyamule call back pan nahi kela",null You deleted this message
L3PP nahi ahe ka?? breakout room 4 madhe yayla sang,are sorry majya lashat nahi ala ke 8.30 jale thanks
XD,😅 Sir ghetat ahe ki tu?
me only students,Okk Me 5-10 minutes madhe join karto.
Ha join karto ahe Thx👍🏻,👍
bhai laptop lock zala restart karun join karato,😅 kai re ye restart karun <This message was edited> kai zala laptop la? Join the app dev group sir has send on group and leave our current L3PP group. https://chat.whatsapp.com/EXCp7xzoJZuCydNS16Arhk Please join the group for web
Bro me join nahi karnar ahe Me baher ahe Aaj ani udya Ganpati sathi,Acha no problem Ekda vinayak sir ranna inform kar please
K Aaj bhi nahi kar paunga join Travel kar ra,Are join karun thek
Me travel karto ahe bus ne Charging is necessary,😅 Tula Android ka project badal mahit ahe ka? Ki tu absent hotas last session?
Me absent hoto Pan aplya la apla idea implement karai cha hota na,Ho pun bhaiya ne pun topic dila ahe karala
Achaa te nai mahit,Me ek meet ghevun sangto
"K chalel mera exam aur SIH ka submission hai kal, to mai aaj join nahi karunga",acha ok
Bro kaal kai shikavla te send kar na,Sir ranni flex box shekavla Flex Tutorial: https://www.samanthaming.com/flexbox30/ Yechat sarva ahe
👍🏻 Bro sir ata kai bolat hote ai ml cha?? Sessions chalu ahet ka??,Nahi
Ohk Mala vatla ai ml cha chalu zale sessions,Chalu ahet na? Sir bolat hote startup opportunity batdal *baddal Ani every Saturday sir ranncha lecture honar
nai re AI ML che thodi chalu ahet,Sir bolle te startup opportunity badal boltil when there are around 38 of JKBians Present Mala vata mostly ya Saturday la sangtil
haa are te mahit ahe,Oh ok
pan sir tula vicharat hote na AI ML che sessions kadhi ahet,Mala vatala tu navtas sorry Ahh ho
me hoto 👍🏻 Mugh ahet ka chalu??,sir ranna vicharun paha ekda
tu karto ahe ka??,web karto ahe re me
same XD,tu ekda ratri jaga ahes? exam? amcha checking ahe tar jagava lagat ahe 😅
nai te web cha course karto ahe flex cha,determination
checking?? aree time bhetla re ata mhanun,ho are eka subject che project submittion ahe udya sahe  ahe re. me tar haat pun nahi lavala ahe chal good night
GN 👋🏻 ha vala re,null Session join kar bro. Sir vichartar ahet kuthe ahes?
Pune madhe ahe re Disconnect hot hota sarkha,Re tu tujhe assignments excel madhe nahi bharle ahes ka? Me pahat hoto tar tuja nave nahi disla
Te course karayacha ahe te ahe ka assignment??,"https://docs.google.com/spreadsheets/d/1Sbg6sWBy5ftrNg2pOd916pUn46a13fT1sBYQUx15rIE/edit?usp=sharing Enter your assignment link here Ya chay madhe Ho Ani bakeche pun resume, car game Ani figma replica"
Te rahila ahe maghe Resume paranta zale la Room shifting Ani SIH madhe time nahi bhetla re 🥲,Are kahi nahi Mala vatala visarlas Mahanun manalo
Mala parat access maghava lagtai vat ta,😅 Open ahe mala vata
Nai re Me pan kelela open adhi,Oh mug asel Tula access nahi tar sir ranna ekda sang
Maybe sir la notification yeil,Atleast jevda jala ahe tevda link pathav.
Aaj lecture madhe sangel,Ho chalel
Haa,Chalel mug chal. Me abyasala jato Bhetu
Yess Thx 👍🏻😁,No problem 😊👍
Aaz late yeil jara Bro Android dev cha deadline kadhi chi ahe??,Mostly November
"👍🏻 Me jeun rejoin karto, baher ahe, sry 😔",Me pun
Bro L3PP chi fees cash madhe havi ahe ka??,Hore Sir bolat hoto cash is much preferable
oh me sir la vicharu ka ekda??,Ho vichar
Jara late join karel Bro aaj me sir la bhetlo Sir bol le AI ML join kar Mala details sangshil ka?? Timing vagere Ani portion zala ahe to,"AIML che timings Tuesday 9PM - Main session Saturday 7PM - Practice session Portion completed Numpy, pandas, matploylib completed <This message was edited> Tu web madhe pun ahes na? Disath nahes re tu ajj kal. Kai jala ka?"
Thx Bhai 🥹🙏🏻 Aaj join karu na 9 la??,Aaj? Ka? Tuesday la
Oh 😂😂 Mala vatla Tuesday ahe Ig I can't wait for AI ML 😂😂,😂😂 You deleted this message thamb join karu nako direct sir bolle ahet ka group join karala? nahi tar sir mala oradtil
Vicharla nai,You deleted this message Ekda vicharun ghe ki sir add kartat ahet ki link pathavu
Yess Bro aaj web dev cha lecture kitivasta cha ahe??,Sir rangtil group var Mala he idea nahi ahe
Ohk,Tujya group members la call lag please
yes bro aaj cha AI ML session??,mostly hoil no messages na
ohh,hona sir tar kahi bolle nahi
haa baghu msg ala tar,ho chal abyas karu to parenta kahi kela nahi ahe ajun mostly <This message was edited>
same XD,tuja tar thik ahe autonomus chill kar
haa te tar ahe full portion kela ahe re thoda kami chill 😂😎,😅😂 ho chal mug all the best
meeting madhe ahes ka ata??,nahi re
k,sir bolle ka thambyala?
all the best to u too 👍🏻,bhende mala vatla 6.30 jale ahet. majya ghar cha clock 30minutes maghe ahe me full chill madhe laptop shut down karun baslo ahe
areeeeee 😂😂,kelas ka re register?
Haa webdev ahe udya??,ho dada bola to revision ghenar ahe
ohk ani AI cha??,no idea me nahi vicharla ahe ajun
achaa tula kahi kala la tar sang 👍🏻,Ho chalel
AI ML chalu ahe ka??,Check nahi kela pun message nahe ala ahe
Haa Bro Rushikesh sobat bolna zale la web dev sathi... To bol la tyala sodaicha ahe classes Sir la sangu ka ekda??,Me bolto tyacha she Kahi bola ka to reason?
"Nai na Clear nahi bolat hota ""Man nahi hot"" bola la",🤦‍♂️ sang sir ranna mala vatla ligit reason asel
same bro mala sir sobat bolaicha hota me sir la DM kela pan sir busy astat tr sir read nahi karat purna any idea sir che lecture kadhi astat online?? lecture zala ki sir sobat bolel,Monday Thursday la. Pun best Sunday la asel offline Kiva sky nantar
ohk thank u ❤️ AI ahe??,meeting madhe nahi ahet koni maybe next week pasun
haa kadachit Joining?? Aaz ahe ka ai ml??,mahit nahi re koni join nahi kela ahe
Bro web dev cha assignment kai ahe?? Me visarlo 🥹,Restaurant website with domain *dom
Te tar last time cha hota na,Fata don janani kele hote Mahanun sir bolle sarvani kara
Ohk Me maza laptop room var visarlo🥹,😅
Ata gava la Pentium vala desktop ahe 🥹,Lamb ahes ka room vun?
Try Karel tya var,Ha maja kar Pentium var
Haa gava la 😭😭😂😂 bro mala dom.html pathav na WebDev chya grp madhun mala error yeto ahe download kartan na <This message was edited> thx 🙏🏻,My pleasure
Bro web dev chya api vala assignment chi submission date kai ahe??,This Sunday
ohk 👍🏻 Late join karel,Me pun
Oh 😆 Bro pan 7 vasta tar ai-ml asel na,Ho me aum la bolo ahe sir ranna vicharala. Bhaguya
Bro aaj ajun lectures ahet ka??,practice with coordinator wala
Ohk Jara travel karnar ahe aaj Mhanun,tuja git jala ahe na barobar? any issues?
Haa Me Android chya time la kele la Ya lecture madhe insights ale ahe ajun,acha mug no issues jar kahi doubt asla tar mala kiva aum la vichar chalel
👍🏻,https://docs.google.com/forms/d/e/1FAIpQLSd1Kh5mig5gOVyTt-kC2MgUfsDubnkEWOamBTV5cxeWenNEMA/viewform?usp=header https://www.youtube.com/watch?v=p2-2j2EYpNE You deleted this message
zala ka kaam karun?? hmmm,are we have to send the question-answer and the prompt given by sir to chatgpt via api call andthen show the data in pdf format
"ohhh mhanje form data ghyaycha Ani gpt la promt format madhe dyaycha, right?? mugh output user la dakhvaicha",https://drive.google.com/drive/folders/1m77pfP6LuEaOvMUJ6Kpypao19BVUKDPr?usp=drive_link ho
req send keli kai ahe??,"ho folder ahe for the form and sheet with response folder try karun baug tu pan Please provide the following information to receive personalized career suggestions: 1. Your Name: Ans : 2. Grade/Standard (10th or 12th): Ans: Marks in my last exam subj wise Ans: 1) 2) 3) 4) 5) 6) 3. Subjects/Stream you're currently studying: 4. Favourite Subjects (and why): My favourite Subjects is Because 5. Hobbies/Activities you enjoy outside of school: 6. What skills do you believe you're good at? (e.g., communication, problem-solving, creativity, etc.): 7. Which of the following areas excite you the most? (Pick up to 3): Science & Technology Business & Management Medicine & Healthcare Arts & Design Media & Entertainment Law & Government Social Work & Community Service Sports & Fitness Data & Analytics Others (Please specify) 8. What are you most curious about in the world around you ? 9. Define any one problem in the world that u are most concerned about which you think given opportunity you'll fix that. 10. What kind of work environment do you see yourself in? (e.g., Office, outdoors, lab, creative studio, etc.): 11.  Any specific career paths you're currently considering: 12. Your long-term goals (if any) or dreams for the future : Considering all questions and answers above give me a summerised career option for me . Don't confuse me with a lot of options. Tell me, best ones for me . If you need more information, ask follow-up questions. Act like a professional career coach. Do consider industry availability in my country. Where are most career opportunities available for that industry in my country. Best institutes that I should consider for the same preferably near my location,  if not then anywhere in india. What should I prepare based on my current education for the suggested career? Any entrance test I should prepare for suggested career along with relevant website links for it. Eligibility for entrance test and career options. Cut off marks or score of last year for that course admission and how much I should aim to score in my current grade to be eligible for entrance and course. try karun bhag chalto ahe ka? pdf nahi banat ahe bhug karta yeta ahe ka tula"
banat hota na adhi pan mala nai vatay sir la he pahije hota 😅,maje? You deleted this message 😅
call karto ahes ka??,Ye vicharat hoto
"https://youtu.be/wy7HnoSMyeA?feature=shared ha, apan ardha kela hota at that time <This message was edited>",oh acha
me ratri join karto ghar che sagle baher jat ahet zala ka project??,nahi
ahes ka meet madhe??,ha
got mail 🥳🥳 but no open 😖,ho karto ahe few adjustments sangto me tula
👍🏻,or it is not in pdf
maybe not in pdf,ha docs madhe perfect ahe
Google kar ek example code ahe ka te bagh me pan baghto,ho Shivam ikna me zopto ata
ha ha,me purna divar hech karat hoto
aaj divas bhar kaam kela ahe,sakale bhagto me.
haa,tu basto ahes ka?
u deserve some rest 👍🏻 ho pan phone madhe nahi hot ahe baghaila,https://stackoverflow.com/questions/70294138/pdf-attachment-corrupted
zoom hota direct,he ekda check kar no issues
mala ekda code send kar na plz,"zoop tu pan function onFormSubmit(e) { const responses = e.response; const usercharesponse = responses.getItemResponses(); Logger.log(""user-response: "" + JSON.stringify(usercharesponse)); let userChaResponse = []; usercharesponse.forEach((item) => { const response = item.getResponse(); userChaResponse.push(response); Logger.log(response); }); const careerData = { ""Your Name"": userChaResponse[0], ""Grade/Standard"": userChaResponse[1], ""Marks in my last exam subj wise"": userChaResponse[2], ""Subjects/Stream you're currently studying"": userChaResponse[3], ""Favourite Subjects (and why)"": `My favourite Subjects is ${userChaResponse[4]} Because ${userChaResponse[5]}`, ""Hobbies/Activities you enjoy outside of school"": userChaResponse[6], ""What skills do you believe you're good at?"": userChaResponse[7], ""Which of the following areas excite you the most?"": userChaResponse[8], ""What are you most curious about in the world around you"": userChaResponse[9], ""Define any one problem in the world that u are most concerned about which you think given opportunity you'll fix that"": userChaResponse[10], ""What kind of work environment do you see yourself in?"": userChaResponse[11], ""Any specific career paths you're currently considering"": userChaResponse[12], ""Your long-term goals (if any) or dreams for the future"": userChaResponse[13] }; const prompt = `Considering the following responses, provide a summarized career option for ${userChaResponse[2]}. Respond like a professional career coach. Q&A: ${JSON.stringify(careerData)} Consider industry availability in India. Also, suggest best institutes for this career near my location or in India, including entrance tests and eligibility structures.`; Logger.log(prompt); function generateContentWithGemini(prompt) { const apiKey = ""AIzaSyAvOF_3VkQLvSBHw_BfPW121Mewyn1zQE8""; // Replace with your actual API key const apiUrl = `https://generativelanguage.googleapis.com/v1/models/gemini-1.5-flash:generateContent?key=${apiKey}`; const payload = { contents: [{ parts: [{ text: prompt }] }] }; const options = { method: ""post"", contentType: ""application/json"", payload: JSON.stringify(payload), }; try { const response = UrlFetchApp.fetch(apiUrl, options); const responseData = JSON.parse(response.getContentText()); Logger.log(""API Response: "" + JSON.stringify(responseData)); return responseData; } catch (error) { Logger.log(""Error calling Gemini API: "" + error.toString()); return null; } } const result = generateContentWithGemini(prompt); if (result) { const generatedText = result?.candidates?.[0]?.content?.parts?.[0]?.text || """"; Logger.log(""Generated Text: "" + generatedText); if (generatedText) { try { // Step 1: Create PDF content directly const pdfContent = ` Career Guidance Report ----------------------- Generated by Our Career Guidance System ${generatedText} `; // Step 2: Convert the content to a PDF Blob const pdfBlob = Utilities.newBlob(pdfContent, ""application/pdf"", ""Career_Guidance_Report.pdf""); // Step 3: Access respondent's email address const emailAddress = responses.getRespondentEmail(); Logger.log(""Respondent Email: "" + emailAddress); if (emailAddress) { // Step 4: Send the PDF as an email attachment MailApp.sendEmail({ to: emailAddress, subject: ""Your Career Guidance Report"", body: ""Dear respondent,\n\nPlease find attached your personalized career guidance report.\n\nBest regards,\nCareer Guidance Team"", attachments: [pdfBlob], // Attach the generated PDF content }); Logger.log(`Email successfully sent to ${emailAddress}`); } else { Logger.log(""No email address found for the respondent.""); } } catch (error) { Logger.log(""Error generating or sending the PDF: "" + error.toString()); } } else { Logger.log(""No generated content available for the PDF.""); } } else { Logger.log(""Failed to generate content from the API.""); } }"
thodya velat 🫡,most probably it is how we are sending pdf or making pdf since data is perfet or the thing we are using to make pdf is just bad
I think the problem is in utilities.newblob,yaa search for it
maybe some changes there... on it,function search karun bagg Success. Changed the pdf to doc link and it works
noice form bharu ka??,are email madhech takyacha ahe ani prompt better karava lagel
haa me pan tech vichar karat hoto tyala output pan specify karuya,Bhar ekda form Ani mala pathav Email
👍🏻,Kai jala?
kela just,Check kar email Mala pun pathav email
"Dear respondent, Please find below your personalized career guidance report generated by our system: Career Guidance Report Generated by Our Career Guidance System Shivam, Based on your responses, a strong career path for you in Science, considering your interests and India's job market, would be **Software Development/Data Science within a Startup environment**. Your love for math (motivated by gaming), coupled with your skills in problem-solving, creativity, and interest in the latest technologies, aligns perfectly with the demands of these fields.  The “easy information availability” curiosity points towards a knack for learning and adapting to new technologies – crucial for success in software development and data science. Your desire to improve the science and technology field further reinforces this direction. **Career Path Breakdown:** * **Software Development:**  This involves designing, coding, testing, and maintaining software applications.  The startup environment provides a dynamic and fast-paced work setting, allowing for quick learning and significant contributions. * **Data Science:** This field focuses on extracting insights from large datasets using statistical techniques and machine learning algorithms.  Your problem-solving skills and interest in technology are highly relevant here.  Many startups heavily rely on data-driven decisions, creating high demand for data scientists. **Best Institutes in India (general suggestion - requires knowing your location for specific recommendations):** To pursue these careers, consider these prestigious institutes (Note:  Location-specific recommendations require your city/state): * **Indian Institutes of Technology (IITs):**  Offer excellent B.Tech/M.Tech programs in Computer Science and related fields.  Entrance exams are the highly competitive JEE Advanced.  Eligibility usually involves passing the JEE Main first. * **Indian Institutes of Information Technology (IIITs):**  Provide strong programs in computer science and related areas. Entrance exams vary by institute, some using JEE Main scores, others having their own entrance tests. * **National Institutes of Technology (NITs):**  Also offer good programs in computer science and related disciplines.  JEE Main is the primary entrance exam. * **Other Reputable Universities:**  Numerous private and state universities offer excellent computer science and related programs.  Check their websites for specific admission requirements. **For Data Science specifically:** Several institutes offer specialized Master's programs in Data Science. Look for programs at the IITs, IIITs, and other top universities.  These might require a bachelor's degree in a relevant field (computer science, mathematics, statistics) and often involve entrance tests or interviews. **Entrance Test and Eligibility:** The eligibility criteria and entrance exams will vary by institute and program.  Generally, a strong foundation in mathematics and science in your 12th-grade results is crucial.  Many institutes use entrance examinations like JEE Main (for B.Tech) and GATE (for M.Tech) or specific entrance tests for specialized programs. **Next Steps:** 1. **Research:** Explore the curricula of different institutes and programs to find the best fit for your interests and goals. 2. **Location:**  Provide your location (city and state) so I can provide more specific and relevant recommendations for institutes. 3. **Entrance Exam Preparation:** Start preparing for the relevant entrance exams well in advance. 4. **Networking:**  Attend career fairs and workshops to learn more about the industry and connect with professionals. Remember, this is just a starting point. Further exploration and focused research will help you solidify your career path.  Good luck! Best regards, JKB Team tula forward hot nahi ahe Ani ha, email send kela tar tughya mail yeto ahe ownership change kela tar change hoil ig","ho mostly Dear respondent, Please find below your personalized career guidance report generated by our system: Career Guidance Report Generated by Our Career Guidance System Amey, Based on your responses, your strong academic performance in science (especially with a near-perfect score!), coupled with your passion for space and interest in asteroids, points towards a career in *Aerospace Engineering* or a related field like *Astrophysics*.  Your stated interest in creativity and problem-solving aligns well with the innovative nature of these disciplines.  The desire for an outdoor work environment is less common in pure astrophysics research, but applicable to certain aerospace engineering roles.  While your mention of ""money"" as a career path consideration is understandable, it's crucial to focus on aligning your passion with your profession.  High earning potential certainly exists within these fields, but it shouldn't be the sole driving factor. Considering the Indian context, there's significant growth in the aerospace and space exploration sectors.  However, it's a competitive field. *Career Options & Institutes:* 1. *Aerospace Engineering:* This is a broader field encompassing design, development, testing, and production of aircraft, spacecraft, missiles, and related systems. * *Institutes (India):*  Indian Institute of Technology (IITs) – Bombay, Delhi, Kanpur, Kharagpur, Madras, etc., Indian Institute of Space Science and Technology (IIST), Thiruvananthapuram, and other NITs (National Institutes of Technology) offer excellent Aerospace Engineering programs. * *Entrance Exams:* JEE Advanced (for IITs), JEE Main (for NITs and other participating institutes), and the IISc entrance exam for IISc Bangalore (though their specialization might not be strictly aerospace). Eligibility is typically 10+2 with Physics, Chemistry, and Mathematics. 2. *Astrophysics:* This field focuses on the physical properties and evolution of celestial objects and the universe.  This requires very strong mathematical and physics foundations. * *Institutes (India):*  IITs (especially those with strong physics departments), IISc Bangalore, and the Tata Institute of Fundamental Research (TIFR) are top choices. * *Entrance Exams:*  Highly competitive entrance examinations vary per institute but usually require a strong background in physics and mathematics. Some institutes offer integrated Ph.D. programs after a bachelor’s degree. *Next Steps:* 1. *Strengthen your foundation:* Focus on Physics and Mathematics in your remaining 12th standard year.  Excel in your board exams. 2. *Research specific areas:* Explore different subfields within aerospace engineering and astrophysics to pinpoint your precise interest (e.g., orbital mechanics, propulsion systems, astroparticle physics, cosmology). 3. *Prepare for entrance exams:* Start early.  Familiarize yourself with the syllabus and exam patterns for your target institutes. Coaching centers can be helpful, but self-study and consistent effort are crucial. 4. *Network:*  Attend workshops, seminars, and webinars related to aerospace and astrophysics to gain insights and connect with professionals. Remember, Amey, your ""money"" aspiration is achievable through dedication and hard work in these high-demand fields.  However, focusing on your genuine passion will make the journey much more rewarding and fulfilling. I advise you to explore both Aerospace Engineering and Astrophysics further, weighing the pros and cons of each based on your evolving interests. Best regards, Career Guidance Team Shivam yachya formatting cha ekda bhagshil ka please? ** ** chya instead it should be bold Readability nahi ahe ekdam"
haa,me tula email pathavla ahe
ha bughto 2 min,Chalel no issue
apan kuthla api ise karto ahe??,"gimini Please provide the following information to receive personalized career suggestions: 1. Your Name: Ans : 2. Grade/Standard (10th or 12th): Ans: Marks in my last exam subj wise Ans: 1) 2) 3) 4) 5) 6) 3. Subjects/Stream you're currently studying: 4. Favourite Subjects (and why): My favourite Subjects is Because 5. Hobbies/Activities you enjoy outside of school: 6. What skills do you believe you're good at? (e.g., communication, problem-solving, creativity, etc.): 7. Which of the following areas excite you the most? (Pick up to 3): Science & Technology Business & Management Medicine & Healthcare Arts & Design Media & Entertainment Law & Government Social Work & Community Service Sports & Fitness Data & Analytics Others (Please specify) 8. What are you most curious about in the world around you ? 9. Define any one problem in the world that u are most concerned about which you think given opportunity you'll fix that. 10. What kind of work environment do you see yourself in? (e.g., Office, outdoors, lab, creative studio, etc.): 11.  Any specific career paths you're currently considering: 12. Your long-term goals (if any) or dreams for the future : Considering all questions and answers above give me a summerised career option for me . Don't confuse me with a lot of options. Tell me, best ones for me . If you need more information, ask follow-up questions. Act like a professional career coach. Do consider industry availability in my country. Where are most career opportunities available for that industry in my country. Best institutes that I should consider for the same preferably near my location,  if not then anywhere in india. What should I prepare based on my current education for the suggested career? Any entrance test I should prepare for suggested career along with relevant website links for it. Eligibility for entrance test and career options. Cut off marks or score of last year for that course admission and how much I should aim to score in my current grade to be eligible for entrance and course."
samor kahitari ahe vat ta na,ye format mathe try karun bhag manje
gemini --?? gemini_____??,ah no idea will have to check the docs AIML attend karacha ahe ajj web nahi
👍🏻 bro mala Atharva Arekar cha number hava ahe ani Akanksha Pandey Satyendra sir chi wife ahe ka??,Sir ranna chya wife cha satyendra sir ranna vichar Atharva Arekar Jkb Junior.vcf (file attached) Ha ahe ka check kar. Sure nahi ahe
👍🏻 thx bro bro apan banglore la pochlya nantar kuthe janar ahe??,Channai
ayooooo khara??,Nahi re. Jar sarve bolle tar metro madhe direct center Kiva ola direct center <This message was edited>
achaaa https://www.google.com/search?q=scrcpy&client=ms-android-oneplus-terr1-rso2&sca_esv=3601aab352553dda&sxsrf=ADLYWIKKLdn8bBSo2TMSgt8fAoZ8fF8myA%3A1735565580110&ei=DKFyZ5KuBuaLnesPgc6g6Ac&oq=scrcpy&gs_lp=EhNtb2JpbGUtZ3dzLXdpei1zZXJwIgZzY3JjcHkyChAAGLADGNYEGEcyChAAGLADGNYEGEcyChAAGLADGNYEGEcyChAAGLADGNYEGEcyChAAGLADGNYEGEcyChAAGLADGNYEGEcyChAAGLADGNYEGEcyChAAGLADGNYEGEcyDRAAGIAEGLADGEMYigUyDRAAGIAEGLADGEMYigUyDRAAGIAEGLADGEMYigUyDRAAGIAEGLADGEMYigUyDRAAGIAEGLADGEMYigUyDRAAGIAEGLADGEMYigUyDRAAGIAEGLADGEMYigUyDRAAGIAEGLADGEMYigUyDRAAGIAEGLADGEMYigVI0w9QxQ5YxQ5wAXgBkAEAmAEAoAEAqgEAuAEDyAEA-AEBmAIBoAIXmAMAiAYBkAYRkgcBMaAHAA&sclient=mobile-gws-wiz-serp bro mala web dev cha HW che ss send kar na me ghetle le pan save nahi kele T_T,Me pun nahi Ghetla Me memory game ghelto ahe ata
vaaa ata lecture ahe na 5:30 la,Ho
me don min madhe rejoin karto,chalel
me late join karel Robotics madhe ahe,Chalel Me sir ranna sangto
Web ahe na aaj??,message tar nahi ahe. tar join karun pahava lagel
nai ahe ka ML??,Mahit nahi bhaiya cha nahi message nor reply Mahanun me leave kela Ekda sir ranna vicharala lagel
haa,Are ekna. Tumche robotics che sessions kadhe hotat?
mostly weekend madhech hotat pan kadhi kadhi ka kai zala??,Acha chalel. Thanks Nahi re just curious
achaa tula interest ala tar sang shikavto tula 😁,Naki Mala avadel
me ya Saturday la Nerul la janar ahe yetos ka?? tithe karu robotics,Nakore. Fee nahi bharle ane yena barobar nahi vata
me tar asach jato ahe abhyas karayala,Javar ahe ka tula?
nai tevdha nai bro last session mai kya sikhaya tha?? web mai,express routing
yess,null null jkb.poonam@gmail.com jkbjgd123 Tujya purta thek. Shar nako karu
👍🏻 me late join karel internship varun nighto ahe,Chalel join kar
aaj jaicha ahe ka Nerul la??,are ajj GATE che exam ahe majhe 😅 nahi honar jyala
achaa all the best bro,Thank you
bro te CRUD operations on users zalya nantar kai karicha ahe??,sort and search
are ha te rahila 🙆🏻‍♂ ha pan in general nantar kai?? swaraj dada la inform karaicha hota vat ta na??,Deploy karun link share kar
👍🏻,Swaraj dada said to share your hosted website as well as got repo with him for jkb website
👍🏻 ratri karto ata buzy ahe jara,Ho chalel Dada bola ahe udya parva parenta karun pathava
achaa bro te 10 che grp kadhi karaiche??,Join kar main meeting
ha kai timing tharla mugh??,4 la You deleted this message
yup yeto ahes ki nai??,Ho alo Would you be fine if we have a AIML session on Saturday?
"yess, i will be outside at that time but will manage 👍🏻",Ajj 6-9 chalel ka session?
maza robotics cha session ahe,Oh mug 7-10 wala?
7-10 chalel ig mobile battery is dying yo te API val task madhe kuthle kuthle APIs use zale ahet kuthly kuthly pages madhe te sangaicha ahe na zalya nantar swaraj bhaiya la DM karaicha ahe ki grp var taku shakto,Personally pathav
ohk ani he 8 ppl valya grp madhe pan sangaicha ahe ka??,Manje?
te aple grps ahet na <This message was edited> jyan la gheun aplya la ek replica build karicha ahe te,Ho barobar He Kai bolto ahes tu?
kai nai sod ya grp sobat discuss karycha ahe ka??,After mtw
ohk hello aika na mala ML che notes send karshil ka?? aaj che ani Sunday chya lecture che,Group var ahet for Sunday's lecture. Kal sathi me message takla.ahe null null null
charging 2%,Shivam bro kar start Mala nahi vatat ajun koni yeel
haa just a min,Ha
What exactly do you want to do If styling then you can directly target lane-car,I want to make it so that when I hover over lane-3 it should trigger a animation on lane-car to translate on lane-3 I have done it for lane-1 with lane-1+lane-2>lane-car. Tho it won't work on lane-3 #lane-2:has(+ #lane-3:hover) I tried something like this which let me change lane-2 color when we hover over lane-3
This needs js <This message was edited> I thought but yes for last element it won't work U can try keeping car absolute and out of lanes,yaa I think then it would be more better to only keep one div and translate it accordingly
Yes Is this assignment for this week,yes we have to make a car game using animations
What was taught in last session Ok 👌,animations. keyframe
Media queries?,yes that too for the website to be used in phone view as well
👍,bhaiya mera nav bar me kuch gadabad ho raha he.
Navbar ke liye kya properties use Kiya hai,Bhaiya width ka issue tha. Mene % me convert Kiya to ho gaya.
Ha 👍,Thank you bhaiya
Hii What was covered in last session,"sir told us about different frameworks in css. boosttrap, tailwind"
Only this,ho yevadach yetla last time
So use karun demo dila kay,ho tailwind ani Bootstrap sathi
Ok thanks 👍,no problem
Hii Call everyone fast,Ho
Sagle main session la pan evdha late kartat ka,Mostly call karava lagta.
Hmm,😅
Give me your email,ameypacharkar076@gmail.com
Sheet pathavli aahe tula Jynacha nav missing asel te add kar,Ho milali mala sheet Ho
Ani completed asa mark kar,Ho karto me Dada sarvanche assignments che status bharle me. Shivam ani Tanmoy che nahi ahet assignment link in the excel sir has send
Ok,"dada are there ways to use private, public like in java? how can I make my function or object private?"
There are no keywords for this But private can be implemented in other way We'll be learning about oops later,oh ok I was trying to search regarding that but the implementation was like function inside function
yes its called closures we'll be learning in upcoming sessions,ok chalel <This message was edited>
Hii Share me that attendance file later,Ho Sangto me parth la
Ha,dada datetime asta ka js madhe? current date store karachi astil tar?
Ho w3schools var bagh,milala data mahanun ahe👍
Ha,dada lets say  mala don variables return karacha ahet from a function. me karu sakto ka? ki always one return value?
Return object,oh so then we can access it via indexing
Yes with key,dada do we have to submit the book assignment as well on the google sheets?
"Yes, actually can u move that data to new sheet I forgot to tell you",with done part or with links? or keep the link one separated?
For now do for done part And add links in old sheet,ok chalel dada the new sheet is not shared with me
Ask parth U shared your email right,Yes Bolo ahe me tyala. To bola karto mahanun
Ok,Ajj sir rannacha session ahe ka? Vinayak sir bolat hote asel mahanun
Asu shakto Most probably asnar Ekda Abhishek siran na message tak Mi actually aj baher aahe so jast communicate nahi karu shakat,Chalel dada session ahe ka ata?
Ho 9:30,oh ok chalel
Sang saglyanna Ani time var yayla sang,Ho sangto me dada what is better to use for image? url link or download the image? me search kela tar cdn image boltat ahet
so the the thing is no matter what u use it depends on form where and how fast the image is served even if u download image u have to serve it when u host site so it might be better in some cases cdn is correct answer as they are content delevery network which serves data from closest server to you <This message was edited> the image is replicated at multiple places at data centers where your app users lie,interesting so is it like netlify to put images on cdn? or would I have to buy/create server of my own?
there are service providers like cloudflare it depends on use case some put whole website on cdn <This message was edited> some put only images <This message was edited>,so website would be more better since then it would reduce the ping and delay but it would cost more right?
yes correct,and images when it is like a lot of images
yes and also because images load slow due to size,tho if upload the images in cdn then host my site on netlify would it be considered for pricing or it is considered as developer mode? like in firebase?
For that you will have to look for the specs of cloud providers I haven't used one yet It is to be used for serious traffic applications On netlify u can upload images for free in files And when using cdn u actually get a link of image,i tried searching it says image storing is part of free plan and that i will have to configure the netlify to config with cloudflare's image cdn
"Yeah there might be some other ways to connect too This actually is part of cloud So it's not under web development, so even I don't have much experience with it",ah ya would it be not ideal to use it ? <This message was edited>
Yes it's used a lot actually,i thought it would be more better to search for optimised way to use images
Yes it's always good to learn,then maybe i will try configuring it for my restaurant project
U can try but this comes under advanced things But yah it might be doable Also I wanted to ask do u have exam on Saturday,ho try karun pahato he no exam is on Monday now
Ok then will keep a revision session on Saturday,chalel
Yes kar Ani sang zala tar Mi pan ajun try nahi kela so jast idea nahi,ho sangto me cloudflare try karu ka? ki dusara konte website ahe for cloud storage?
"Cdn che providers sodh, mala he mahit ahe Karan he saglyat jast use hota Ani famous aahe <This message was edited>",ah acha tho it will give api right? most likely te pahava lakel saka access karna <This message was edited>
Yes Ha cdn cha ek alternative ahe ki jevha aplyala mahit ahe ki kontya region madhe aple users ahet tevha apn cloud provider var region vise host karu shakto e.g. AWS Netlify pan behind the scenes AWS ach use karta ig,aws is? amazon cha ahe na kahe tari?
Ho Amazon Web services Hosting platform aahe He apan last la baghnar ahot,ah so cloud computing jasa?
Ha,acha bhagto me ekda try karto
So aata pasun khup sodhaychi garaj nahi Yes but direct AWS var nako jau Free providers ach bagh Bill bhari yeta 😂,nahi ofcourse providers bhagto ahe me
Yes,tho if we dont consider cdn which would be better for some scale projects? downloading the image or just put url?
U can check load times from network tab and decide,network tab? in developer tool?
As we don't know where the url one is coming from Yes,oh
On local obviously local image will load fast,"true tho if i download it, what would be the source then?"
So check on hosted site It u download and put in netlify then it comes from netlify servers,oh interesting tho it doesnt provide cdn sadly
U might find region on netlify somewhere Yes,yaa so it doesnt matter what I do. at the end of day its netlify's server or image's sever which I cant guarantee will be closer
Yes But in large scale projects we have control over this,by cdn? or by other means?
"AWS , cloudflare and many more providers Also we don't rely on single provider sometimes There is a lot that you will learn in cloud computing next sem If I keep talking now it will take hours 😂",that's interesting how much we can do to make a few seconds difference in loading time
Yes and it's very important,😂
I'll tell u my trick U can use svg type image as html and put it So images will load as fast as website Ofcourse it might take some milliseconds extra to render,tho it would be interesting to listen
I have exams too 😂,yaa tho I am thinking of using dom to render the whole object as parts
Nice,like I made one container in which I will put small containers using dom and grid
Keep experimenting and exploring,so like if I add new item in object no extra html to write
Yes,yaa I am like connecting android and exploring
Nice 👍 React works similar to this U can make ur own library now Although a lot is done in react That's just basic idea We'll see react too,oh that would be last right?
Yah,so a long time
U have time go slow,thanks dada
Anytime 👍,dada how can we check for a state change on a div? like if any new elements are added in the div or removed from div?
These kind of things are easier to do in react But there is something called MutationObserver api that u can check This will help But I have never used this U can also make a function to check childList using event listeners,what is childList? it shows the children of a tag?
Yes,that would help
It's called children in this case,i see
"const container = document.getElementById('container'); const addButton = document.getElementById('add'); const removeButton = document.getElementById('remove'); // Event listener to add an element addButton.addEventListener('click', () => { const newElement = document.createElement('div'); newElement.textContent = `Item ${container.children.length + 1}`; container.appendChild(newElement); console.log('Element added:', newElement); }); // Event listener to remove the last element removeButton.addEventListener('click', () => { if (container.children.length > 0) { const lastElement = container.lastElementChild; container.removeChild(lastElement); console.log('Element removed:', lastElement); } else { console.log('No more elements to remove!'); } }); refer this this is commonly used",i was thinking of just calling a function when i add new element so to update my list of children
"thats what event listeners are for dont go for this, not important",yaa i was trying to do something like how you did with pokemon api you can add and then remove from the final list
"when ever u have doubt what is .children or .appendlist, always check the object by printing ya everything in that is mostly event listeners",yaa i was doing that since it is confusing which one is which yaa when i tried to read the div it just shows empty since it doesnt wait to be filled
because for some objects u will find nodeList or children,so i wanted to make it so that it will check  the div when each element is  added and then update the code list with new list of divs inside the parent div
yes u can do that inside event listner callback function,got it dada does the eventListener stop working if we rerender the buttons after running the evenetListener once?
It should,it doesnt tho. I think it is because when I redisplay the list it doesnt run the eventListener for the new list as a result we would have to give them eventListener again
The event listeners are kept in the memory until refresh,since it is deleting the original list and then displaying new one
But not sure about their connection to button <This message was edited>,i think they check for current existing elements which they are targeting as a result when elements are deleted they assume no elements to listen to and doesnt recheck on rerendering of the list <This message was edited>
Yes this will happen U can check code of my pokemart on github I'll have to check more about this,yaa i will do that tho it is quite interesting how we have to consider things while state changing certain elements or i made some mistake while working on the eventListeners
It's common Ull have to check by trying mostly,yaa tho we might loss some cases while working on UI dada do you have the pokemon website hosted?
Yes poke-mart.netlify.app,ho dada yours is also same. I had not made a function for the eventListener therefore it only checked once so just like you when i tried added it in a function and then calling it works fine
So did it work now,yes it is working
👍,Dada mala ajjcha session nahi attend karta yenar. Didi chya hardila ahe me. I will cover up the revision session.
Ok Cropped image use karu shaktos Karan background image varti dependent ahe na,hona ani image api varun ghetli ahe tar physically nahi change karta yenar. on the time of rendering nahi ka change karu shakto?
Tasa tar nahi honar <This message was edited> Filters use karu shakto css che but,Kutle filters? Images sathe?
Filter property aste css chi check kar online Ha,Bhagto me dada what was the value you were telling us for the media query for margin
Auto,dada for min-width value
1536px Add some padding inside too,so basically for 4k after laptop L right?
Yes,ho hota ahe. thanks
👍 Well the images are that way from server Can't really do much U can scale it inside and hide black part,yaa thats the issue
But it might cut some part of image,yaa and it would have to check for the black part as well using js wont that be ai then?
Oh so it's only for some images Can do much then,oh how would that be?
What api is that Sem links for some images,https://cdn.dummyjson.com/products/images/fragrances/Calvin%20Klein%20CK%20One/thumbnail.png https://cdn.dummyjson.com/products/images/fragrances/Dolce%20Shine%20Eau%20de/thumbnail.png should I send the images with no issues as well?
yes,https://cdn.dummyjson.com/products/images/beauty/Red%20Nail%20Polish/thumbnail.png
so its dummy api its problem of by hem,https://cdn.dummyjson.com/products/images/fragrances/Dior%20J'adore/thumbnail.png yaa yaa
when we make app we make sure all images are of same proportions cant do much here u can use any other api if u want or let it be <This message was edited>,yaa tho most probably it would be done by ai or make better api img <This message was edited>
making ai for such thing is an over engineered solution no one does that this,yaa Dada some of us have AIML session today. So we won't be able to attend today's
Oh How many students,"3 of us. Me, Aum and Shivam"
Ok fine Will still have to keep the session U guys can attend aiml,Yaa no problem. We will let you know if we have any issues while making the front end
Yes sure,Chalel.
Let these 2 know,Yes dada ajj kai ghetla?
Just asked about project status And taught closures concept,functions been declared inside another function?
Yes These functions have reference to their surrounding state,will have to check them out then
"Its just a concept, nothing new to learn in terms of code U can check on YouTube",is it related to global and local declaration of variables and how it may affect the ways certain code will behave?
Yes,I see i will check it out then
Yes,thank you dada
Hii,dada ajj tu meeting ghenar ahes ka? mala jara ek issue yeto ahe
Oh ha visarloch Gheto,karan jara design madhe issue ahe tar asach nahi vicharta yenar
Ohk Saglyana time adhi call karun bolav,me mug session madhe vicharto
Baki group coordinators na pan sang <This message was edited> Ha,😂 ho sangto
Hii Mi gemini api try karat hoto but tyatun kahi response nahi yet aahe Python code running madhe adakla aahe Gemini api use karnya sathi kay kay lagta Mi console varun ek key banavli aahe Free version pan setup kela aahe,Tu python var karto ahes ka?
Ho,Ek minute
Yes,"function generateContentWithGemini(prompt) { const apiKey = ""AIzaSyAvOF_3VkQLvSBHw_BfPW121Mewyn1zQE8""; const apiUrl = `https://generativelanguage.googleapis.com/v1/models/gemini-1.5-flash:generateContent?key=${apiKey}`; const payload = { contents: [{ parts: [{ text: prompt }] }] }; const options = { method: ""post"", contentType: ""application/json"", payload: JSON.stringify(payload), }; try { const response = UrlFetchApp.fetch(apiUrl, options); const responseData = JSON.parse(response.getContentText()); Logger.log(""API Response: "" + JSON.stringify(responseData)); return responseData; } catch (error) { Logger.log(""Error calling Gemini API: "" + error.toString()); return null; } } const result = generateContentWithGemini(prompt); ya hota maja code. ekda check karun ghe if anything is missing from yours"
Acha tu url through kela,Ho
"mala docs madhe he bhetla te use kela mi import google.generativeai as genai genai.configure(api_key=""YOUR_API_KEY"") model = genai.GenerativeModel(""gemini-1.5-flash"") response = model.generate_content(""Explain how AI works"") print(response.text)",Tu error handling ekda karun pahatos ka?
Ha baghto But api chya dashboard var baghtoy Kahi traffic nahi aala ahe Last 11:50 la ala hota Ata run kartoy Tyacha kahi nahi Navin api key try karto,Ho Pun limit nasla paheja
Ha Mi te free plan pan ghetlay,"Free: 15 RPM 1 million TPM 1,500 RPD he tyancha docs madhe hote"
Ohk,Ekda rest ni karun bhag mug nahitar. Jar dusarya api key ne nahi hot asel tar
ha baghto Navin api key ne zala 👍,asa kasa? pahele api key expire jale?
no idea maybe free plan activate karaychya adhi hoti mhanun,Maybe
Hii Udya ratri 9 la revision session sathi possible hoil ka sarvanna Aj mala revision gheta nahi yenar,Dada Sunday la abheshik sir rancha lecture asto 9 la. To ghenar ahes ka?
Ho Abhishek sir na nahi possible udya Tumhi loka kadhi nighnar aahe banglore sathi Ya sathi vichartoy,Chalel pun Monday morning la sarve bengaluru sathe janar ahet tar maybe nahi pun yevu saktil
Ok morning na,Ho Mostly tare yala paheje
Mag gheto mi 9 la,Ho chalel
Yayla hava karan session astoch apla,Barobar ahe Yetil
👍,Sir navte ghenar dada?
Ho sirach lagna aahe udya <This message was edited> I'm serious Mhanun possible nahi siran na <This message was edited>,😅 Barobar ahe
Sangat basu nako konala,Ho re. Me nahi sangat Nahi sarve lagnala jatil udya Sir ranna congratulations karava lagel nantar.
Yes,dada do we have a revision session today?
Yes 5:45,chalel
"Hii Kay zala, nantar karuya ka",Ho ekda ghari pohochala var karuya. Chalel ka?
Ho Hi Mi vicharayla visarlo Siran na vicharun snag kiti vajta yaycha te,Ho me sangto vicharun timing
Ho,sir bolle sakale sangtil
Ok,Dada sir boll meeting would be around 10PM today.
Ok,Dada maybe time will change. I will let you know regarding timing. Since few of the guys have session today.
Yah,Dada the session would be tomorrow at 10PM.
Ok,Dada parat ekda change jala. 10.45 la. Amcha session ahe mahanun.
Ok,Dada yeto ahes na?
Ha just a min Alet ka sagle,Yetat ahet. Call karto ahe.
Ok Last time cha zoom cha idea discuss kela ka siran barobar,Ho idea discuss kelela Depth madhe navta pun
But siran cha reaction kay hota Work karu shakto ka ya var,Sir bolle discuss Karu mahanun.
Ok,dada kasa karna ahe business logic cha? sessions ghenar ahe ki group study sarka
Group study type ach asnar Madhe madhe mi yenar help karayla,Oh nice. Ani code sathe mug GitHub? Ki kasa?
Github Mi yacha access dein,Ho chalel dada kadhe pasun chalu karacha  ahe?
Kadhi time ahe tumhala Ani kon kon seriously interested ahe,"Kahi idea nahi ahe. Kone kahi vicharla nahi ahe. Monday, Tuesday, Saturday, Sunday la lectures astat. Nahitar anytime."
Saturday Sunday konte lecture? Robotics?,Practice sessions and web on Sunday. Robotics cha idea nahi ekda vicharun sangto.
Ha web tar ahech But te ratri asnar Ani tya sathich he kartoy apan,Ho Sunday la full day free ahe. Only session at 9
Web cha final goal is kahi tari real world implement karna So Sunday kivha apla revision session nantar jar free asal tar tevha karuya,Dada web nantar AIML cha revision ani mug Android cha. Tar teva nahi honanar
Tu tuzya friends sobat bola Ani je actually intrested astil Tyanna ghe sobat Acha ok,Te tar ahe.
Tu kiti course kartoys aata,2
Ok Mag let's do sunday,Sarvana navta sangacha hota ka? Mala vatlela sarvana hota.
Sarvannach ahe But mi 2 years pasun baghtoy thodya divsa nantar palun jatat 😂,Facts 😂
Mhanun vichartoy actually interested kon ahe Sagle join Karu shaktat but je actually work karnar tyancha sobat jasta coordinate karu shakto,Chalel. Pun mug group var nahi vicharta yenar
Yah asa kahi bolu nako konala Sagle yetil Ani je interested astil te thambtil So fakta saglyana sangaycha try kar Sunday karu,Ho nahitar te barobar nahi vatnar.
Yes Ani tumhi 3 tar nakki asnar na,Group var nako taku join karala mug? 3 kon?
He mi siran sobat bolun Sangto ekda <This message was edited> Tya divshi mett madhele,Ho chalel. Te better ahe Oh ha me sangto. Mostly astil Doge karnare ahet karan.
So yah tumhi tigha atta just to zoom cha idea dila hota na tumhi tya var research kara Ani react baddal thoda baghun ya,Me Ani Shivam ne kela tar chalel ka react cha? Ki only basic idea?
Work actually adhi pasun ach chalu karaycha hota but mala pan jasta time bhetat nahi,Ho chalel ke sangto tyana
Yes adhi basics bagha mi Sunday la ajun idea dein,Chalel done 👍 Dada ekda sir ranna vicharun timing sangshil.
Ho actually mala pan tyancha sobat bolta yet nahi aata Tu ekda asach vichar groups cha kasa karta mhanun Sir mhanalele na groups banva mhanun,Ho bolle tar hote sir groups cha Personal var vicharu ka?
Ho vichar Ani jar possible zala tar vichar Sunday la karu ka session Mi vicharat hoto te sang,Chalel vicharto me
Yes,Dada sir pune la ahet for yes+ tar mostly te alavar boltil.
"Okk var server = http.createServer(function (request, response) { switch (request.url) { case ""/AppClientStyle.css"" : response.writeHead(200, {""Content-Type"": ""text/css""}); response.write(cssFile); break; default : response.writeHead(200, {""Content-Type"": ""text/html""}); response.write(htmlFile); }); response.end(); }","const http = require('node:http'); const fs = require('node:fs'); const path = require('node:path'); const server = http.createServer((req, res) => { if (req.url === ""/"") { // Serve index.html const filePath = path.join(__dirname, 'index.html'); try { const output = fs.readFileSync(filePath); res.writeHead(200, { 'Content-Type': 'text/html' }); res.end(output.toString()); } catch (err) { res.writeHead(500); res.end(""Error loading index.html""); } } else if (req.url === ""/restaurant_list_screen.html"") { // Serve restaurant_list_screen.html const filePath = path.join(__dirname, 'screen', 'restaurant_list_screen.html'); try { const output = fs.readFileSync(filePath); res.writeHead(200, { 'Content-Type': 'text/html' }); res.end(output.toString()); } catch (err) { res.writeHead(500); res.end(""Error loading restaurant_list_screen.html""); } } else if (req.url === ""/restaurant_details_screen.html"") { // Serve restaurant_details_screen.html const filePath = path.join(__dirname, 'screen', 'restaurant_details_screen.html'); try { const output = fs.readFileSync(filePath); res.writeHead(200, { 'Content-Type': 'text/html' }); res.end(output.toString()); } catch (err) { res.writeHead(500); res.end(""Error loading restaurant_details_screen.html""); } } else if (req.url == ""/style.css"") { // Serve CSS files const filePath = path.join(__dirname, 'styles', path.basename(req.url)); try { const output = fs.readFileSync(filePath); res.writeHead(200, { 'Content-Type': 'text/css' }); res.end(output); } catch (err) { res.writeHead(404, { 'Content-Type': 'text/plain' }); res.end(""CSS file not found""); } } else { // Handle 404 res.writeHead(404, { 'Content-Type': 'text/plain' }); res.end(""Page not found""); } }); server.listen(3000, () => { console.log('Server running at http://localhost:3000/'); }); const filePath = path.join(__dirname, ""/style.css""); Dada restaurant cha project tailwind madhe thevla tar chalel ka? Ki css madhech thevu?"
Kasa hi chalel But node madhe tailwind kasa work hota te bagh,Chalel. Dada please send the admin password and email for jkb website
Yah jkb.poonam@gmail.com jkbjgd123,Me bakichya lokana pathavto
Fakt baki 3 na,Ho sir bolle aum la pun ghyala Mug 4
Ha,Me tyala sakale sangun mug pathavto
Ha,Chalel dada good night
Good night,Dada database cha model pun pathavna please To pun lagel na
Are site var distay te use kar,Chalel
Database cha actually 2 vegla table kelay mhanun,Chalel tech gheto mug
Ha,dada ajj web cha revision session thevanar ahes ka?
Aj ratri free ahet ka sagle,Kahi idea nahi he. Mostly astil exam vagere nahi ahet tar.
Ok Gheto mag,"Ho dada dada can we make public folder in react for static images, fonts, icons just like how we make it in express?"
Yes in vite they already make one by default <This message was edited>,yaa tho it is not working for me for some reason
Remove /public from paths,I have not put /public for the links
Add / before icons,nothing changed same it is showing alternative it was working before I pushed it to git this afternoon now it shows the alternative
Just restart,jala 👍
Ok 👍,dada revision session ahe ka ajj?
Ho,Website Link:- https://jkb-website.netlify.app/ Backend Link:- https://jkb-website-a55x.onrender.com/api/users dada me repo private thevle ahe tar collaborator madhe add karu ka tula? <This message was edited>
ho,dada tuja username kai ahe?
Swaraj2004,me invite pathavla ahe tula
Ok Hii Maza nav add kar rejoin AIML madhe,noted
Hii Mi tuza ani devansh che task ale ahet Baki 2 cha Kay status ahe te sang vicharun Ani tuzya sathi ek task hota let me know when u are free,Aum ani shivam bolle te host karun pathavtil Ho bolna. Mala assignments karachr ahet te 2-3 hrs madhe hovun jaail
Ha just apla codebase share karaycha ahe tula ani thoda sangaycha ahe Baki 3 ale tar changla hoil,Ho chalel. Mala chalel kadehe. 12 la sangu ka?
Ho baki chyancha confirm karun sang ek time,Chalel Ajj 4PM la karuya. Sarvana chalel.
Ok done Aj mi revision thevla tar yetil ka Ani last time Kay cover kela hota,Ajj sir rancha pun lecture ahe. Tar idea nahi ahe yetil ke nahi
Hmm ok will keep revision some otehr day,Mongoose Ghetla sir ranni
Ok Let me know when ready,Ho join karto ahe. Me kela call yetat ahe
Ha https://www.youtube.com/watch?v=vwSlYG7hFk0 https://www.youtube.com/watch?v=qURCyd3ycfw&t https://youtu.be/bugO1tmSDpM?si=v9X2g0uKGLK3zccL,"🎊Welcome to our WhatsApp group for Your AI-ML-DS L3PP batch & Career Growth along-with the Mentorship Program by Vinayak Sir ❤️ https://chat.whatsapp.com/D6RAApLoDHL21dELBq31ZP ✅Fixed Schedule will be given in group description of WA group We have assigned 2 trainers🎊 MT : Master Trainer PT : Practice Trainer For your small batch to get 💯% productivity which will define your career growth🎊 ➡️Level up your journey, Keep practicing 💪 & ask all your doubts in *Live Session* & our WhatsApp Group. ➡️ Attend all MT, PT & Practice sessions ➡️ Submit assignment to MT &  PT in WhatsApp Group - Team JKB 💙"
null,Dada udya revision session honar ahe ka?
Tumcha ahe ka dusra konta session,aiml cha ahe pun to sir bolle choose karala timing. mahanun vicharat hoto nahi kahi janan cha robotics pun ahe
"Garaj ahe ka web cha revision chi, siran ne pan 2-3 session ghetle ahet na",Ho Chalel mug no issue
Ha Hii Aj kadhi free ahes,Sir ranni ek task dila ahe. Te jala ki hovun jail
Ok sang free aslas ki,Ho chalel
"https://excalidraw.com/#json=va80hexO6zT-FOPosZZgP,t2jTmgGeZECkSwKh_zPxQA Hii Aj kahi pan karun frontend complete karaycha ahe Backend almost zala ahe Bakichyanna sang Aj meet karuya Ani udya testing karnar",Chalel
Karan parva aplyala time nahi bhetnar mtw mule,Meeting kadhe gheche ahe?
10 la free ahat tar sanga,Group var message thaku
Ho Sahil la add kar ani,4 jana chalel na?
Ho Bas aata tevdhech,Chalel
Mi Sagla sangnar ahe so imp ahe Join kar Hii,hello
Tu karat ahes ka site cha,professor cha?
Ha,ho me setup karat hoto
Ok Zala ki sang,ho
Mi ghari pohochlyavar meet madhe yein,chalel
Python 3.9 Ani consts.py madhe db chi link tak Zala ka Ye meet madhe,"ho, frontend run karto ahe zoom?"
"Ha Yeto mi 5 mintat Frontend madhe Swaraj branch madhe ja MONGO_URI = ""mongodb+srv://swaraj:swaj2004@cluster0.pz0dp.mongodb.net/"" backend consts Hii Meet madhe ahe mi 6651e4e3cd97dc0e2208beaa http://127.0.0.1:8000/api/v1/professor/lectures?prof_user_id=6651e4e3cd97dc0e2208beae","KeyError: 'updated_at' {'_id': ObjectId('6651e4e3cd97dc0e2208beae'), 'full_name': 'Swaraj Chavan', 'username': 'swaraj2004', 'email': 'swaraj2004@gmail.com', 'password': '$2b$12$K0MJYRUmpHtmqWk.iZLu9elgB4RW2H9MJp5l5X/8gedYdOhOu2iXa', 'phone': '8080903080', 'location': 'Panvel', 'role_id': ObjectId('6615133863116bcd91feaac7'), 'created_at': datetime.datetime(2023, 5, 25, 13, 17, 23), 'updated_at': datetime.datetime(2024, 5, 25, 13, 19, 31), 'updated_by': '65da0982dcde71263736aa1a'} {'_id': ObjectId('6651e4e3cd97dc0e2208beae'), 'full_name': 'Swaraj Chavan', 'username': 'swaraj2004', 'email': 'swaraj2004@gmail.com', 'password': '$2b$12$K0MJYRUmpHtmqWk.iZLu9elgB4RW2H9MJp5l5X/8gedYdOhOu2iXa', 'phone': '8080903080', 'location': 'Panvel', 'role_id': ObjectId('6615133863116bcd91feaac7'), 'created_at': datetime.datetime(2023, 5, 25, 13, 17, 23), 'updated_at': datetime.datetime(2024, 5, 25, 13, 19, 31), 'updated_by': '65da0982dcde71263736aa1a'} INFO:     127.0.0.1:59004 - ""GET /api/v1/student/attendance?student_id=6652f3ab09b5dcd29ad95e68 HTTP/1.1"" 200 OK INFO:     127.0.0.1:59043 - ""GET /api/v1/admin/subjects HTTP/1.1"" 200 OK Dada jala ahe ka? null"
Can't talk now. Call me later? In meet,Okk
Will do tomorrow,Ok Me zhopto mug ata. Good night
Ho gn null Hii 8:30 meet yeu shaktoa ka,Dada tu free ahes ka? Mala ek issue yeto ahe mongodb cha Data nahi fetch hot ahe
Ha,Meet var chalel ki screenshot pathavu me?
Adhi ss pathav mag baghuya meet var yaycha ka mongo db madhlya data cha photo pathav restaurant property kay ahe,kutla restaurant cha menuitem item ahe te sangto. restaurant objectid ahe <This message was edited>
i think tyacha type pan object id asayla haa,ho tyavarun sort karto ahe me for menuitems
pan tu data base madhe as string thevlay <This message was edited>,🥲 kalala me 1hr shodada hoto issue me code check karat hoto.
Bagh thik karun solve zala ka,ho
"Experienced player here 😆 Atta jkb backend madhe he khup zhol hote Karan to array madhe objectid nahi taku shakat, tyat as string ash thevava lagta",Mag manual change karava lagla ka?
nahi database thk hota but ha issue hota backend la typecast karaycha,Me direct fead kela data from chatgpt
Ha,Mahanun images pun nahi ahet
Ha images sathi mostly manually karava lagel base64 madhe convert karun kivha links thevun,Ho na. Te ek kam karava lagnar ahe Atatar nahi karna te Asa way ahe ka ki sarve restaurants ka type eksath change Karu sakto mongodb atlas madhe?
are gpt la adhich list of images de web varun ani mag data banvayla sang,Oh interesting. Te charto. Purna data udavun. Mug to id pun takel accordingly
asel but mala nahi jamla kadhi neet Ha,Karto me try ani sangto
Can you tell me a little about yourself?,"Hello, I have a background of computer engineering and have been working on different software development for the past 3 years. I have hands-on experience on android-ios app development with flutter as well as mern stack web development.I have been exploring AI-ML libraries for the past 6 months. As a profession I would like to understand working of our brain and try to imitate it using AI. Personally I strive to be a better human, helping people discover their goals and how to love even small things."
What motivates you in your work?,I want to provide the best service there is for the work I  will take on. The unexplored boundaries there are in every field keeps me on edge what will be the next thing I will find.
How do you handle challenges or unexpected problems?,Breaking down challenges and analysing them calmingly helps me handle hard problems. If it gets too hard I would ask experts for guidence and follow accordingly.
What are your key strengths?,I am good at understanding problems and solving them. I am good at software coding. I can teach any topic I have learned in great depth.
What are your areas for improvement?,I am currently working on my public speaking skills as well as how to be a good listener. I am actively teaching and guiding my juniors to practice my public speaking skills.
How do you manage your time and prioritize tasks?,I will seperate the tasks based on the priority and final day of submittion and then follow the plan to efficiently complete the tasks.
What do you value most in a work environment?,I want the work environment to be transparent where we can talk and discuss with others without any judgements. Like minded people can collaborate on same idea and help in total development of the innovative ideas.
How do you prefer to communicate with colleagues?,I prefer communicating face-to-face where we can express more freely and openly.
What are your long-term career goals?,"In next 1 year, I see myself working incompany for its growth."
How do you stay updated with trends in your field?,I check youtube as well as some blocs which provide with latest technological advancements. Along with that I check for google subscriptions on the ones i use.
How do you handle constructive criticism?,I note them down and try to analyse and work on making myself better.
What do you do to relax and recharge?,I play games or watch anime to relax and recharge.Sometimes I talk with my family and friends or go play.
What makes you a good team player?,I am good at conveying and teaching people what is the requirement. I am good at communication for discussiong regarding certain project requirements.
How do you approach decision-making in high-pressure situations?,"First and foremost been calm in this situations are important. Analyse the data you have and make the approriate decision at that moment. The main part comes after that when the consequences of our decisions come, that's when it is important to follow-up with the decision."
